#pragma once
#include <Arduino.h>

// Generated from Noto Sans (OFL-1.1) by tools/generate_font.py.

const uint8_t NotoSansPl15[] PROGMEM = {
    0x00, 0x00, 0x00, 0x71, 0x00, 0x00, 0x00, 0x0B, 0x00, 0x00, 0x00, 0x0F, 0x00, 0x00, 0x00, 0x00,
    0x00, 0x00, 0x00, 0x0E, 0x00, 0x00, 0x00, 0x04, 0x00, 0x00, 0x00, 0x20, 0x00, 0x00, 0x00, 0x00,
    0x00, 0x00, 0x00, 0x04, 0x00, 0x00, 0x00, 0x04, 0x00, 0x00, 0x00, 0x00, 0x00, 0x00, 0x00, 0x00,
    0x00, 0x00, 0x00, 0x00, 0x00, 0x00, 0x00, 0x21, 0x00, 0x00, 0x00, 0x0A, 0x00, 0x00, 0x00, 0x03,
    0x00, 0x00, 0x00, 0x03, 0x00, 0x00, 0x00, 0x0A, 0x00, 0x00, 0x00, 0x00, 0x00, 0x00, 0x00, 0x00,
    0x00, 0x00, 0x00, 0x22, 0x00, 0x00, 0x00, 0x0A, 0x00, 0x00, 0x00, 0x06, 0x00, 0x00, 0x00, 0x06,
    0x00, 0x00, 0x00, 0x0A, 0x00, 0x00, 0x00, 0x00, 0x00, 0x00, 0x00, 0x00, 0x00, 0x00, 0x00, 0x23,
    0x00, 0x00, 0x00, 0x0A, 0x00, 0x00, 0x00, 0x0A, 0x00, 0x00, 0x00, 0x0A, 0x00, 0x00, 0x00, 0x0A,
    0x00, 0x00, 0x00, 0x00, 0x00, 0x00, 0x00, 0x00, 0x00, 0x00, 0x00, 0x24, 0x00, 0x00, 0x00, 0x0C,
    0x00, 0x00, 0x00, 0x08, 0x00, 0x00, 0x00, 0x08, 0x00, 0x00, 0x00, 0x0B, 0x00, 0x00, 0x00, 0x00,
    0x00, 0x00, 0x00, 0x00, 0x00, 0x00, 0x00, 0x25, 0x00, 0x00, 0x00, 0x0A, 0x00, 0x00, 0x00, 0x0D,
    0x00, 0x00, 0x00, 0x0D, 0x00, 0x00, 0x00, 0x0A, 0x00, 0x00, 0x00, 0x00, 0x00, 0x00, 0x00, 0x00,
    0x00, 0x00, 0x00, 0x26, 0x00, 0x00, 0x00, 0x0A, 0x00, 0x00, 0x00, 0x0B, 0x00, 0x00, 0x00, 0x0B,
    0x00, 0x00, 0x00, 0x0A, 0x00, 0x00, 0x00, 0x00, 0x00, 0x00, 0x00, 0x00, 0x00, 0x00, 0x00, 0x27,
    0x00, 0x00, 0x00, 0x0A, 0x00, 0x00, 0x00, 0x03, 0x00, 0x00, 0x00, 0x03, 0x00, 0x00, 0x00, 0x0A,
    0x00, 0x00, 0x00, 0x00, 0x00, 0x00, 0x00, 0x00, 0x00, 0x00, 0x00, 0x28, 0x00, 0x00, 0x00, 0x0D,
    0x00, 0x00, 0x00, 0x05, 0x00, 0x00, 0x00, 0x05, 0x00, 0x00, 0x00, 0x0A, 0x00, 0x00, 0x00, 0x00,
    0x00, 0x00, 0x00, 0x00, 0x00, 0x00, 0x00, 0x29, 0x00, 0x00, 0x00, 0x0D, 0x00, 0x00, 0x00, 0x05,
    0x00, 0x00, 0x00, 0x05, 0x00, 0x00, 0x00, 0x0A, 0x00, 0x00, 0x00, 0x00, 0x00, 0x00, 0x00, 0x00,
    0x00, 0x00, 0x00, 0x2A, 0x00, 0x00, 0x00, 0x0B, 0x00, 0x00, 0x00, 0x08, 0x00, 0x00, 0x00, 0x08,
    0x00, 0x00, 0x00, 0x0B, 0x00, 0x00, 0x00, 0x00, 0x00, 0x00, 0x00, 0x00, 0x00, 0x00, 0x00, 0x2B,
    0x00, 0x00, 0x00, 0x09, 0x00, 0x00, 0x00, 0x09, 0x00, 0x00, 0x00, 0x09, 0x00, 0x00, 0x00, 0x09,
    0x00, 0x00, 0x00, 0x00, 0x00, 0x00, 0x00, 0x00, 0x00, 0x00, 0x00, 0x2C, 0x00, 0x00, 0x00, 0x04,
    0x00, 0x00, 0x00, 0x04, 0x00, 0x00, 0x00, 0x04, 0x00, 0x00, 0x00, 0x02, 0x00, 0x00, 0x00, 0x00,
    0x00, 0x00, 0x00, 0x00, 0x00, 0x00, 0x00, 0x2D, 0x00, 0x00, 0x00, 0x05, 0x00, 0x00, 0x00, 0x06,
    0x00, 0x00, 0x00, 0x06, 0x00, 0x00, 0x00, 0x05, 0x00, 0x00, 0x00, 0x00, 0x00, 0x00, 0x00, 0x00,
    0x00, 0x00, 0x00, 0x2E, 0x00, 0x00, 0x00, 0x02, 0x00, 0x00, 0x00, 0x03, 0x00, 0x00, 0x00, 0x03,
    0x00, 0x00, 0x00, 0x02, 0x00, 0x00, 0x00, 0x00, 0x00, 0x00, 0x00, 0x00, 0x00, 0x00, 0x00, 0x2F,
    0x00, 0x00, 0x00, 0x0A, 0x00, 0x00, 0x00, 0x06, 0x00, 0x00, 0x00, 0x06, 0x00, 0x00, 0x00, 0x0A,
    0x00, 0x00, 0x00, 0x00, 0x00, 0x00, 0x00, 0x00, 0x00, 0x00, 0x00, 0x30, 0x00, 0x00, 0x00, 0x0A,
    0x00, 0x00, 0x00, 0x09, 0x00, 0x00, 0x00, 0x09, 0x00, 0x00, 0x00, 0x0A, 0x00, 0x00, 0x00, 0x00,
    0x00, 0x00, 0x00, 0x00, 0x00, 0x00, 0x00, 0x31, 0x00, 0x00, 0x00, 0x0A, 0x00, 0x00, 0x00, 0x09,
    0x00, 0x00, 0x00, 0x09, 0x00, 0x00, 0x00, 0x0A, 0x00, 0x00, 0x00, 0x00, 0x00, 0x00, 0x00, 0x00,
    0x00, 0x00, 0x00, 0x32, 0x00, 0x00, 0x00, 0x0A, 0x00, 0x00, 0x00, 0x09, 0x00, 0x00, 0x00, 0x09,
    0x00, 0x00, 0x00, 0x0A, 0x00, 0x00, 0x00, 0x00, 0x00, 0x00, 0x00, 0x00, 0x00, 0x00, 0x00, 0x33,
    0x00, 0x00, 0x00, 0x0A, 0x00, 0x00, 0x00, 0x09, 0x00, 0x00, 0x00, 0x09, 0x00, 0x00, 0x00, 0x0A,
    0x00, 0x00, 0x00, 0x00, 0x00, 0x00, 0x00, 0x00, 0x00, 0x00, 0x00, 0x34, 0x00, 0x00, 0x00, 0x0A,
    0x00, 0x00, 0x00, 0x09, 0x00, 0x00, 0x00, 0x09, 0x00, 0x00, 0x00, 0x0A, 0x00, 0x00, 0x00, 0x00,
    0x00, 0x00, 0x00, 0x00, 0x00, 0x00, 0x00, 0x35, 0x00, 0x00, 0x00, 0x0A, 0x00, 0x00, 0x00, 0x09,
    0x00, 0x00, 0x00, 0x09, 0x00, 0x00, 0x00, 0x0A, 0x00, 0x00, 0x00, 0x00, 0x00, 0x00, 0x00, 0x00,
    0x00, 0x00, 0x00, 0x36, 0x00, 0x00, 0x00, 0x0A, 0x00, 0x00, 0x00, 0x09, 0x00, 0x00, 0x00, 0x09,
    0x00, 0x00, 0x00, 0x0A, 0x00, 0x00, 0x00, 0x00, 0x00, 0x00, 0x00, 0x00, 0x00, 0x00, 0x00, 0x37,
    0x00, 0x00, 0x00, 0x0A, 0x00, 0x00, 0x00, 0x09, 0x00, 0x00, 0x00, 0x09, 0x00, 0x00, 0x00, 0x0A,
    0x00, 0x00, 0x00, 0x00, 0x00, 0x00, 0x00, 0x00, 0x00, 0x00, 0x00, 0x38, 0x00, 0x00, 0x00, 0x0A,
    0x00, 0x00, 0x00, 0x09, 0x00, 0x00, 0x00, 0x09, 0x00, 0x00, 0x00, 0x0A, 0x00, 0x00, 0x00, 0x00,
    0x00, 0x00, 0x00, 0x00, 0x00, 0x00, 0x00, 0x39, 0x00, 0x00, 0x00, 0x0A, 0x00, 0x00, 0x00, 0x09,
    0x00, 0x00, 0x00, 0x09, 0x00, 0x00, 0x00, 0x0A, 0x00, 0x00, 0x00, 0x00, 0x00, 0x00, 0x00, 0x00,
    0x00, 0x00, 0x00, 0x3A, 0x00, 0x00, 0x00, 0x08, 0x00, 0x00, 0x00, 0x03, 0x00, 0x00, 0x00, 0x03,
    0x00, 0x00, 0x00, 0x08, 0x00, 0x00, 0x00, 0x00, 0x00, 0x00, 0x00, 0x00, 0x00, 0x00, 0x00, 0x3B,
    0x00, 0x00, 0x00, 0x0A, 0x00, 0x00, 0x00, 0x03, 0x00, 0x00, 0x00, 0x03, 0x00, 0x00, 0x00, 0x08,
    0x00, 0x00, 0x00, 0x00, 0x00, 0x00, 0x00, 0x00, 0x00, 0x00, 0x00, 0x3C, 0x00, 0x00, 0x00, 0x09,
    0x00, 0x00, 0x00, 0x09, 0x00, 0x00, 0x00, 0x09, 0x00, 0x00, 0x00, 0x09, 0x00, 0x00, 0x00, 0x00,
    0x00, 0x00, 0x00, 0x00, 0x00, 0x00, 0x00, 0x3D, 0x00, 0x00, 0x00, 0x07, 0x00, 0x00, 0x00, 0x09,
    0x00, 0x00, 0x00, 0x09, 0x00, 0x00, 0x00, 0x07, 0x00, 0x00, 0x00, 0x00, 0x00, 0x00, 0x00, 0x00,
    0x00, 0x00, 0x00, 0x3E, 0x00, 0x00, 0x00, 0x09, 0x00, 0x00, 0x00, 0x09, 0x00, 0x00, 0x00, 0x09,
    0x00, 0x00, 0x00, 0x09, 0x00, 0x00, 0x00, 0x00, 0x00, 0x00, 0x00, 0x00, 0x00, 0x00, 0x00, 0x3F,
    0x00, 0x00, 0x00, 0x0A, 0x00, 0x00, 0x00, 0x07, 0x00, 0x00, 0x00, 0x07, 0x00, 0x00, 0x00, 0x0A,
    0x00, 0x00, 0x00, 0x00, 0x00, 0x00, 0x00, 0x00, 0x00, 0x00, 0x00, 0x40, 0x00, 0x00, 0x00, 0x0C,
    0x00, 0x00, 0x00, 0x0E, 0x00, 0x00, 0x00, 0x0E, 0x00, 0x00, 0x00, 0x0A, 0x00, 0x00, 0x00, 0x00,
    0x00, 0x00, 0x00, 0x00, 0x00, 0x00, 0x00, 0x41, 0x00, 0x00, 0x00, 0x0A, 0x00, 0x00, 0x00, 0x0A,
    0x00, 0x00, 0x00, 0x0A, 0x00, 0x00, 0x00, 0x0A, 0x00, 0x00, 0x00, 0x00, 0x00, 0x00, 0x00, 0x00,
    0x00, 0x00, 0x00, 0x42, 0x00, 0x00, 0x00, 0x0A, 0x00, 0x00, 0x00, 0x0A, 0x00, 0x00, 0x00, 0x0A,
    0x00, 0x00, 0x00, 0x0A, 0x00, 0x00, 0x00, 0x00, 0x00, 0x00, 0x00, 0x00, 0x00, 0x00, 0x00, 0x43,
    0x00, 0x00, 0x00, 0x0A, 0x00, 0x00, 0x00, 0x09, 0x00, 0x00, 0x00, 0x09, 0x00, 0x00, 0x00, 0x0A,
    0x00, 0x00, 0x00, 0x00, 0x00, 0x00, 0x00, 0x00, 0x00, 0x00, 0x00, 0x44, 0x00, 0x00, 0x00, 0x0A,
    0x00, 0x00, 0x00, 0x0B, 0x00, 0x00, 0x00, 0x0B, 0x00, 0x00, 0x00, 0x0A, 0x00, 0x00, 0x00, 0x00,
    0x00, 0x00, 0x00, 0x00, 0x00, 0x00, 0x00, 0x45, 0x00, 0x00, 0x00, 0x0A, 0x00, 0x00, 0x00, 0x09,
    0x00, 0x00, 0x00, 0x09, 0x00, 0x00, 0x00, 0x0A, 0x00, 0x00, 0x00, 0x00, 0x00, 0x00, 0x00, 0x00,
    0x00, 0x00, 0x00, 0x46, 0x00, 0x00, 0x00, 0x0A, 0x00, 0x00, 0x00, 0x08, 0x00, 0x00, 0x00, 0x08,
    0x00, 0x00, 0x00, 0x0A, 0x00, 0x00, 0x00, 0x00, 0x00, 0x00, 0x00, 0x00, 0x00, 0x00, 0x00, 0x47,
    0x00, 0x00, 0x00, 0x0A, 0x00, 0x00, 0x00, 0x0B, 0x00, 0x00, 0x00, 0x0B, 0x00, 0x00, 0x00, 0x0A,
    0x00, 0x00, 0x00, 0x00, 0x00, 0x00, 0x00, 0x00, 0x00, 0x00, 0x00, 0x48, 0x00, 0x00, 0x00, 0x0A,
    0x00, 0x00, 0x00, 0x0C, 0x00, 0x00, 0x00, 0x0C, 0x00, 0x00, 0x00, 0x0A, 0x00, 0x00, 0x00, 0x00,
    0x00, 0x00, 0x00, 0x00, 0x00, 0x00, 0x00, 0x49, 0x00, 0x00, 0x00, 0x0A, 0x00, 0x00, 0x00, 0x05,
    0x00, 0x00, 0x00, 0x05, 0x00, 0x00, 0x00, 0x0A, 0x00, 0x00, 0x00, 0x00, 0x00, 0x00, 0x00, 0x00,
    0x00, 0x00, 0x00, 0x4A, 0x00, 0x00, 0x00, 0x0E, 0x00, 0x00, 0x00, 0x05, 0x00, 0x00, 0x00, 0x04,
    0x00, 0x00, 0x00, 0x0A, 0xFF, 0xFF, 0xFF, 0xFF, 0x00, 0x00, 0x00, 0x00, 0x00, 0x00, 0x00, 0x4B,
    0x00, 0x00, 0x00, 0x0A, 0x00, 0x00, 0x00, 0x0A, 0x00, 0x00, 0x00, 0x0A, 0x00, 0x00, 0x00, 0x0A,
    0x00, 0x00, 0x00, 0x00, 0x00, 0x00, 0x00, 0x00, 0x00, 0x00, 0x00, 0x4C, 0x00, 0x00, 0x00, 0x0A,
    0x00, 0x00, 0x00, 0x08, 0x00, 0x00, 0x00, 0x08, 0x00, 0x00, 0x00, 0x0A, 0x00, 0x00, 0x00, 0x00,
    0x00, 0x00, 0x00, 0x00, 0x00, 0x00, 0x00, 0x4D, 0x00, 0x00, 0x00, 0x0A, 0x00, 0x00, 0x00, 0x0E,
    0x00, 0x00, 0x00, 0x0E, 0x00, 0x00, 0x00, 0x0A, 0x00, 0x00, 0x00, 0x00, 0x00, 0x00, 0x00, 0x00,
    0x00, 0x00, 0x00, 0x4E, 0x00, 0x00, 0x00, 0x0A, 0x00, 0x00, 0x00, 0x0C, 0x00, 0x00, 0x00, 0x0C,
    0x00, 0x00, 0x00, 0x0A, 0x00, 0x00, 0x00, 0x00, 0x00, 0x00, 0x00, 0x00, 0x00, 0x00, 0x00, 0x4F,
    0x00, 0x00, 0x00, 0x0A, 0x00, 0x00, 0x00, 0x0B, 0x00, 0x00, 0x00, 0x0B, 0x00, 0x00, 0x00, 0x0A,
    0x00, 0x00, 0x00, 0x00, 0x00, 0x00, 0x00, 0x00, 0x00, 0x00, 0x00, 0x50, 0x00, 0x00, 0x00, 0x0A,
    0x00, 0x00, 0x00, 0x09, 0x00, 0x00, 0x00, 0x09, 0x00, 0x00, 0x00, 0x0A, 0x00, 0x00, 0x00, 0x00,
    0x00, 0x00, 0x00, 0x00, 0x00, 0x00, 0x00, 0x51, 0x00, 0x00, 0x00, 0x0D, 0x00, 0x00, 0x00, 0x0B,
    0x00, 0x00, 0x00, 0x0B, 0x00, 0x00, 0x00, 0x0A, 0x00, 0x00, 0x00, 0x00, 0x00, 0x00, 0x00, 0x00,
    0x00, 0x00, 0x00, 0x52, 0x00, 0x00, 0x00, 0x0A, 0x00, 0x00, 0x00, 0x09, 0x00, 0x00, 0x00, 0x09,
    0x00, 0x00, 0x00, 0x0A, 0x00, 0x00, 0x00, 0x00, 0x00, 0x00, 0x00, 0x00, 0x00, 0x00, 0x00, 0x53,
    0x00, 0x00, 0x00, 0x0A, 0x00, 0x00, 0x00, 0x08, 0x00, 0x00, 0x00, 0x08, 0x00, 0x00, 0x00, 0x0A,
    0x00, 0x00, 0x00, 0x00, 0x00, 0x00, 0x00, 0x00, 0x00, 0x00, 0x00, 0x54, 0x00, 0x00, 0x00, 0x0A,
    0x00, 0x00, 0x00, 0x0A, 0x00, 0x00, 0x00, 0x0A, 0x00, 0x00, 0x00, 0x0A, 0x00, 0x00, 0x00, 0x00,
    0x00, 0x00, 0x00, 0x00, 0x00, 0x00, 0x00, 0x55, 0x00, 0x00, 0x00, 0x0A, 0x00, 0x00, 0x00, 0x0B,
    0x00, 0x00, 0x00, 0x0B, 0x00, 0x00, 0x00, 0x0A, 0x00, 0x00, 0x00, 0x00, 0x00, 0x00, 0x00, 0x00,
    0x00, 0x00, 0x00, 0x56, 0x00, 0x00, 0x00, 0x0A, 0x00, 0x00, 0x00, 0x09, 0x00, 0x00, 0x00, 0x09,
    0x00, 0x00, 0x00, 0x0A, 0x00, 0x00, 0x00, 0x00, 0x00, 0x00, 0x00, 0x00, 0x00, 0x00, 0x00, 0x57,
    0x00, 0x00, 0x00, 0x0A, 0x00, 0x00, 0x00, 0x0E, 0x00, 0x00, 0x00, 0x0E, 0x00, 0x00, 0x00, 0x0A,
    0x00, 0x00, 0x00, 0x00, 0x00, 0x00, 0x00, 0x00, 0x00, 0x00, 0x00, 0x58, 0x00, 0x00, 0x00, 0x0A,
    0x00, 0x00, 0x00, 0x09, 0x00, 0x00, 0x00, 0x09, 0x00, 0x00, 0x00, 0x0A, 0x00, 0x00, 0x00, 0x00,
    0x00, 0x00, 0x00, 0x00, 0x00, 0x00, 0x00, 0x59, 0x00, 0x00, 0x00, 0x0A, 0x00, 0x00, 0x00, 0x09,
    0x00, 0x00, 0x00, 0x09, 0x00, 0x00, 0x00, 0x0A, 0x00, 0x00, 0x00, 0x00, 0x00, 0x00, 0x00, 0x00,
    0x00, 0x00, 0x00, 0x5A, 0x00, 0x00, 0x00, 0x0A, 0x00, 0x00, 0x00, 0x09, 0x00, 0x00, 0x00, 0x09,
    0x00, 0x00, 0x00, 0x0A, 0x00, 0x00, 0x00, 0x00, 0x00, 0x00, 0x00, 0x00, 0x00, 0x00, 0x00, 0x5B,
    0x00, 0x00, 0x00, 0x0E, 0x00, 0x00, 0x00, 0x05, 0x00, 0x00, 0x00, 0x05, 0x00, 0x00, 0x00, 0x0A,
    0x00, 0x00, 0x00, 0x00, 0x00, 0x00, 0x00, 0x00, 0x00, 0x00, 0x00, 0x5C, 0x00, 0x00, 0x00, 0x0A,
    0x00, 0x00, 0x00, 0x06, 0x00, 0x00, 0x00, 0x06, 0x00, 0x00, 0x00, 0x0A, 0x00, 0x00, 0x00, 0x00,
    0x00, 0x00, 0x00, 0x00, 0x00, 0x00, 0x00, 0x5D, 0x00, 0x00, 0x00, 0x0E, 0x00, 0x00, 0x00, 0x05,
    0x00, 0x00, 0x00, 0x05, 0x00, 0x00, 0x00, 0x0A, 0x00, 0x00, 0x00, 0x00, 0x00, 0x00, 0x00, 0x00,
    0x00, 0x00, 0x00, 0x5E, 0x00, 0x00, 0x00, 0x0B, 0x00, 0x00, 0x00, 0x09, 0x00, 0x00, 0x00, 0x09,
    0x00, 0x00, 0x00, 0x0B, 0x00, 0x00, 0x00, 0x00, 0x00, 0x00, 0x00, 0x00, 0x00, 0x00, 0x00, 0x5F,
    0x00, 0x00, 0x00, 0x03, 0x00, 0x00, 0x00, 0x08, 0x00, 0x00, 0x00, 0x07, 0x00, 0x00, 0x00, 0x00,
    0xFF, 0xFF, 0xFF, 0xFF, 0x00, 0x00, 0x00, 0x00, 0x00, 0x00, 0x00, 0x60, 0x00, 0x00, 0x00, 0x0C,
    0x00, 0x00, 0x00, 0x04, 0x00, 0x00, 0x00, 0x04, 0x00, 0x00, 0x00, 0x0C, 0x00, 0x00, 0x00, 0x00,
    0x00, 0x00, 0x00, 0x00, 0x00, 0x00, 0x00, 0x61, 0x00, 0x00, 0x00, 0x08, 0x00, 0x00, 0x00, 0x08,
    0x00, 0x00, 0x00, 0x08, 0x00, 0x00, 0x00, 0x08, 0x00, 0x00, 0x00, 0x00, 0x00, 0x00, 0x00, 0x00,
    0x00, 0x00, 0x00, 0x62, 0x00, 0x00, 0x00, 0x0B, 0x00, 0x00, 0x00, 0x0A, 0x00, 0x00, 0x00, 0x0A,
    0x00, 0x00, 0x00, 0x0B, 0x00, 0x00, 0x00, 0x00, 0x00, 0x00, 0x00, 0x00, 0x00, 0x00, 0x00, 0x63,
    0x00, 0x00, 0x00, 0x08, 0x00, 0x00, 0x00, 0x07, 0x00, 0x00, 0x00, 0x07, 0x00, 0x00, 0x00, 0x08,
    0x00, 0x00, 0x00, 0x00, 0x00, 0x00, 0x00, 0x00, 0x00, 0x00, 0x00, 0x64, 0x00, 0x00, 0x00, 0x0B,
    0x00, 0x00, 0x00, 0x09, 0x00, 0x00, 0x00, 0x09, 0x00, 0x00, 0x00, 0x0B, 0x00, 0x00, 0x00, 0x00,
    0x00, 0x00, 0x00, 0x00, 0x00, 0x00, 0x00, 0x65, 0x00, 0x00, 0x00, 0x08, 0x00, 0x00, 0x00, 0x09,
    0x00, 0x00, 0x00, 0x09, 0x00, 0x00, 0x00, 0x08, 0x00, 0x00, 0x00, 0x00, 0x00, 0x00, 0x00, 0x00,
    0x00, 0x00, 0x00, 0x66, 0x00, 0x00, 0x00, 0x0B, 0x00, 0x00, 0x00, 0x07, 0x00, 0x00, 0x00, 0x06,
    0x00, 0x00, 0x00, 0x0B, 0x00, 0x00, 0x00, 0x00, 0x00, 0x00, 0x00, 0x00, 0x00, 0x00, 0x00, 0x67,
    0x00, 0x00, 0x00, 0x0C, 0x00, 0x00, 0x00, 0x09, 0x00, 0x00, 0x00, 0x09, 0x00, 0x00, 0x00, 0x08,
    0x00, 0x00, 0x00, 0x00, 0x00, 0x00, 0x00, 0x00, 0x00, 0x00, 0x00, 0x68, 0x00, 0x00, 0x00, 0x0B,
    0x00, 0x00, 0x00, 0x09, 0x00, 0x00, 0x00, 0x09, 0x00, 0x00, 0x00, 0x0B, 0x00, 0x00, 0x00, 0x00,
    0x00, 0x00, 0x00, 0x00, 0x00, 0x00, 0x00, 0x69, 0x00, 0x00, 0x00, 0x0B, 0x00, 0x00, 0x00, 0x04,
    0x00, 0x00, 0x00, 0x04, 0x00, 0x00, 0x00, 0x0B, 0x00, 0x00, 0x00, 0x00, 0x00, 0x00, 0x00, 0x00,
    0x00, 0x00, 0x00, 0x6A, 0x00, 0x00, 0x00, 0x0F, 0x00, 0x00, 0x00, 0x05, 0x00, 0x00, 0x00, 0x04,
    0x00, 0x00, 0x00, 0x0B, 0xFF, 0xFF, 0xFF, 0xFF, 0x00, 0x00, 0x00, 0x00, 0x00, 0x00, 0x00, 0x6B,
    0x00, 0x00, 0x00, 0x0B, 0x00, 0x00, 0x00, 0x09, 0x00, 0x00, 0x00, 0x09, 0x00, 0x00, 0x00, 0x0B,
    0x00, 0x00, 0x00, 0x00, 0x00, 0x00, 0x00, 0x00, 0x00, 0x00, 0x00, 0x6C, 0x00, 0x00, 0x00, 0x0B,
    0x00, 0x00, 0x00, 0x04, 0x00, 0x00, 0x00, 0x04, 0x00, 0x00, 0x00, 0x0B, 0x00, 0x00, 0x00, 0x00,
    0x00, 0x00, 0x00, 0x00, 0x00, 0x00, 0x00, 0x6D, 0x00, 0x00, 0x00, 0x08, 0x00, 0x00, 0x00, 0x0E,
    0x00, 0x00, 0x00, 0x0E, 0x00, 0x00, 0x00, 0x08, 0x00, 0x00, 0x00, 0x00, 0x00, 0x00, 0x00, 0x00,
    0x00, 0x00, 0x00, 0x6E, 0x00, 0x00, 0x00, 0x08, 0x00, 0x00, 0x00, 0x09, 0x00, 0x00, 0x00, 0x09,
    0x00, 0x00, 0x00, 0x08, 0x00, 0x00, 0x00, 0x00, 0x00, 0x00, 0x00, 0x00, 0x00, 0x00, 0x00, 0x6F,
    0x00, 0x00, 0x00, 0x08, 0x00, 0x00, 0x00, 0x09, 0x00, 0x00, 0x00, 0x09, 0x00, 0x00, 0x00, 0x08,
    0x00, 0x00, 0x00, 0x00, 0x00, 0x00, 0x00, 0x00, 0x00, 0x00, 0x00, 0x70, 0x00, 0x00, 0x00, 0x0C,
    0x00, 0x00, 0x00, 0x0A, 0x00, 0x00, 0x00, 0x0A, 0x00, 0x00, 0x00, 0x08, 0x00, 0x00, 0x00, 0x00,
    0x00, 0x00, 0x00, 0x00, 0x00, 0x00, 0x00, 0x71, 0x00, 0x00, 0x00, 0x0C, 0x00, 0x00, 0x00, 0x09,
    0x00, 0x00, 0x00, 0x09, 0x00, 0x00, 0x00, 0x08, 0x00, 0x00, 0x00, 0x00, 0x00, 0x00, 0x00, 0x00,
    0x00, 0x00, 0x00, 0x72, 0x00, 0x00, 0x00, 0x08, 0x00, 0x00, 0x00, 0x07, 0x00, 0x00, 0x00, 0x07,
    0x00, 0x00, 0x00, 0x08, 0x00, 0x00, 0x00, 0x00, 0x00, 0x00, 0x00, 0x00, 0x00, 0x00, 0x00, 0x73,
    0x00, 0x00, 0x00, 0x08, 0x00, 0x00, 0x00, 0x07, 0x00, 0x00, 0x00, 0x07, 0x00, 0x00, 0x00, 0x08,
    0x00, 0x00, 0x00, 0x00, 0x00, 0x00, 0x00, 0x00, 0x00, 0x00, 0x00, 0x74, 0x00, 0x00, 0x00, 0x0A,
    0x00, 0x00, 0x00, 0x06, 0x00, 0x00, 0x00, 0x06, 0x00, 0x00, 0x00, 0x0A, 0x00, 0x00, 0x00, 0x00,
    0x00, 0x00, 0x00, 0x00, 0x00, 0x00, 0x00, 0x75, 0x00, 0x00, 0x00, 0x08, 0x00, 0x00, 0x00, 0x08,
    0x00, 0x00, 0x00, 0x08, 0x00, 0x00, 0x00, 0x08, 0x00, 0x00, 0x00, 0x00, 0x00, 0x00, 0x00, 0x00,
    0x00, 0x00, 0x00, 0x76, 0x00, 0x00, 0x00, 0x08, 0x00, 0x00, 0x00, 0x08, 0x00, 0x00, 0x00, 0x08,
    0x00, 0x00, 0x00, 0x08, 0x00, 0x00, 0x00, 0x00, 0x00, 0x00, 0x00, 0x00, 0x00, 0x00, 0x00, 0x77,
    0x00, 0x00, 0x00, 0x08, 0x00, 0x00, 0x00, 0x0C, 0x00, 0x00, 0x00, 0x0C, 0x00, 0x00, 0x00, 0x08,
    0x00, 0x00, 0x00, 0x00, 0x00, 0x00, 0x00, 0x00, 0x00, 0x00, 0x00, 0x78, 0x00, 0x00, 0x00, 0x08,
    0x00, 0x00, 0x00, 0x08, 0x00, 0x00, 0x00, 0x08, 0x00, 0x00, 0x00, 0x08, 0x00, 0x00, 0x00, 0x00,
    0x00, 0x00, 0x00, 0x00, 0x00, 0x00, 0x00, 0x79, 0x00, 0x00, 0x00, 0x0C, 0x00, 0x00, 0x00, 0x09,
    0x00, 0x00, 0x00, 0x08, 0x00, 0x00, 0x00, 0x08, 0xFF, 0xFF, 0xFF, 0xFF, 0x00, 0x00, 0x00, 0x00,
    0x00, 0x00, 0x00, 0x7A, 0x00, 0x00, 0x00, 0x08, 0x00, 0x00, 0x00, 0x08, 0x00, 0x00, 0x00, 0x08,
    0x00, 0x00, 0x00, 0x08, 0x00, 0x00, 0x00, 0x00, 0x00, 0x00, 0x00, 0x00, 0x00, 0x00, 0x00, 0x7B,
    0x00, 0x00, 0x00, 0x0E, 0x00, 0x00, 0x00, 0x06, 0x00, 0x00, 0x00, 0x06, 0x00, 0x00, 0x00, 0x0A,
    0x00, 0x00, 0x00, 0x00, 0x00, 0x00, 0x00, 0x00, 0x00, 0x00, 0x00, 0x7C, 0x00, 0x00, 0x00, 0x0F,
    0x00, 0x00, 0x00, 0x09, 0x00, 0x00, 0x00, 0x09, 0x00, 0x00, 0x00, 0x0B, 0x00, 0x00, 0x00, 0x00,
    0x00, 0x00, 0x00, 0x00, 0x00, 0x00, 0x00, 0x7D, 0x00, 0x00, 0x00, 0x0E, 0x00, 0x00, 0x00, 0x05,
    0x00, 0x00, 0x00, 0x05, 0x00, 0x00, 0x00, 0x0A, 0x00, 0x00, 0x00, 0x00, 0x00, 0x00, 0x00, 0x00,
    0x00, 0x00, 0x00, 0x7E, 0x00, 0x00, 0x00, 0x06, 0x00, 0x00, 0x00, 0x09, 0x00, 0x00, 0x00, 0x09,
    0x00, 0x00, 0x00, 0x06, 0x00, 0x00, 0x00, 0x00, 0x00, 0x00, 0x00, 0x00, 0x00, 0x00, 0x00, 0xD3,
    0x00, 0x00, 0x00, 0x0E, 0x00, 0x00, 0x00, 0x0B, 0x00, 0x00, 0x00, 0x0B, 0x00, 0x00, 0x00, 0x0E,
    0x00, 0x00, 0x00, 0x00, 0x00, 0x00, 0x00, 0x00, 0x00, 0x00, 0x00, 0xF3, 0x00, 0x00, 0x00, 0x0C,
    0x00, 0x00, 0x00, 0x09, 0x00, 0x00, 0x00, 0x09, 0x00, 0x00, 0x00, 0x0C, 0x00, 0x00, 0x00, 0x00,
    0x00, 0x00, 0x00, 0x00, 0x00, 0x00, 0x01, 0x04, 0x00, 0x00, 0x00, 0x0E, 0x00, 0x00, 0x00, 0x0B,
    0x00, 0x00, 0x00, 0x0A, 0x00, 0x00, 0x00, 0x0A, 0xFF, 0xFF, 0xFF, 0xFF, 0x00, 0x00, 0x00, 0x00,
    0x00, 0x00, 0x01, 0x05, 0x00, 0x00, 0x00, 0x0C, 0x00, 0x00, 0x00, 0x08, 0x00, 0x00, 0x00, 0x08,
    0x00, 0x00, 0x00, 0x08, 0x00, 0x00, 0x00, 0x00, 0x00, 0x00, 0x00, 0x00, 0x00, 0x00, 0x01, 0x06,
    0x00, 0x00, 0x00, 0x0E, 0x00, 0x00, 0x00, 0x09, 0x00, 0x00, 0x00, 0x09, 0x00, 0x00, 0x00, 0x0E,
    0x00, 0x00, 0x00, 0x00, 0x00, 0x00, 0x00, 0x00, 0x00, 0x00, 0x01, 0x07, 0x00, 0x00, 0x00, 0x0C,
    0x00, 0x00, 0x00, 0x07, 0x00, 0x00, 0x00, 0x07, 0x00, 0x00, 0x00, 0x0C, 0x00, 0x00, 0x00, 0x00,
    0x00, 0x00, 0x00, 0x00, 0x00, 0x00, 0x01, 0x18, 0x00, 0x00, 0x00, 0x0E, 0x00, 0x00, 0x00, 0x08,
    0x00, 0x00, 0x00, 0x08, 0x00, 0x00, 0x00, 0x0A, 0x00, 0x00, 0x00, 0x00, 0x00, 0x00, 0x00, 0x00,
    0x00, 0x00, 0x01, 0x19, 0x00, 0x00, 0x00, 0x0C, 0x00, 0x00, 0x00, 0x09, 0x00, 0x00, 0x00, 0x09,
    0x00, 0x00, 0x00, 0x08, 0x00, 0x00, 0x00, 0x00, 0x00, 0x00, 0x00, 0x00, 0x00, 0x00, 0x01, 0x41,
    0x00, 0x00, 0x00, 0x0A, 0x00, 0x00, 0x00, 0x08, 0x00, 0x00, 0x00, 0x08, 0x00, 0x00, 0x00, 0x0A,
    0x00, 0x00, 0x00, 0x00, 0x00, 0x00, 0x00, 0x00, 0x00, 0x00, 0x01, 0x42, 0x00, 0x00, 0x00, 0x0B,
    0x00, 0x00, 0x00, 0x05, 0x00, 0x00, 0x00, 0x03, 0x00, 0x00, 0x00, 0x0B, 0xFF, 0xFF, 0xFF, 0xFF,
    0x00, 0x00, 0x00, 0x00, 0x00, 0x00, 0x01, 0x43, 0x00, 0x00, 0x00, 0x0E, 0x00, 0x00, 0x00, 0x0C,
    0x00, 0x00, 0x00, 0x0C, 0x00, 0x00, 0x00, 0x0E, 0x00, 0x00, 0x00, 0x00, 0x00, 0x00, 0x00, 0x00,
    0x00, 0x00, 0x01, 0x44, 0x00, 0x00, 0x00, 0x0C, 0x00, 0x00, 0x00, 0x09, 0x00, 0x00, 0x00, 0x09,
    0x00, 0x00, 0x00, 0x0C, 0x00, 0x00, 0x00, 0x00, 0x00, 0x00, 0x00, 0x00, 0x00, 0x00, 0x01, 0x5A,
    0x00, 0x00, 0x00, 0x0E, 0x00, 0x00, 0x00, 0x08, 0x00, 0x00, 0x00, 0x08, 0x00, 0x00, 0x00, 0x0E,
    0x00, 0x00, 0x00, 0x00, 0x00, 0x00, 0x00, 0x00, 0x00, 0x00, 0x01, 0x5B, 0x00, 0x00, 0x00, 0x0C,
    0x00, 0x00, 0x00, 0x07, 0x00, 0x00, 0x00, 0x07, 0x00, 0x00, 0x00, 0x0C, 0x00, 0x00, 0x00, 0x00,
    0x00, 0x00, 0x00, 0x00, 0x00, 0x00, 0x01, 0x79, 0x00, 0x00, 0x00, 0x0E, 0x00, 0x00, 0x00, 0x09,
    0x00, 0x00, 0x00, 0x09, 0x00, 0x00, 0x00, 0x0E, 0x00, 0x00, 0x00, 0x00, 0x00, 0x00, 0x00, 0x00,
    0x00, 0x00, 0x01, 0x7A, 0x00, 0x00, 0x00, 0x0C, 0x00, 0x00, 0x00, 0x08, 0x00, 0x00, 0x00, 0x08,
    0x00, 0x00, 0x00, 0x0C, 0x00, 0x00, 0x00, 0x00, 0x00, 0x00, 0x00, 0x00, 0x00, 0x00, 0x01, 0x7B,
    0x00, 0x00, 0x00, 0x0D, 0x00, 0x00, 0x00, 0x09, 0x00, 0x00, 0x00, 0x09, 0x00, 0x00, 0x00, 0x0D,
    0x00, 0x00, 0x00, 0x00, 0x00, 0x00, 0x00, 0x00, 0x00, 0x00, 0x01, 0x7C, 0x00, 0x00, 0x00, 0x0B,
    0x00, 0x00, 0x00, 0x08, 0x00, 0x00, 0x00, 0x08, 0x00, 0x00, 0x00, 0x0B, 0x00, 0x00, 0x00, 0x00,
    0x00, 0x00, 0x00, 0x00, 0x44, 0xFF, 0x14, 0x44, 0xFF, 0x14, 0x44, 0xFF, 0x14, 0x44, 0xFF, 0x14,
    0x44, 0xFF, 0x14, 0x44, 0xFF, 0x14, 0x44, 0xFF, 0x14, 0x00, 0x00, 0x00, 0x26, 0xD9, 0x08, 0x27,
    0xDD, 0x08, 0x01, 0xF9, 0x5A, 0x3C, 0xFF, 0x16, 0x00, 0xE0, 0x3F, 0x22, 0xFB, 0x02, 0x00, 0xC5,
    0x25, 0x09, 0xE4, 0x00, 0x00, 0x00, 0x00, 0x00, 0x00, 0x00, 0x00, 0x00, 0x00, 0x00, 0x00, 0x00,
    0x00, 0x00, 0x00, 0x00, 0x00, 0x00, 0x00, 0x00, 0x00, 0x00, 0x00, 0x00, 0x00, 0x00, 0x00, 0x00,
    0x00, 0x00, 0x00, 0x00, 0x00, 0x00, 0x00, 0x00, 0x00, 0x00, 0x00, 0x00, 0x00, 0x00, 0x00, 0x00,
    0x00, 0x62, 0xB2, 0x00, 0x26, 0xE5, 0x00, 0x00, 0x00, 0x00, 0x00, 0x94, 0x80, 0x00, 0x58, 0xB2,
    0x00, 0x00, 0x00, 0x00, 0x00, 0xC6, 0x4D, 0x00, 0x8A, 0x7E, 0x00, 0x00, 0x0F, 0xF8, 0xF8, 0xFF,
    0xF8, 0xF8, 0xFE, 0xFA, 0xF8, 0x49, 0x00, 0x00, 0x2F, 0xDF, 0x00, 0x04, 0xF4, 0x16, 0x00, 0x00,
    0x00, 0x00, 0x6B, 0xA7, 0x00, 0x34, 0xDC, 0x00, 0x00, 0x00, 0x96, 0xF0, 0xF8, 0xF8, 0xF0, 0xF5,
    0xFB, 0xF0, 0xBF, 0x00, 0x14, 0x20, 0xD8, 0x55, 0x20, 0xAC, 0x85, 0x20, 0x19, 0x00, 0x00, 0x07,
    0xF9, 0x0E, 0x00, 0xD3, 0x3F, 0x00, 0x00, 0x00, 0x00, 0x36, 0xD9, 0x00, 0x0B, 0xF9, 0x0B, 0x00,
    0x00, 0x00, 0x00, 0x00, 0x00, 0x44, 0xFF, 0x14, 0x00, 0x00, 0x00, 0x38, 0xBC, 0xED, 0xFF, 0xE0,
    0x68, 0x00, 0x14, 0xF4, 0x90, 0x67, 0xFF, 0x49, 0x38, 0x00, 0x3C, 0xFF, 0x29, 0x44, 0xFF, 0x14,
    0x00, 0x00, 0x0E, 0xEA, 0xCB, 0x8A, 0xFF, 0x14, 0x00, 0x00, 0x00, 0x23, 0xA6, 0xF5, 0xFF, 0xB5,
    0x1D, 0x00, 0x00, 0x00, 0x00, 0x45, 0xFF, 0xCC, 0xCE, 0x00, 0x00, 0x00, 0x00, 0x44, 0xFF, 0x61,
    0xFF, 0x0C, 0x21, 0x49, 0x14, 0x44, 0xFF, 0x94, 0xE9, 0x00, 0x30, 0xE6, 0xFF, 0xFB, 0xFF, 0xEB,
    0x4F, 0x00, 0x00, 0x00, 0x0B, 0x57, 0xFF, 0x15, 0x00, 0x00, 0x00, 0x00, 0x00, 0x44, 0xFF, 0x14,
    0x00, 0x00, 0x00, 0x67, 0xEA, 0xDB, 0x38, 0x00, 0x00, 0x09, 0xE2, 0x68, 0x00, 0x00, 0x00, 0x0E,
    0xF6, 0x68, 0x95, 0xCF, 0x00, 0x00, 0x7D, 0xC9, 0x02, 0x00, 0x00, 0x00, 0x36, 0xFF, 0x20, 0x4D,
    0xFE, 0x05, 0x19, 0xF0, 0x31, 0x00, 0x00, 0x00, 0x00, 0x38, 0xFF, 0x1E, 0x4A, 0xFF, 0x08, 0x9E,
    0x90, 0x00, 0x00, 0x00, 0x00, 0x00, 0x11, 0xF9, 0x50, 0x80, 0xDA, 0x30, 0xE2, 0x50, 0xCC, 0xE5,
    0xB4, 0x1E, 0x00, 0x00, 0x7A, 0xFA, 0xF6, 0x50, 0xBE, 0x5F, 0xEC, 0x70, 0x05, 0xA8, 0xBD, 0x00,
    0x00, 0x00, 0x0C, 0x06, 0x4F, 0xB7, 0x34, 0xFF, 0x1D, 0x00, 0x4F, 0xFC, 0x05, 0x00, 0x00, 0x00,
    0x05, 0xD0, 0x22, 0x33, 0xFF, 0x21, 0x00, 0x53, 0xFD, 0x06, 0x00, 0x00, 0x00, 0x70, 0x7C, 0x00,
    0x0A, 0xEB, 0x87, 0x1E, 0xB7, 0xC7, 0x00, 0x00, 0x00, 0x11, 0xC6, 0x06, 0x00, 0x00, 0x44, 0xD5,
    0xF5, 0xC5, 0x2A, 0x00, 0x00, 0x00, 0x65, 0xDD, 0xF7, 0xD0, 0x4E, 0x00, 0x00, 0x00, 0x00, 0x00,
    0x24, 0xFF, 0x6F, 0x19, 0x96, 0xF2, 0x04, 0x00, 0x00, 0x00, 0x00, 0x2D, 0xFF, 0x26, 0x00, 0x5C,
    0xF8, 0x05, 0x00, 0x00, 0x00, 0x00, 0x01, 0xBC, 0xB3, 0x48, 0xE7, 0x70, 0x00, 0x00, 0x00, 0x00,
    0x00, 0x00, 0x3F, 0xFE, 0xFE, 0x54, 0x00, 0x00, 0x00, 0x00, 0x00, 0x00, 0x67, 0xE1, 0x3E, 0xA2,
    0xCE, 0x19, 0x00, 0x4C, 0xF7, 0x10, 0x1D, 0xFD, 0x4A, 0x00, 0x01, 0x98, 0xE1, 0x2C, 0xBB, 0xA1,
    0x00, 0x3B, 0xFF, 0x28, 0x00, 0x00, 0x00, 0x8D, 0xF9, 0xE9, 0x15, 0x00, 0x0D, 0xEE, 0xB3, 0x2A,
    0x17, 0x45, 0xC4, 0xE6, 0xF8, 0x51, 0x00, 0x00, 0x33, 0xBD, 0xF3, 0xF5, 0xD3, 0x7C, 0x0A, 0x6C,
    0xFA, 0x5C, 0x01, 0xF9, 0x5A, 0x00, 0xE0, 0x3F, 0x00, 0xC5, 0x25, 0x00, 0x00, 0x00, 0x00, 0x00,
    0x00, 0x00, 0x00, 0x00, 0x00, 0x00, 0x00, 0x00, 0x00, 0x00, 0x00, 0x00, 0x00, 0x00, 0x00, 0x00,
    0x00, 0x00, 0x5B, 0xDB, 0x08, 0x00, 0x13, 0xEA, 0x4C, 0x00, 0x00, 0x83, 0xDC, 0x01, 0x00, 0x00,
    0xD9, 0x87, 0x00, 0x00, 0x0F, 0xFF, 0x4C, 0x00, 0x00, 0x29, 0xFF, 0x2B, 0x00, 0x00, 0x3D, 0xFF,
    0x1D, 0x00, 0x00, 0x2C, 0xFF, 0x30, 0x00, 0x00, 0x12, 0xFF, 0x4C, 0x00, 0x00, 0x00, 0xDF, 0x8B,
    0x00, 0x00, 0x00, 0x89, 0xDC, 0x00, 0x00, 0x00, 0x18, 0xEE, 0x4F, 0x00, 0x00, 0x00, 0x5D, 0xDD,
    0x07, 0x1F, 0xF3, 0x3D, 0x00, 0x00, 0x00, 0x82, 0xD8, 0x04, 0x00, 0x00, 0x13, 0xFC, 0x56, 0x00,
    0x00, 0x00, 0xBE, 0xAD, 0x00, 0x00, 0x00, 0x7D, 0xE2, 0x00, 0x00, 0x00, 0x61, 0xFB, 0x01, 0x00,
    0x00, 0x4B, 0xFF, 0x11, 0x00, 0x00, 0x5F, 0xFC, 0x03, 0x00, 0x00, 0x7B, 0xE6, 0x00, 0x00, 0x00,
    0xBC, 0xB2, 0x00, 0x00, 0x12, 0xFB, 0x5D, 0x00, 0x00, 0x7F, 0xDD, 0x06, 0x00, 0x1C, 0xF2, 0x41,
    0x00, 0x00, 0x00, 0x00, 0x00, 0x96, 0xC5, 0x00, 0x00, 0x00, 0x00, 0x00, 0x00, 0x7A, 0xAA, 0x00,
    0x00, 0x00, 0x3D, 0xC8, 0x82, 0x8D, 0xAE, 0x73, 0xB8, 0x72, 0x24, 0x73, 0x87, 0xEB, 0xFC, 0x90,
    0x77, 0x3D, 0x00, 0x00, 0x57, 0xDB, 0xB2, 0x8E, 0x00, 0x00, 0x00, 0x23, 0xF2, 0x6A, 0x31, 0xFE,
    0x51, 0x00, 0x00, 0x03, 0x5E, 0x0A, 0x00, 0x5C, 0x0F, 0x00, 0x00, 0x00, 0x00, 0x00, 0x00, 0x00,
    0x00, 0x00, 0x00, 0x00, 0x00, 0x00, 0x00, 0x00, 0x00, 0x00, 0x00, 0x00, 0x00, 0x00, 0x00, 0x00,
    0x00, 0x00, 0x00, 0x00, 0x00, 0x00, 0x00, 0x00, 0x00, 0x00, 0x00, 0x00, 0x00, 0x44, 0xFF, 0x14,
    0x00, 0x00, 0x00, 0x00, 0x00, 0x00, 0x44, 0xFF, 0x14, 0x00, 0x00, 0x00, 0x00, 0x00, 0x00, 0x44,
    0xFF, 0x14, 0x00, 0x00, 0x00, 0x00, 0xF0, 0xF0, 0xF4, 0xFF, 0xF1, 0xF0, 0xF0, 0x00, 0x00, 0x20,
    0x20, 0x5B, 0xFF, 0x31, 0x20, 0x20, 0x00, 0x00, 0x00, 0x00, 0x44, 0xFF, 0x14, 0x00, 0x00, 0x00,
    0x00, 0x00, 0x00, 0x44, 0xFF, 0x14, 0x00, 0x00, 0x00, 0x00, 0x00, 0x00, 0x00, 0x00, 0x00, 0x00,
    0x00, 0x00, 0x00, 0x00, 0x00, 0x00, 0x00, 0x00, 0x00, 0x00, 0x00, 0x00, 0xB7, 0xC6, 0x00, 0x00,
    0xDF, 0x7F, 0x00, 0x10, 0xFF, 0x29, 0x00, 0x47, 0xC9, 0x00, 0x00, 0x00, 0xF0, 0xF0, 0xF0, 0xF0,
    0x00, 0x00, 0x20, 0x20, 0x20, 0x20, 0x00, 0x00, 0x00, 0x00, 0x00, 0x00, 0x00, 0x00, 0x00, 0x00,
    0x00, 0x00, 0x00, 0x00, 0x00, 0x00, 0x00, 0x00, 0x00, 0x26, 0xD9, 0x08, 0x27, 0xDD, 0x08, 0x00,
    0x00, 0x00, 0x15, 0xF9, 0x3C, 0x00, 0x00, 0x00, 0x76, 0xD6, 0x00, 0x00, 0x00, 0x01, 0xDA, 0x6F,
    0x00, 0x00, 0x00, 0x42, 0xF7, 0x11, 0x00, 0x00, 0x00, 0xA8, 0xA2, 0x00, 0x00, 0x00, 0x14, 0xF9,
    0x3C, 0x00, 0x00, 0x00, 0x74, 0xD6, 0x00, 0x00, 0x00, 0x00, 0xD8, 0x6F, 0x00, 0x00, 0x00, 0x40,
    0xF7, 0x11, 0x00, 0x00, 0x00, 0xA5, 0xA3, 0x00, 0x00, 0x00, 0x00, 0x00, 0x02, 0x7F, 0xE1, 0xF7,
    0xD0, 0x4E, 0x00, 0x00, 0x00, 0x7F, 0xEB, 0x47, 0x19, 0x63, 0xF8, 0x3E, 0x00, 0x02, 0xEE, 0x6F,
    0x00, 0x00, 0x00, 0xA1, 0xB5, 0x00, 0x27, 0xFF, 0x32, 0x00, 0x00, 0x00, 0x61, 0xF2, 0x00, 0x3C,
    0xFF, 0x1D, 0x00, 0x00, 0x00, 0x4A, 0xFF, 0x0B, 0x3C, 0xFF, 0x1D, 0x00, 0x00, 0x00, 0x4B, 0xFF,
    0x0D, 0x23, 0xFF, 0x32, 0x00, 0x00, 0x00, 0x61, 0xF6, 0x01, 0x00, 0xE7, 0x6F, 0x00, 0x00, 0x00,
    0x9F, 0xC0, 0x00, 0x00, 0x6F, 0xEB, 0x46, 0x19, 0x60, 0xFA, 0x4C, 0x00, 0x00, 0x00, 0x73, 0xDF,
    0xF9, 0xD6, 0x5C, 0x00, 0x00, 0x00, 0x00, 0x15, 0xB4, 0xFF, 0x18, 0x00, 0x00, 0x00, 0x00, 0x45,
    0xE5, 0xB5, 0xFF, 0x18, 0x00, 0x00, 0x00, 0x00, 0x97, 0x4E, 0x44, 0xFF, 0x18, 0x00, 0x00, 0x00,
    0x00, 0x00, 0x00, 0x44, 0xFF, 0x18, 0x00, 0x00, 0x00, 0x00, 0x00, 0x00, 0x44, 0xFF, 0x18, 0x00,
    0x00, 0x00, 0x00, 0x00, 0x00, 0x44, 0xFF, 0x18, 0x00, 0x00, 0x00, 0x00, 0x00, 0x00, 0x44, 0xFF,
    0x18, 0x00, 0x00, 0x00, 0x00, 0x00, 0x00, 0x44, 0xFF, 0x18, 0x00, 0x00, 0x00, 0x00, 0x00, 0x00,
    0x44, 0xFF, 0x18, 0x00, 0x00, 0x00, 0x00, 0x00, 0x00, 0x44, 0xFF, 0x18, 0x00, 0x00, 0x00, 0x00,
    0x19, 0x8F, 0xDC, 0xF8, 0xE9, 0x9E, 0x16, 0x00, 0x00, 0x88, 0xAE, 0x44, 0x1C, 0x36, 0xCD, 0xC4,
    0x00, 0x00, 0x00, 0x00, 0x00, 0x00, 0x00, 0x52, 0xFF, 0x0A, 0x00, 0x00, 0x00, 0x00, 0x00, 0x00,
    0x6A, 0xEB, 0x01, 0x00, 0x00, 0x00, 0x00, 0x00, 0x16, 0xE3, 0x75, 0x00, 0x00, 0x00, 0x00, 0x00,
    0x19, 0xD2, 0xA3, 0x01, 0x00, 0x00, 0x00, 0x00, 0x2A, 0xE0, 0x92, 0x01, 0x00, 0x00, 0x00, 0x00,
    0x43, 0xEE, 0x76, 0x00, 0x00, 0x00, 0x00, 0x00, 0x62, 0xF6, 0x65, 0x10, 0x10, 0x10, 0x10, 0x01,
    0x00, 0xFF, 0xFF, 0xFF, 0xFF, 0xFF, 0xFF, 0xFF, 0x14, 0x1C, 0x92, 0xDE, 0xF9, 0xEA, 0xB1, 0x28,
    0x00, 0x00, 0x4F, 0x8F, 0x38, 0x17, 0x2D, 0xBA, 0xDD, 0x00, 0x00, 0x00, 0x00, 0x00, 0x00, 0x00,
    0x52, 0xFF, 0x0D, 0x00, 0x00, 0x00, 0x00, 0x00, 0x2C, 0xCA, 0xA2, 0x00, 0x00, 0x00, 0x16, 0xF0,
    0xF8, 0xFB, 0x8B, 0x03, 0x00, 0x00, 0x00, 0x03, 0x20, 0x2A, 0x5C, 0xE2, 0x95, 0x00, 0x00, 0x00,
    0x00, 0x00, 0x00, 0x00, 0x59, 0xFC, 0x05, 0x00, 0x00, 0x00, 0x00, 0x00, 0x00, 0x63, 0xFB, 0x05,
    0x00, 0x75, 0x4C, 0x21, 0x1B, 0x4F, 0xE4, 0xA1, 0x00, 0x00, 0x6E, 0xD4, 0xF4, 0xF8, 0xDA, 0x84,
    0x09, 0x00, 0x00, 0x00, 0x00, 0x00, 0x00, 0x02, 0xB8, 0xFF, 0x14, 0x00, 0x00, 0x00, 0x00, 0x00,
    0x7F, 0xC5, 0xFF, 0x14, 0x00, 0x00, 0x00, 0x00, 0x44, 0xCD, 0x4C, 0xFF, 0x14, 0x00, 0x00, 0x00,
    0x1B, 0xDC, 0x24, 0x44, 0xFF, 0x14, 0x00, 0x00, 0x05, 0xC5, 0x55, 0x00, 0x44, 0xFF, 0x14, 0x00,
    0x00, 0x8F, 0x93, 0x00, 0x00, 0x44, 0xFF, 0x14, 0x00, 0x00, 0xFF, 0xFC, 0xFC, 0xFC, 0xFD, 0xFF,
    0xFC, 0xFC, 0x00, 0x2C, 0x2C, 0x2C, 0x2C, 0x64, 0xFF, 0x3C, 0x2C, 0x00, 0x00, 0x00, 0x00, 0x00,
    0x44, 0xFF, 0x14, 0x00, 0x00, 0x00, 0x00, 0x00, 0x00, 0x44, 0xFF, 0x14, 0x00, 0x00, 0x26, 0xFF,
    0xFF, 0xFF, 0xFF, 0xFF, 0x54, 0x00, 0x00, 0x40, 0xFB, 0x12, 0x10, 0x10, 0x10, 0x05, 0x00, 0x00,
    0x5A, 0xDE, 0x00, 0x00, 0x00, 0x00, 0x00, 0x00, 0x00, 0x74, 0xF5, 0xDD, 0xEA, 0xCE, 0x71, 0x03,
    0x00, 0x00, 0x0D, 0x4A, 0x2A, 0x2F, 0x6F, 0xF4, 0x8B, 0x00, 0x00, 0x00, 0x00, 0x00, 0x00, 0x00,
    0x7A, 0xF6, 0x03, 0x00, 0x00, 0x00, 0x00, 0x00, 0x00, 0x4C, 0xFF, 0x0F, 0x00, 0x00, 0x00, 0x00,
    0x00, 0x00, 0x78, 0xE7, 0x00, 0x00, 0x7F, 0x4D, 0x21, 0x1A, 0x61, 0xF3, 0x6D, 0x00, 0x00, 0x71,
    0xD6, 0xF4, 0xF5, 0xCB, 0x5E, 0x00, 0x00, 0x00, 0x00, 0x17, 0x91, 0xDC, 0xF9, 0xF5, 0x34, 0x00,
    0x00, 0x13, 0xE2, 0x9D, 0x37, 0x16, 0x18, 0x09, 0x00, 0x00, 0x9F, 0xA2, 0x00, 0x00, 0x00, 0x00,
    0x00, 0x00, 0x06, 0xF2, 0x57, 0xA8, 0xE2, 0xDB, 0x84, 0x06, 0x00, 0x2C, 0xFF, 0xDA, 0x5D, 0x28,
    0x56, 0xEB, 0x94, 0x00, 0x3E, 0xFF, 0x47, 0x00, 0x00, 0x00, 0x70, 0xF5, 0x01, 0x35, 0xFF, 0x25,
    0x00, 0x00, 0x00, 0x4D, 0xFF, 0x0C, 0x09, 0xF6, 0x6E, 0x00, 0x00, 0x00, 0x76, 0xE9, 0x00, 0x00,
    0x84, 0xF3, 0x5C, 0x1C, 0x4E, 0xEC, 0x7B, 0x00, 0x00, 0x01, 0x67, 0xD3, 0xF7, 0xDE, 0x76, 0x02,
    0x00, 0x00, 0xFF, 0xFF, 0xFF, 0xFF, 0xFF, 0xFF, 0xFF, 0x00, 0x00, 0x10, 0x10, 0x10, 0x10, 0x10,
    0x9F, 0xB8, 0x00, 0x00, 0x00, 0x00, 0x00, 0x00, 0x18, 0xF7, 0x41, 0x00, 0x00, 0x00, 0x00, 0x00,
    0x00, 0x8B, 0xCA, 0x00, 0x00, 0x00, 0x00, 0x00, 0x00, 0x12, 0xF3, 0x53, 0x00, 0x00, 0x00, 0x00,
    0x00, 0x00, 0x80, 0xD9, 0x02, 0x00, 0x00, 0x00, 0x00, 0x00, 0x0D, 0xEE, 0x64, 0x00, 0x00, 0x00,
    0x00, 0x00, 0x00, 0x76, 0xE6, 0x07, 0x00, 0x00, 0x00, 0x00, 0x00, 0x08, 0xE7, 0x76, 0x00, 0x00,
    0x00, 0x00, 0x00, 0x00, 0x6B, 0xF1, 0x0E, 0x00, 0x00, 0x00, 0x00, 0x00, 0x45, 0xC7, 0xF7, 0xF3,
    0xB8, 0x2B, 0x00, 0x00, 0x19, 0xF9, 0x93, 0x1D, 0x28, 0xB8, 0xDF, 0x00, 0x00, 0x34, 0xFF, 0x25,
    0x00, 0x00, 0x55, 0xFF, 0x0A, 0x00, 0x05, 0xD7, 0xA0, 0x08, 0x10, 0xC0, 0xA1, 0x00, 0x00, 0x00,
    0x1A, 0xC4, 0xEA, 0xEF, 0x8E, 0x04, 0x00, 0x00, 0x00, 0x5D, 0xE8, 0x6D, 0x85, 0xDB, 0xA3, 0x16,
    0x00, 0x1A, 0xFA, 0x53, 0x00, 0x00, 0x05, 0xA6, 0xCF, 0x00, 0x3B, 0xFF, 0x27, 0x00, 0x00, 0x00,
    0x55, 0xFF, 0x09, 0x0D, 0xEC, 0xB6, 0x30, 0x16, 0x3E, 0xD4, 0xBE, 0x00, 0x00, 0x2B, 0xAF, 0xEC,
    0xFB, 0xE3, 0x94, 0x10, 0x00, 0x00, 0x13, 0x9B, 0xE9, 0xF9, 0xCE, 0x51, 0x00, 0x00, 0x00, 0xC5,
    0xCC, 0x38, 0x1D, 0x66, 0xF5, 0x4F, 0x00, 0x2A, 0xFF, 0x38, 0x00, 0x00, 0x00, 0x81, 0xCC, 0x00,
    0x3A, 0xFF, 0x26, 0x00, 0x00, 0x00, 0x53, 0xFE, 0x05, 0x0C, 0xF0, 0xA2, 0x0E, 0x04, 0x3B, 0xD4,
    0xFF, 0x0D, 0x00, 0x3F, 0xD8, 0xFF, 0xFA, 0xC9, 0x7C, 0xF9, 0x00, 0x00, 0x00, 0x00, 0x14, 0x0E,
    0x00, 0x83, 0xC6, 0x00, 0x00, 0x00, 0x00, 0x00, 0x00, 0x0E, 0xEA, 0x73, 0x00, 0x00, 0x15, 0x17,
    0x1A, 0x4C, 0xD0, 0xCA, 0x09, 0x00, 0x00, 0x67, 0xFA, 0xF7, 0xD5, 0x80, 0x0A, 0x00, 0x00, 0x28,
    0xDF, 0x08, 0x27, 0xDD, 0x08, 0x00, 0x00, 0x00, 0x00, 0x00, 0x00, 0x00, 0x00, 0x00, 0x00, 0x00,
    0x00, 0x26, 0xD9, 0x08, 0x27, 0xDD, 0x08, 0x28, 0xDF, 0x08, 0x27, 0xDD, 0x08, 0x00, 0x00, 0x00,
    0x00, 0x00, 0x00, 0x00, 0x00, 0x00, 0x00, 0x00, 0x00, 0x37, 0xE9, 0x00, 0x60, 0xB1, 0x00, 0x8E,
    0x70, 0x00, 0xBF, 0x2B, 0x00, 0x00, 0x00, 0x00, 0x00, 0x00, 0x00, 0x2C, 0xA8, 0x00, 0x00, 0x00,
    0x00, 0x00, 0x30, 0xAD, 0xE5, 0x78, 0x00, 0x00, 0x00, 0x35, 0xB2, 0xD9, 0x66, 0x07, 0x00, 0x00,
    0x00, 0xB6, 0xD8, 0x54, 0x02, 0x00, 0x00, 0x00, 0x00, 0x00, 0x7B, 0xE2, 0xB2, 0x49, 0x01, 0x00,
    0x00, 0x00, 0x00, 0x00, 0x05, 0x59, 0xC8, 0xDD, 0x76, 0x14, 0x00, 0x00, 0x00, 0x00, 0x00, 0x00,
    0x37, 0xA6, 0xF2, 0x00, 0x00, 0x00, 0x00, 0x00, 0x00, 0x00, 0x00, 0x1A, 0x00, 0x00, 0x00, 0x00,
    0x00, 0x00, 0x00, 0x00, 0x00, 0x00, 0x00, 0xF0, 0xF0, 0xF0, 0xF0, 0xF0, 0xF0, 0xF0, 0x00, 0x00,
    0x20, 0x20, 0x20, 0x20, 0x20, 0x20, 0x20, 0x00, 0x00, 0x00, 0x00, 0x00, 0x00, 0x00, 0x00, 0x00,
    0x00, 0x00, 0xF0, 0xF0, 0xF0, 0xF0, 0xF0, 0xF0, 0xF0, 0x00, 0x00, 0x20, 0x20, 0x20, 0x20, 0x20,
    0x20, 0x20, 0x00, 0x00, 0x00, 0x00, 0x00, 0x00, 0x00, 0x00, 0x00, 0x00, 0x00, 0x00, 0x00, 0x00,
    0x00, 0x00, 0x00, 0x00, 0x00, 0x00, 0xA9, 0x2C, 0x00, 0x00, 0x00, 0x00, 0x00, 0x00, 0x00, 0x78,
    0xE6, 0xAD, 0x30, 0x00, 0x00, 0x00, 0x00, 0x00, 0x00, 0x08, 0x68, 0xDB, 0xB2, 0x34, 0x00, 0x00,
    0x00, 0x00, 0x00, 0x00, 0x03, 0x57, 0xD9, 0xB6, 0x00, 0x00, 0x00, 0x00, 0x01, 0x46, 0xAF, 0xE1,
    0x7C, 0x00, 0x00, 0x13, 0x74, 0xDC, 0xC8, 0x59, 0x05, 0x00, 0x00, 0x00, 0xF3, 0xA6, 0x37, 0x00,
    0x00, 0x00, 0x00, 0x00, 0x00, 0x19, 0x00, 0x00, 0x00, 0x00, 0x00, 0x00, 0x00, 0x00, 0x00, 0x00,
    0x00, 0x00, 0x00, 0x00, 0x00, 0x00, 0x5F, 0xC8, 0xED, 0xF2, 0xC0, 0x30, 0x00, 0x4D, 0x50, 0x20,
    0x22, 0xAE, 0xDE, 0x00, 0x00, 0x00, 0x00, 0x00, 0x52, 0xFB, 0x06, 0x00, 0x00, 0x00, 0x0A, 0xBF,
    0xA7, 0x00, 0x00, 0x00, 0x18, 0xCD, 0x95, 0x08, 0x00, 0x00, 0x00, 0xC0, 0x59, 0x00, 0x00, 0x00,
    0x00, 0x01, 0xC1, 0x00, 0x00, 0x00, 0x00, 0x00, 0x00, 0x00, 0x00, 0x00, 0x00, 0x00, 0x00, 0x27,
    0xD9, 0x08, 0x00, 0x00, 0x00, 0x00, 0x28, 0xDD, 0x08, 0x00, 0x00, 0x00, 0x00, 0x00, 0x00, 0x11,
    0x7A, 0xC5, 0xED, 0xFA, 0xE9, 0xB4, 0x50, 0x00, 0x00, 0x00, 0x00, 0x00, 0x44, 0xEB, 0xBB, 0x56,
    0x22, 0x16, 0x30, 0x7C, 0xEF, 0xA5, 0x03, 0x00, 0x00, 0x2E, 0xF5, 0x73, 0x18, 0xB0, 0xF4, 0xEE,
    0xC5, 0x0C, 0x24, 0xEC, 0x77, 0x00, 0x00, 0xB9, 0xB1, 0x00, 0xC7, 0xBE, 0x1F, 0x5C, 0xFF, 0x14,
    0x00, 0x7E, 0xE2, 0x00, 0x13, 0xFD, 0x4C, 0x28, 0xFF, 0x37, 0x00, 0x44, 0xFF, 0x14, 0x00, 0x4E,
    0xFF, 0x0B, 0x38, 0xFF, 0x21, 0x3B, 0xFF, 0x1C, 0x00, 0x53, 0xFF, 0x14, 0x00, 0x68, 0xF6, 0x01,
    0x36, 0xFF, 0x25, 0x16, 0xFB, 0x66, 0x04, 0xAA, 0xF3, 0x44, 0x0E, 0xD5, 0x9D, 0x00, 0x14, 0xFD,
    0x57, 0x00, 0x76, 0xFC, 0xF7, 0x70, 0x68, 0xFB, 0xFB, 0xB0, 0x0F, 0x00, 0x00, 0xB3, 0xCF, 0x08,
    0x00, 0x09, 0x0E, 0x00, 0x00, 0x0D, 0x11, 0x00, 0x00, 0x00, 0x00, 0x1B, 0xE2, 0xCB, 0x46, 0x08,
    0x00, 0x0C, 0x3A, 0x49, 0x00, 0x00, 0x00, 0x00, 0x00, 0x00, 0x11, 0x8E, 0xE4, 0xFF, 0xF6, 0xFE,
    0xD6, 0x59, 0x00, 0x00, 0x00, 0x00, 0x00, 0x00, 0x00, 0x00, 0x00, 0x0B, 0x19, 0x05, 0x00, 0x00,
    0x00, 0x00, 0x00, 0x00, 0x00, 0x00, 0x00, 0x10, 0xF5, 0x9C, 0x00, 0x00, 0x00, 0x00, 0x00, 0x00,
    0x00, 0x71, 0xDF, 0xF6, 0x11, 0x00, 0x00, 0x00, 0x00, 0x00, 0x01, 0xDA, 0x6E, 0xDB, 0x71, 0x00,
    0x00, 0x00, 0x00, 0x00, 0x47, 0xFB, 0x17, 0x7C, 0xDA, 0x01, 0x00, 0x00, 0x00, 0x00, 0xB3, 0xAF,
    0x00, 0x1C, 0xFD, 0x46, 0x00, 0x00, 0x00, 0x20, 0xFD, 0x4B, 0x00, 0x00, 0xB7, 0xB0, 0x00, 0x00,
    0x00, 0x89, 0xFF, 0xFC, 0xFC, 0xFC, 0xFE, 0xFC, 0x1E, 0x00, 0x08, 0xEC, 0x8B, 0x2C, 0x2C, 0x2C,
    0x2F, 0xEC, 0x85, 0x00, 0x5F, 0xF5, 0x13, 0x00, 0x00, 0x00, 0x00, 0x82, 0xE9, 0x06, 0xCA, 0x95,
    0x00, 0x00, 0x00, 0x00, 0x00, 0x16, 0xF7, 0x5A, 0x00, 0x44, 0xFF, 0xFF, 0xFF, 0xF9, 0xE2, 0xA7,
    0x29, 0x00, 0x00, 0x44, 0xFF, 0x26, 0x10, 0x1A, 0x3E, 0xC5, 0xE1, 0x01, 0x00, 0x44, 0xFF, 0x18,
    0x00, 0x00, 0x00, 0x52, 0xFD, 0x08, 0x00, 0x44, 0xFF, 0x18, 0x00, 0x00, 0x17, 0xAF, 0xAF, 0x00,
    0x00, 0x44, 0xFF, 0xF1, 0xF0, 0xF6, 0xFF, 0x9B, 0x09, 0x00, 0x00, 0x44, 0xFF, 0x35, 0x20, 0x26,
    0x55, 0xDF, 0x91, 0x00, 0x00, 0x44, 0xFF, 0x18, 0x00, 0x00, 0x00, 0x62, 0xFC, 0x07, 0x00, 0x44,
    0xFF, 0x18, 0x00, 0x00, 0x00, 0x5F, 0xFE, 0x07, 0x00, 0x44, 0xFF, 0x26, 0x10, 0x18, 0x46, 0xDE,
    0xAE, 0x00, 0x00, 0x44, 0xFF, 0xFF, 0xFF, 0xFC, 0xE2, 0x90, 0x0D, 0x00, 0x00, 0x00, 0x16, 0x8E,
    0xDC, 0xF9, 0xEC, 0xC7, 0x4D, 0x00, 0x20, 0xE4, 0xCD, 0x44, 0x17, 0x28, 0x62, 0x27, 0x00, 0xB6,
    0xD0, 0x04, 0x00, 0x00, 0x00, 0x00, 0x00, 0x14, 0xFE, 0x55, 0x00, 0x00, 0x00, 0x00, 0x00, 0x00,
    0x3A, 0xFF, 0x2A, 0x00, 0x00, 0x00, 0x00, 0x00, 0x00, 0x38, 0xFF, 0x23, 0x00, 0x00, 0x00, 0x00,
    0x00, 0x00, 0x17, 0xFE, 0x50, 0x00, 0x00, 0x00, 0x00, 0x00, 0x00, 0x00, 0xC4, 0xC1, 0x02, 0x00,
    0x00, 0x00, 0x00, 0x00, 0x00, 0x30, 0xF2, 0xB6, 0x3D, 0x17, 0x20, 0x47, 0x19, 0x00, 0x00, 0x27,
    0xA2, 0xE4, 0xFA, 0xF1, 0xCA, 0x26, 0x00, 0x44, 0xFF, 0xFF, 0xFF, 0xF2, 0xCF, 0x79, 0x08, 0x00,
    0x00, 0x00, 0x44, 0xFF, 0x26, 0x10, 0x20, 0x58, 0xD5, 0xD0, 0x0C, 0x00, 0x00, 0x44, 0xFF, 0x18,
    0x00, 0x00, 0x00, 0x0E, 0xDF, 0x8D, 0x00, 0x00, 0x44, 0xFF, 0x18, 0x00, 0x00, 0x00, 0x00, 0x78,
    0xE7, 0x00, 0x00, 0x44, 0xFF, 0x18, 0x00, 0x00, 0x00, 0x00, 0x4E, 0xFF, 0x09, 0x00, 0x44, 0xFF,
    0x18, 0x00, 0x00, 0x00, 0x00, 0x4E, 0xFE, 0x05, 0x00, 0x44, 0xFF, 0x18, 0x00, 0x00, 0x00, 0x00,
    0x7F, 0xDD, 0x00, 0x00, 0x44, 0xFF, 0x18, 0x00, 0x00, 0x00, 0x16, 0xE7, 0x7D, 0x00, 0x00, 0x44,
    0xFF, 0x26, 0x12, 0x25, 0x63, 0xDF, 0xBE, 0x06, 0x00, 0x00, 0x44, 0xFF, 0xFF, 0xFE, 0xEC, 0xC3,
    0x69, 0x03, 0x00, 0x00, 0x00, 0x44, 0xFF, 0xFF, 0xFF, 0xFF, 0xFF, 0xB8, 0x00, 0x00, 0x44, 0xFF,
    0x26, 0x10, 0x10, 0x10, 0x0B, 0x00, 0x00, 0x44, 0xFF, 0x18, 0x00, 0x00, 0x00, 0x00, 0x00, 0x00,
    0x44, 0xFF, 0x18, 0x00, 0x00, 0x00, 0x00, 0x00, 0x00, 0x44, 0xFF, 0xF1, 0xF0, 0xF0, 0xF0, 0x6C,
    0x00, 0x00, 0x44, 0xFF, 0x35, 0x20, 0x20, 0x20, 0x0E, 0x00, 0x00, 0x44, 0xFF, 0x18, 0x00, 0x00,
    0x00, 0x00, 0x00, 0x00, 0x44, 0xFF, 0x18, 0x00, 0x00, 0x00, 0x00, 0x00, 0x00, 0x44, 0xFF, 0x26,
    0x10, 0x10, 0x10, 0x0B, 0x00, 0x00, 0x44, 0xFF, 0xFF, 0xFF, 0xFF, 0xFF, 0xB8, 0x00, 0x00, 0x44,
    0xFF, 0xFF, 0xFF, 0xFF, 0xFF, 0xB8, 0x00, 0x44, 0xFF, 0x26, 0x10, 0x10, 0x10, 0x0B, 0x00, 0x44,
    0xFF, 0x18, 0x00, 0x00, 0x00, 0x00, 0x00, 0x44, 0xFF, 0x18, 0x00, 0x00, 0x00, 0x00, 0x00, 0x44,
    0xFF, 0xF1, 0xF0, 0xF0, 0xF0, 0x69, 0x00, 0x44, 0xFF, 0x35, 0x20, 0x20, 0x20, 0x0E, 0x00, 0x44,
    0xFF, 0x18, 0x00, 0x00, 0x00, 0x00, 0x00, 0x44, 0xFF, 0x18, 0x00, 0x00, 0x00, 0x00, 0x00, 0x44,
    0xFF, 0x18, 0x00, 0x00, 0x00, 0x00, 0x00, 0x44, 0xFF, 0x18, 0x00, 0x00, 0x00, 0x00, 0x00, 0x00,
    0x02, 0x60, 0xB9, 0xE6, 0xF9, 0xEA, 0xCA, 0x76, 0x00, 0x00, 0x0B, 0xC3, 0xE2, 0x69, 0x28, 0x16,
    0x28, 0x4F, 0x44, 0x00, 0x00, 0x9C, 0xDB, 0x11, 0x00, 0x00, 0x00, 0x00, 0x00, 0x00, 0x00, 0x0F,
    0xF9, 0x5D, 0x00, 0x00, 0x00, 0x00, 0x00, 0x00, 0x00, 0x00, 0x35, 0xFF, 0x26, 0x00, 0x00, 0x00,
    0xC3, 0xF0, 0xF0, 0xF0, 0x12, 0x37, 0xFF, 0x24, 0x00, 0x00, 0x00, 0x1A, 0x20, 0x5B, 0xFF, 0x14,
    0x13, 0xFD, 0x57, 0x00, 0x00, 0x00, 0x00, 0x00, 0x44, 0xFF, 0x14, 0x00, 0xB3, 0xD1, 0x09, 0x00,
    0x00, 0x00, 0x00, 0x44, 0xFF, 0x14, 0x00, 0x1B, 0xE0, 0xD4, 0x5C, 0x25, 0x14, 0x20, 0x75, 0xFF,
    0x14, 0x00, 0x00, 0x10, 0x84, 0xD2, 0xF2, 0xFA, 0xEB, 0xD0, 0x9E, 0x0A, 0x00, 0x44, 0xFF, 0x18,
    0x00, 0x00, 0x00, 0x00, 0x44, 0xFF, 0x14, 0x00, 0x00, 0x44, 0xFF, 0x18, 0x00, 0x00, 0x00, 0x00,
    0x44, 0xFF, 0x14, 0x00, 0x00, 0x44, 0xFF, 0x18, 0x00, 0x00, 0x00, 0x00, 0x44, 0xFF, 0x14, 0x00,
    0x00, 0x44, 0xFF, 0x18, 0x00, 0x00, 0x00, 0x00, 0x44, 0xFF, 0x14, 0x00, 0x00, 0x44, 0xFF, 0xF1,
    0xF0, 0xF0, 0xF0, 0xF0, 0xF4, 0xFF, 0x14, 0x00, 0x00, 0x44, 0xFF, 0x35, 0x20, 0x20, 0x20, 0x20,
    0x5B, 0xFF, 0x14, 0x00, 0x00, 0x44, 0xFF, 0x18, 0x00, 0x00, 0x00, 0x00, 0x44, 0xFF, 0x14, 0x00,
    0x00, 0x44, 0xFF, 0x18, 0x00, 0x00, 0x00, 0x00, 0x44, 0xFF, 0x14, 0x00, 0x00, 0x44, 0xFF, 0x18,
    0x00, 0x00, 0x00, 0x00, 0x44, 0xFF, 0x14, 0x00, 0x00, 0x44, 0xFF, 0x18, 0x00, 0x00, 0x00, 0x00,
    0x44, 0xFF, 0x14, 0x00, 0x6C, 0xF3, 0xFF, 0xEC, 0x47, 0x00, 0x44, 0xFF, 0x18, 0x00, 0x00, 0x44,
    0xFF, 0x18, 0x00, 0x00, 0x44, 0xFF, 0x18, 0x00, 0x00, 0x44, 0xFF, 0x18, 0x00, 0x00, 0x44, 0xFF,
    0x18, 0x00, 0x00, 0x44, 0xFF, 0x18, 0x00, 0x00, 0x44, 0xFF, 0x18, 0x00, 0x00, 0x44, 0xFF, 0x18,
    0x00, 0x6B, 0xF1, 0xFF, 0xE9, 0x46, 0x00, 0x00, 0x44, 0xFF, 0x18, 0x00, 0x00, 0x44, 0xFF, 0x18,
    0x00, 0x00, 0x44, 0xFF, 0x18, 0x00, 0x00, 0x44, 0xFF, 0x18, 0x00, 0x00, 0x44, 0xFF, 0x18, 0x00,
    0x00, 0x44, 0xFF, 0x18, 0x00, 0x00, 0x44, 0xFF, 0x18, 0x00, 0x00, 0x44, 0xFF, 0x18, 0x00, 0x00,
    0x44, 0xFF, 0x18, 0x00, 0x00, 0x44, 0xFF, 0x18, 0x00, 0x00, 0x48, 0xFF, 0x10, 0x04, 0x04, 0xA1,
    0xDE, 0x00, 0xC0, 0xF9, 0xE5, 0x40, 0x00, 0x09, 0x19, 0x02, 0x00, 0x00, 0x00, 0x44, 0xFF, 0x18,
    0x00, 0x00, 0x02, 0xA4, 0xD5, 0x15, 0x00, 0x44, 0xFF, 0x18, 0x00, 0x00, 0x99, 0xD9, 0x18, 0x00,
    0x00, 0x44, 0xFF, 0x18, 0x00, 0x8E, 0xDC, 0x1B, 0x00, 0x00, 0x00, 0x44, 0xFF, 0x18, 0x84, 0xE0,
    0x1E, 0x00, 0x00, 0x00, 0x00, 0x44, 0xFF, 0x92, 0xFF, 0x60, 0x00, 0x00, 0x00, 0x00, 0x00, 0x44,
    0xFF, 0xC3, 0xA0, 0xEC, 0x1F, 0x00, 0x00, 0x00, 0x00, 0x44, 0xFF, 0x1A, 0x06, 0xC7, 0xCB, 0x07,
    0x00, 0x00, 0x00, 0x44, 0xFF, 0x18, 0x00, 0x1A, 0xE7, 0x9C, 0x00, 0x00, 0x00, 0x44, 0xFF, 0x18,
    0x00, 0x00, 0x3D, 0xFA, 0x64, 0x00, 0x00, 0x44, 0xFF, 0x18, 0x00, 0x00, 0x00, 0x6D, 0xF8, 0x33,
    0x00, 0x44, 0xFF, 0x18, 0x00, 0x00, 0x00, 0x00, 0x00, 0x44, 0xFF, 0x18, 0x00, 0x00, 0x00, 0x00,
    0x00, 0x44, 0xFF, 0x18, 0x00, 0x00, 0x00, 0x00, 0x00, 0x44, 0xFF, 0x18, 0x00, 0x00, 0x00, 0x00,
    0x00, 0x44, 0xFF, 0x18, 0x00, 0x00, 0x00, 0x00, 0x00, 0x44, 0xFF, 0x18, 0x00, 0x00, 0x00, 0x00,
    0x00, 0x44, 0xFF, 0x18, 0x00, 0x00, 0x00, 0x00, 0x00, 0x44, 0xFF, 0x18, 0x00, 0x00, 0x00, 0x00,
    0x00, 0x44, 0xFF, 0x3F, 0x2C, 0x2C, 0x2C, 0x21, 0x00, 0x44, 0xFF, 0xFF, 0xFF, 0xFF, 0xFF, 0xC4,
    0x00, 0x44, 0xFF, 0xF1, 0x0E, 0x00, 0x00, 0x00, 0x00, 0x1B, 0xFD, 0xFF, 0x14, 0x00, 0x00, 0x44,
    0xFF, 0xB9, 0x64, 0x00, 0x00, 0x00, 0x00, 0x7B, 0xD9, 0xFF, 0x14, 0x00, 0x00, 0x44, 0xFF, 0x60,
    0xC4, 0x00, 0x00, 0x00, 0x00, 0xDB, 0x78, 0xFF, 0x14, 0x00, 0x00, 0x44, 0xFF, 0x1C, 0xE9, 0x25,
    0x00, 0x00, 0x3E, 0xD4, 0x44, 0xFF, 0x14, 0x00, 0x00, 0x44, 0xFF, 0x18, 0x93, 0x84, 0x00, 0x00,
    0xA0, 0x75, 0x44, 0xFF, 0x14, 0x00, 0x00, 0x44, 0xFF, 0x18, 0x38, 0xE2, 0x02, 0x0D, 0xF1, 0x19,
    0x44, 0xFF, 0x14, 0x00, 0x00, 0x44, 0xFF, 0x18, 0x00, 0xDD, 0x45, 0x63, 0xB6, 0x00, 0x44, 0xFF,
    0x14, 0x00, 0x00, 0x44, 0xFF, 0x18, 0x00, 0x83, 0xA5, 0xC5, 0x56, 0x00, 0x44, 0xFF, 0x14, 0x00,
    0x00, 0x44, 0xFF, 0x18, 0x00, 0x28, 0xF9, 0xEE, 0x07, 0x00, 0x44, 0xFF, 0x14, 0x00, 0x00, 0x44,
    0xFF, 0x18, 0x00, 0x00, 0xCD, 0x97, 0x00, 0x00, 0x44, 0xFF, 0x14, 0x00, 0x00, 0x44, 0xFF, 0xB8,
    0x00, 0x00, 0x00, 0x00, 0x44, 0xFF, 0x14, 0x00, 0x00, 0x44, 0xFF, 0xF7, 0x54, 0x00, 0x00, 0x00,
    0x44, 0xFF, 0x14, 0x00, 0x00, 0x44, 0xFF, 0x7D, 0xE3, 0x0C, 0x00, 0x00, 0x44, 0xFF, 0x14, 0x00,
    0x00, 0x44, 0xFF, 0x19, 0xC1, 0x8B, 0x00, 0x00, 0x44, 0xFF, 0x14, 0x00, 0x00, 0x44, 0xFF, 0x18,
    0x26, 0xF3, 0x2C, 0x00, 0x44, 0xFF, 0x14, 0x00, 0x00, 0x44, 0xFF, 0x18, 0x00, 0x7B, 0xC1, 0x00,
    0x44, 0xFF, 0x14, 0x00, 0x00, 0x44, 0xFF, 0x18, 0x00, 0x05, 0xD1, 0x5E, 0x44, 0xFF, 0x14, 0x00,
    0x00, 0x44, 0xFF, 0x18, 0x00, 0x00, 0x35, 0xE6, 0x54, 0xFF, 0x14, 0x00, 0x00, 0x44, 0xFF, 0x18,
    0x00, 0x00, 0x00, 0x8F, 0xD3, 0xFF, 0x14, 0x00, 0x00, 0x44, 0xFF, 0x18, 0x00, 0x00, 0x00, 0x0B,
    0xDF, 0xFF, 0x14, 0x00, 0x00, 0x00, 0x2B, 0xA7, 0xE6, 0xF8, 0xDF, 0x90, 0x13, 0x00, 0x00, 0x00,
    0x34, 0xF3, 0x9E, 0x31, 0x16, 0x36, 0xB5, 0xDD, 0x12, 0x00, 0x00, 0xC8, 0xAB, 0x00, 0x00, 0x00,
    0x00, 0x04, 0xDC, 0x92, 0x00, 0x19, 0xFF, 0x46, 0x00, 0x00, 0x00, 0x00, 0x00, 0x78, 0xE5, 0x00,
    0x39, 0xFF, 0x21, 0x00, 0x00, 0x00, 0x00, 0x00, 0x53, 0xFF, 0x08, 0x3C, 0xFF, 0x21, 0x00, 0x00,
    0x00, 0x00, 0x00, 0x4F, 0xFF, 0x0A, 0x1A, 0xFF, 0x46, 0x00, 0x00, 0x00, 0x00, 0x00, 0x75, 0xE7,
    0x00, 0x00, 0xCB, 0xAB, 0x00, 0x00, 0x00, 0x00, 0x04, 0xD5, 0x95, 0x00, 0x00, 0x38, 0xF5, 0x9E,
    0x30, 0x16, 0x3A, 0xB8, 0xE0, 0x15, 0x00, 0x00, 0x00, 0x2D, 0xAB, 0xEB, 0xFA, 0xE3, 0x97, 0x17,
    0x00, 0x00, 0x00, 0x44, 0xFF, 0xFF, 0xFC, 0xE6, 0x9C, 0x11, 0x00, 0x00, 0x44, 0xFF, 0x26, 0x17,
    0x44, 0xDB, 0xAE, 0x00, 0x00, 0x44, 0xFF, 0x18, 0x00, 0x00, 0x5C, 0xF9, 0x05, 0x00, 0x44, 0xFF,
    0x18, 0x00, 0x00, 0x56, 0xF8, 0x03, 0x00, 0x44, 0xFF, 0x18, 0x00, 0x28, 0xCD, 0xAF, 0x00, 0x00,
    0x44, 0xFF, 0xF1, 0xF7, 0xF8, 0xA5, 0x11, 0x00, 0x00, 0x44, 0xFF, 0x35, 0x1B, 0x05, 0x00, 0x00,
    0x00, 0x00, 0x44, 0xFF, 0x18, 0x00, 0x00, 0x00, 0x00, 0x00, 0x00, 0x44, 0xFF, 0x18, 0x00, 0x00,
    0x00, 0x00, 0x00, 0x00, 0x44, 0xFF, 0x18, 0x00, 0x00, 0x00, 0x00, 0x00, 0x00, 0x00, 0x2B, 0xA7,
    0xE6, 0xF8, 0xDF, 0x90, 0x13, 0x00, 0x00, 0x00, 0x34, 0xF3, 0x9E, 0x31, 0x16, 0x36, 0xB5, 0xDD,
    0x12, 0x00, 0x00, 0xC8, 0xAB, 0x00, 0x00, 0x00, 0x00, 0x04, 0xDC, 0x92, 0x00, 0x19, 0xFF, 0x46,
    0x00, 0x00, 0x00, 0x00, 0x00, 0x78, 0xE5, 0x00, 0x39, 0xFF, 0x21, 0x00, 0x00, 0x00, 0x00, 0x00,
    0x53, 0xFF, 0x08, 0x3C, 0xFF, 0x21, 0x00, 0x00, 0x00, 0x00, 0x00, 0x4F, 0xFF, 0x09, 0x1A, 0xFF,
    0x46, 0x00, 0x00, 0x00, 0x00, 0x00, 0x75, 0xE5, 0x00, 0x00, 0xCB, 0xAB, 0x00, 0x00, 0x00, 0x00,
    0x04, 0xD5, 0x92, 0x00, 0x00, 0x38, 0xF5, 0x9E, 0x30, 0x16, 0x3A, 0xB8, 0xDF, 0x14, 0x00, 0x00,
    0x00, 0x2D, 0xAB, 0xEA, 0xFE, 0xFF, 0xA5, 0x16, 0x00, 0x00, 0x00, 0x00, 0x00, 0x00, 0x00, 0x08,
    0xCC, 0xC4, 0x08, 0x00, 0x00, 0x00, 0x00, 0x00, 0x00, 0x00, 0x00, 0x1F, 0xEC, 0xAB, 0x02, 0x00,
    0x00, 0x00, 0x00, 0x00, 0x00, 0x00, 0x00, 0x3B, 0x80, 0x2B, 0x00, 0x00, 0x44, 0xFF, 0xFF, 0xFD,
    0xE8, 0xA1, 0x16, 0x00, 0x00, 0x44, 0xFF, 0x26, 0x13, 0x38, 0xD1, 0xBA, 0x00, 0x00, 0x44, 0xFF,
    0x18, 0x00, 0x00, 0x56, 0xFE, 0x07, 0x00, 0x44, 0xFF, 0x18, 0x00, 0x00, 0x58, 0xFD, 0x07, 0x00,
    0x44, 0xFF, 0x18, 0x00, 0x1D, 0xC9, 0xA3, 0x00, 0x00, 0x44, 0xFF, 0xF1, 0xF4, 0xFF, 0x93, 0x08,
    0x00, 0x00, 0x44, 0xFF, 0x35, 0x20, 0xC8, 0x8A, 0x00, 0x00, 0x00, 0x44, 0xFF, 0x18, 0x00, 0x32,
    0xF9, 0x37, 0x00, 0x00, 0x44, 0xFF, 0x18, 0x00, 0x00, 0x94, 0xD7, 0x08, 0x00, 0x44, 0xFF, 0x18,
    0x00, 0x00, 0x10, 0xE9, 0x8A, 0x00, 0x37, 0xBF, 0xF5, 0xF2, 0xD3, 0x71, 0x00, 0x11, 0xF2, 0x9C,
    0x25, 0x20, 0x4C, 0x46, 0x00, 0x3A, 0xFF, 0x28, 0x00, 0x00, 0x00, 0x00, 0x00, 0x14, 0xF7, 0x8B,
    0x03, 0x00, 0x00, 0x00, 0x00, 0x00, 0x56, 0xF1, 0xDE, 0x78, 0x14, 0x00, 0x00, 0x00, 0x00, 0x0E,
    0x6B, 0xD4, 0xF2, 0x50, 0x00, 0x00, 0x00, 0x00, 0x00, 0x02, 0x9E, 0xEE, 0x02, 0x00, 0x00, 0x00,
    0x00, 0x00, 0x58, 0xFF, 0x0A, 0x28, 0x63, 0x2C, 0x18, 0x3B, 0xCF, 0xBE, 0x00, 0x27, 0xC7, 0xF2,
    0xFC, 0xE5, 0x97, 0x12, 0x00, 0x00, 0xFF, 0xFF, 0xFF, 0xFF, 0xFF, 0xFF, 0xFF, 0xFF, 0x00, 0x00,
    0x10, 0x10, 0x10, 0x4F, 0xFF, 0x22, 0x10, 0x10, 0x00, 0x00, 0x00, 0x00, 0x00, 0x44, 0xFF, 0x14,
    0x00, 0x00, 0x00, 0x00, 0x00, 0x00, 0x00, 0x44, 0xFF, 0x14, 0x00, 0x00, 0x00, 0x00, 0x00, 0x00,
    0x00, 0x44, 0xFF, 0x14, 0x00, 0x00, 0x00, 0x00, 0x00, 0x00, 0x00, 0x44, 0xFF, 0x14, 0x00, 0x00,
    0x00, 0x00, 0x00, 0x00, 0x00, 0x44, 0xFF, 0x14, 0x00, 0x00, 0x00, 0x00, 0x00, 0x00, 0x00, 0x44,
    0xFF, 0x14, 0x00, 0x00, 0x00, 0x00, 0x00, 0x00, 0x00, 0x44, 0xFF, 0x14, 0x00, 0x00, 0x00, 0x00,
    0x00, 0x00, 0x00, 0x44, 0xFF, 0x14, 0x00, 0x00, 0x00, 0x00, 0x44, 0xFF, 0x18, 0x00, 0x00, 0x00,
    0x00, 0x44, 0xFF, 0x14, 0x00, 0x44, 0xFF, 0x18, 0x00, 0x00, 0x00, 0x00, 0x44, 0xFF, 0x14, 0x00,
    0x44, 0xFF, 0x18, 0x00, 0x00, 0x00, 0x00, 0x44, 0xFF, 0x14, 0x00, 0x44, 0xFF, 0x18, 0x00, 0x00,
    0x00, 0x00, 0x44, 0xFF, 0x14, 0x00, 0x44, 0xFF, 0x18, 0x00, 0x00, 0x00, 0x00, 0x44, 0xFF, 0x14,
    0x00, 0x44, 0xFF, 0x18, 0x00, 0x00, 0x00, 0x00, 0x44, 0xFF, 0x14, 0x00, 0x3F, 0xFF, 0x1E, 0x00,
    0x00, 0x00, 0x00, 0x49, 0xFF, 0x0E, 0x00, 0x19, 0xFE, 0x56, 0x00, 0x00, 0x00, 0x00, 0x80, 0xE4,
    0x00, 0x00, 0x00, 0x99, 0xE7, 0x59, 0x1E, 0x1E, 0x6B, 0xF7, 0x68, 0x00, 0x00, 0x00, 0x03, 0x68,
    0xCE, 0xF2, 0xF2, 0xC6, 0x57, 0x00, 0x00, 0xCF, 0x97, 0x00, 0x00, 0x00, 0x00, 0x00, 0x9D, 0xCE,
    0x6E, 0xEF, 0x08, 0x00, 0x00, 0x00, 0x0A, 0xF2, 0x6C, 0x12, 0xF8, 0x59, 0x00, 0x00, 0x00, 0x5D,
    0xF8, 0x12, 0x00, 0xAA, 0xB9, 0x00, 0x00, 0x00, 0xBE, 0xA8, 0x00, 0x00, 0x48, 0xFD, 0x1C, 0x00,
    0x1F, 0xFE, 0x46, 0x00, 0x00, 0x02, 0xE2, 0x7A, 0x00, 0x7E, 0xE2, 0x02, 0x00, 0x00, 0x00, 0x84,
    0xDA, 0x01, 0xDC, 0x82, 0x00, 0x00, 0x00, 0x00, 0x22, 0xFE, 0x66, 0xFE, 0x22, 0x00, 0x00, 0x00,
    0x00, 0x00, 0xC0, 0xE9, 0xBE, 0x00, 0x00, 0x00, 0x00, 0x00, 0x00, 0x5D, 0xFF, 0x5C, 0x00, 0x00,
    0x00, 0xAC, 0xBA, 0x00, 0x00, 0x00, 0x03, 0xEC, 0xC8, 0x00, 0x00, 0x00, 0x00, 0xCB, 0x9B, 0x64,
    0xF7, 0x08, 0x00, 0x00, 0x41, 0xDB, 0xF5, 0x1C, 0x00, 0x00, 0x13, 0xFD, 0x52, 0x1C, 0xFF, 0x45,
    0x00, 0x00, 0x91, 0x98, 0xBB, 0x6D, 0x00, 0x00, 0x57, 0xFB, 0x0E, 0x00, 0xD3, 0x8B, 0x00, 0x00,
    0xE0, 0x4F, 0x6F, 0xC0, 0x00, 0x00, 0x9D, 0xC0, 0x00, 0x00, 0x8B, 0xD0, 0x00, 0x31, 0xF8, 0x0B,
    0x22, 0xFC, 0x15, 0x00, 0xE2, 0x77, 0x00, 0x00, 0x42, 0xFE, 0x17, 0x82, 0xB7, 0x00, 0x00, 0xD4,
    0x65, 0x28, 0xFF, 0x2F, 0x00, 0x00, 0x06, 0xF3, 0x5B, 0xCC, 0x6A, 0x00, 0x00, 0x86, 0xB5, 0x6B,
    0xE5, 0x00, 0x00, 0x00, 0x00, 0xB1, 0xA5, 0xFD, 0x1E, 0x00, 0x00, 0x38, 0xF3, 0xAB, 0x9D, 0x00,
    0x00, 0x00, 0x00, 0x69, 0xF5, 0xD2, 0x00, 0x00, 0x00, 0x01, 0xE7, 0xF5, 0x54, 0x00, 0x00, 0x00,
    0x00, 0x20, 0xFF, 0x86, 0x00, 0x00, 0x00, 0x00, 0x9B, 0xFC, 0x10, 0x00, 0x00, 0x60, 0xF6, 0x26,
    0x00, 0x00, 0x00, 0x4A, 0xF6, 0x28, 0x00, 0xAD, 0xC5, 0x02, 0x00, 0x10, 0xE5, 0x6D, 0x00, 0x00,
    0x14, 0xE8, 0x74, 0x00, 0xA3, 0xB9, 0x01, 0x00, 0x00, 0x00, 0x4B, 0xF6, 0x76, 0xEE, 0x1B, 0x00,
    0x00, 0x00, 0x00, 0x00, 0xA0, 0xFF, 0x60, 0x00, 0x00, 0x00, 0x00, 0x00, 0x08, 0xD6, 0xEC, 0xA8,
    0x00, 0x00, 0x00, 0x00, 0x00, 0x8D, 0xC9, 0x25, 0xF4, 0x57, 0x00, 0x00, 0x00, 0x3D, 0xF6, 0x2A,
    0x00, 0x6F, 0xED, 0x19, 0x00, 0x0C, 0xDD, 0x79, 0x00, 0x00, 0x02, 0xC5, 0xB5, 0x00, 0x99, 0xCC,
    0x04, 0x00, 0x00, 0x00, 0x28, 0xF7, 0x64, 0x8B, 0xE0, 0x07, 0x00, 0x00, 0x00, 0x1B, 0xF6, 0x5D,
    0x0E, 0xE8, 0x73, 0x00, 0x00, 0x00, 0x9C, 0xC7, 0x01, 0x00, 0x63, 0xED, 0x10, 0x00, 0x29, 0xFA,
    0x35, 0x00, 0x00, 0x02, 0xCC, 0x88, 0x00, 0xB1, 0x9E, 0x00, 0x00, 0x00, 0x00, 0x3C, 0xF6, 0x57,
    0xF1, 0x17, 0x00, 0x00, 0x00, 0x00, 0x00, 0xA8, 0xFD, 0x74, 0x00, 0x00, 0x00, 0x00, 0x00, 0x00,
    0x46, 0xFF, 0x19, 0x00, 0x00, 0x00, 0x00, 0x00, 0x00, 0x44, 0xFF, 0x18, 0x00, 0x00, 0x00, 0x00,
    0x00, 0x00, 0x44, 0xFF, 0x18, 0x00, 0x00, 0x00, 0x00, 0x00, 0x00, 0x44, 0xFF, 0x18, 0x00, 0x00,
    0x00, 0x00, 0xFF, 0xFF, 0xFF, 0xFF, 0xFF, 0xFF, 0xFF, 0x00, 0x00, 0x10, 0x10, 0x10, 0x10, 0x18,
    0xDE, 0x98, 0x00, 0x00, 0x00, 0x00, 0x00, 0x00, 0x8D, 0xDF, 0x0C, 0x00, 0x00, 0x00, 0x00, 0x00,
    0x3B, 0xFC, 0x41, 0x00, 0x00, 0x00, 0x00, 0x00, 0x0A, 0xDB, 0x92, 0x00, 0x00, 0x00, 0x00, 0x00,
    0x00, 0x93, 0xDB, 0x0A, 0x00, 0x00, 0x00, 0x00, 0x00, 0x41, 0xFC, 0x3B, 0x00, 0x00, 0x00, 0x00,
    0x00, 0x0C, 0xDF, 0x8C, 0x00, 0x00, 0x00, 0x00, 0x00, 0x00, 0x99, 0xDE, 0x18, 0x10, 0x10, 0x10,
    0x10, 0x00, 0x00, 0xFF, 0xFF, 0xFF, 0xFF, 0xFF, 0xFF, 0xFF, 0x00, 0x44, 0xFF, 0xFF, 0xFF, 0x2C,
    0x44, 0xFF, 0x26, 0x10, 0x02, 0x44, 0xFF, 0x18, 0x00, 0x00, 0x44, 0xFF, 0x18, 0x00, 0x00, 0x44,
    0xFF, 0x18, 0x00, 0x00, 0x44, 0xFF, 0x18, 0x00, 0x00, 0x44, 0xFF, 0x18, 0x00, 0x00, 0x44, 0xFF,
    0x18, 0x00, 0x00, 0x44, 0xFF, 0x18, 0x00, 0x00, 0x44, 0xFF, 0x18, 0x00, 0x00, 0x44, 0xFF, 0x18,
    0x00, 0x00, 0x44, 0xFF, 0x18, 0x00, 0x00, 0x44, 0xFF, 0xF1, 0xF0, 0x29, 0x08, 0x20, 0x20, 0x20,
    0x05, 0xA6, 0xA2, 0x00, 0x00, 0x00, 0x00, 0x40, 0xF7, 0x11, 0x00, 0x00, 0x00, 0x00, 0xD8, 0x6F,
    0x00, 0x00, 0x00, 0x00, 0x74, 0xD5, 0x00, 0x00, 0x00, 0x00, 0x14, 0xF9, 0x3C, 0x00, 0x00, 0x00,
    0x00, 0xA8, 0xA2, 0x00, 0x00, 0x00, 0x00, 0x42, 0xF7, 0x11, 0x00, 0x00, 0x00, 0x01, 0xDA, 0x6F,
    0x00, 0x00, 0x00, 0x00, 0x76, 0xD5, 0x00, 0x00, 0x00, 0x00, 0x15, 0xF9, 0x3C, 0x54, 0xFF, 0xFF,
    0xFF, 0x18, 0x05, 0x10, 0x4F, 0xFF, 0x18, 0x00, 0x00, 0x44, 0xFF, 0x18, 0x00, 0x00, 0x44, 0xFF,
    0x18, 0x00, 0x00, 0x44, 0xFF, 0x18, 0x00, 0x00, 0x44, 0xFF, 0x18, 0x00, 0x00, 0x44, 0xFF, 0x18,
    0x00, 0x00, 0x44, 0xFF, 0x18, 0x00, 0x00, 0x44, 0xFF, 0x18, 0x00, 0x00, 0x44, 0xFF, 0x18, 0x00,
    0x00, 0x44, 0xFF, 0x18, 0x00, 0x00, 0x44, 0xFF, 0x18, 0x4E, 0xF0, 0xF4, 0xFF, 0x18, 0x0A, 0x20,
    0x20, 0x20, 0x03, 0x00, 0x00, 0x00, 0x2F, 0x51, 0x00, 0x00, 0x00, 0x00, 0x00, 0x00, 0x00, 0xBE,
    0xF0, 0x16, 0x00, 0x00, 0x00, 0x00, 0x00, 0x3B, 0xD4, 0x85, 0x94, 0x00, 0x00, 0x00, 0x00, 0x00,
    0xB9, 0x5D, 0x0F, 0xE9, 0x24, 0x00, 0x00, 0x00, 0x36, 0xE1, 0x04, 0x00, 0x78, 0xA9, 0x00, 0x00,
    0x00, 0xB4, 0x6E, 0x00, 0x00, 0x0A, 0xE6, 0x34, 0x00, 0x31, 0xEC, 0x0B, 0x00, 0x00, 0x00, 0x6B,
    0xBE, 0x00, 0x00, 0x00, 0x00, 0x00, 0x00, 0x00, 0x00, 0x00, 0x00, 0x00, 0x00, 0x00, 0x00, 0x00,
    0x00, 0x00, 0x00, 0x00, 0x00, 0x00, 0x00, 0x00, 0x00, 0x00, 0x00, 0x00, 0x00, 0x00, 0x00, 0x00,
    0x00, 0x00, 0x00, 0x00, 0x00, 0x00, 0x00, 0x00, 0x00, 0x00, 0x00, 0x00, 0x00, 0x00, 0x07, 0xF0,
    0xF0, 0xF0, 0xF0, 0xF0, 0xF0, 0xA5, 0x01, 0x20, 0x20, 0x20, 0x20, 0x20, 0x20, 0x16, 0x29, 0x80,
    0x26, 0x00, 0x04, 0xBC, 0xB8, 0x00, 0x00, 0x0C, 0xC0, 0x5E, 0x00, 0x00, 0x00, 0x00, 0x00, 0x00,
    0x00, 0x00, 0x00, 0x00, 0x00, 0x00, 0x00, 0x00, 0x00, 0x00, 0x00, 0x00, 0x00, 0x00, 0x00, 0x00,
    0x00, 0x00, 0x00, 0x00, 0x00, 0x00, 0x00, 0x00, 0x00, 0x00, 0x00, 0x00, 0x00, 0x00, 0x00, 0x21,
    0xAA, 0xE4, 0xF5, 0xCC, 0x3B, 0x00, 0x00, 0x12, 0x6B, 0x29, 0x1D, 0xAB, 0xDD, 0x00, 0x00, 0x00,
    0x00, 0x00, 0x00, 0x4B, 0xFF, 0x0C, 0x00, 0x29, 0xA4, 0xD7, 0xED, 0xF4, 0xFF, 0x14, 0x0B, 0xE7,
    0xB4, 0x3E, 0x24, 0x5C, 0xFF, 0x14, 0x38, 0xFF, 0x25, 0x00, 0x00, 0x67, 0xFF, 0x14, 0x1D, 0xFE,
    0x78, 0x19, 0x4A, 0xD6, 0xFF, 0x14, 0x00, 0x6D, 0xDF, 0xF5, 0xBC, 0x2A, 0xFC, 0x14, 0x00, 0x44,
    0xFF, 0x18, 0x00, 0x00, 0x00, 0x00, 0x00, 0x00, 0x00, 0x44, 0xFF, 0x18, 0x00, 0x00, 0x00, 0x00,
    0x00, 0x00, 0x00, 0x44, 0xFF, 0x18, 0x00, 0x00, 0x00, 0x00, 0x00, 0x00, 0x00, 0x44, 0xFF, 0x4A,
    0xCE, 0xF7, 0xD9, 0x70, 0x01, 0x00, 0x00, 0x44, 0xFF, 0xCC, 0x38, 0x19, 0x56, 0xF1, 0x6B, 0x00,
    0x00, 0x44, 0xFF, 0x49, 0x00, 0x00, 0x00, 0x85, 0xDC, 0x00, 0x00, 0x44, 0xFF, 0x1F, 0x00, 0x00,
    0x00, 0x51, 0xFC, 0x05, 0x00, 0x44, 0xFF, 0x24, 0x00, 0x00, 0x00, 0x53, 0xFF, 0x08, 0x00, 0x44,
    0xFF, 0x53, 0x00, 0x00, 0x00, 0x88, 0xE0, 0x00, 0x00, 0x44, 0xFF, 0xD3, 0x41, 0x1B, 0x57, 0xF3,
    0x76, 0x00, 0x00, 0x44, 0xDB, 0x36, 0xCE, 0xF9, 0xE2, 0x7B, 0x02, 0x00, 0x00, 0x08, 0x8A, 0xE4,
    0xF8, 0xD8, 0x2D, 0x00, 0x9E, 0xDD, 0x3C, 0x19, 0x45, 0x07, 0x12, 0xFB, 0x52, 0x00, 0x00, 0x00,
    0x00, 0x38, 0xFF, 0x20, 0x00, 0x00, 0x00, 0x00, 0x39, 0xFF, 0x20, 0x00, 0x00, 0x00, 0x00, 0x15,
    0xFD, 0x51, 0x00, 0x00, 0x00, 0x00, 0x00, 0xA7, 0xDA, 0x37, 0x18, 0x41, 0x1C, 0x00, 0x0B, 0x94,
    0xE9, 0xF9, 0xD8, 0x26, 0x00, 0x00, 0x00, 0x00, 0x00, 0x00, 0x44, 0xFF, 0x14, 0x00, 0x00, 0x00,
    0x00, 0x00, 0x00, 0x44, 0xFF, 0x14, 0x00, 0x00, 0x00, 0x00, 0x00, 0x00, 0x44, 0xFF, 0x14, 0x00,
    0x0A, 0x97, 0xEC, 0xF2, 0xB9, 0x62, 0xFF, 0x14, 0x00, 0x99, 0xE5, 0x45, 0x1C, 0x58, 0xEA, 0xFF,
    0x14, 0x0F, 0xFC, 0x5F, 0x00, 0x00, 0x00, 0x84, 0xFF, 0x14, 0x33, 0xFF, 0x26, 0x00, 0x00, 0x00,
    0x52, 0xFF, 0x14, 0x33, 0xFF, 0x25, 0x00, 0x00, 0x00, 0x4C, 0xFF, 0x14, 0x10, 0xFD, 0x59, 0x00,
    0x00, 0x00, 0x78, 0xFF, 0x14, 0x00, 0x9F, 0xE0, 0x42, 0x1A, 0x4F, 0xE2, 0xFF, 0x14, 0x00, 0x0A,
    0x90, 0xE3, 0xF2, 0xB8, 0x3B, 0xFF, 0x14, 0x00, 0x01, 0x6F, 0xD9, 0xF8, 0xE0, 0x80, 0x05, 0x00,
    0x00, 0x84, 0xDD, 0x46, 0x17, 0x41, 0xE6, 0x8D, 0x00, 0x0C, 0xF6, 0x49, 0x00, 0x00, 0x00, 0x67,
    0xF3, 0x01, 0x36, 0xFF, 0xF1, 0xF0, 0xF0, 0xF0, 0xF4, 0xFF, 0x11, 0x37, 0xFF, 0x43, 0x20, 0x20,
    0x20, 0x20, 0x20, 0x02, 0x0F, 0xF7, 0x67, 0x00, 0x00, 0x00, 0x00, 0x00, 0x00, 0x00, 0x85, 0xF0,
    0x64, 0x1F, 0x1E, 0x40, 0x5F, 0x00, 0x00, 0x01, 0x67, 0xCE, 0xF6, 0xF3, 0xD5, 0x71, 0x00, 0x00,
    0x00, 0x62, 0xE0, 0xF9, 0xCC, 0x01, 0x00, 0x18, 0xFC, 0x7B, 0x17, 0x22, 0x00, 0x00, 0x40, 0xFF,
    0x1C, 0x00, 0x00, 0x00, 0x79, 0xEF, 0xFF, 0xFF, 0xFF, 0x3C, 0x00, 0x0B, 0x4F, 0xFF, 0x26, 0x10,
    0x03, 0x00, 0x00, 0x44, 0xFF, 0x18, 0x00, 0x00, 0x00, 0x00, 0x44, 0xFF, 0x18, 0x00, 0x00, 0x00,
    0x00, 0x44, 0xFF, 0x18, 0x00, 0x00, 0x00, 0x00, 0x44, 0xFF, 0x18, 0x00, 0x00, 0x00, 0x00, 0x44,
    0xFF, 0x18, 0x00, 0x00, 0x00, 0x00, 0x44, 0xFF, 0x18, 0x00, 0x00, 0x00, 0x00, 0x09, 0x97, 0xED,
    0xF6, 0xB9, 0x3F, 0xFF, 0x14, 0x00, 0x96, 0xE1, 0x3D, 0x18, 0x55, 0xE8, 0xFF, 0x14, 0x0E, 0xFA,
    0x58, 0x00, 0x00, 0x00, 0x7C, 0xFF, 0x14, 0x32, 0xFF, 0x21, 0x00, 0x00, 0x00, 0x4C, 0xFF, 0x14,
    0x33, 0xFF, 0x25, 0x00, 0x00, 0x00, 0x4B, 0xFF, 0x14, 0x10, 0xFC, 0x5A, 0x00, 0x00, 0x00, 0x76,
    0xFF, 0x14, 0x00, 0x9D, 0xE1, 0x42, 0x1A, 0x50, 0xE3, 0xFF, 0x14, 0x00, 0x0C, 0x9C, 0xEF, 0xF7,
    0xBC, 0x67, 0xFF, 0x14, 0x00, 0x00, 0x00, 0x00, 0x00, 0x00, 0x4C, 0xFF, 0x0F, 0x00, 0x00, 0x00,
    0x00, 0x00, 0x00, 0x82, 0xF1, 0x00, 0x00, 0x74, 0x60, 0x2C, 0x1A, 0x5C, 0xF4, 0x91, 0x00, 0x00,
    0x60, 0xCF, 0xF0, 0xFA, 0xDE, 0x84, 0x06, 0x00, 0x00, 0x44, 0xFF, 0x18, 0x00, 0x00, 0x00, 0x00,
    0x00, 0x00, 0x44, 0xFF, 0x18, 0x00, 0x00, 0x00, 0x00, 0x00, 0x00, 0x44, 0xFF, 0x18, 0x00, 0x00,
    0x00, 0x00, 0x00, 0x00, 0x44, 0xFF, 0x56, 0xD2, 0xF8, 0xD1, 0x37, 0x00, 0x00, 0x44, 0xFF, 0xC1,
    0x2C, 0x21, 0xBE, 0xD7, 0x00, 0x00, 0x44, 0xFF, 0x44, 0x00, 0x00, 0x52, 0xFF, 0x0B, 0x00, 0x44,
    0xFF, 0x1E, 0x00, 0x00, 0x44, 0xFF, 0x14, 0x00, 0x44, 0xFF, 0x18, 0x00, 0x00, 0x44, 0xFF, 0x14,
    0x00, 0x44, 0xFF, 0x18, 0x00, 0x00, 0x44, 0xFF, 0x14, 0x00, 0x44, 0xFF, 0x18, 0x00, 0x00, 0x44,
    0xFF, 0x14, 0x00, 0x44, 0xFF, 0x18, 0x00, 0x00, 0x44, 0xFF, 0x14, 0x00, 0x24, 0xE4, 0x04, 0x00,
    0x00, 0x03, 0x00, 0x00, 0x00, 0x00, 0x00, 0x00, 0x44, 0xFF, 0x18, 0x00, 0x44, 0xFF, 0x18, 0x00,
    0x44, 0xFF, 0x18, 0x00, 0x44, 0xFF, 0x18, 0x00, 0x44, 0xFF, 0x18, 0x00, 0x44, 0xFF, 0x18, 0x00,
    0x44, 0xFF, 0x18, 0x00, 0x44, 0xFF, 0x18, 0x00, 0x00, 0x24, 0xE4, 0x04, 0x00, 0x00, 0x00, 0x03,
    0x00, 0x00, 0x00, 0x00, 0x00, 0x00, 0x00, 0x00, 0x44, 0xFF, 0x18, 0x00, 0x00, 0x44, 0xFF, 0x18,
    0x00, 0x00, 0x44, 0xFF, 0x18, 0x00, 0x00, 0x44, 0xFF, 0x18, 0x00, 0x00, 0x44, 0xFF, 0x18, 0x00,
    0x00, 0x44, 0xFF, 0x18, 0x00, 0x00, 0x44, 0xFF, 0x18, 0x00, 0x00, 0x44, 0xFF, 0x18, 0x00, 0x00,
    0x44, 0xFF, 0x18, 0x00, 0x00, 0x46, 0xFF, 0x12, 0x0C, 0x18, 0x8C, 0xEA, 0x00, 0x3A, 0xF7, 0xE8,
    0x50, 0x00, 0x00, 0x44, 0xFF, 0x18, 0x00, 0x00, 0x00, 0x00, 0x00, 0x00, 0x44, 0xFF, 0x18, 0x00,
    0x00, 0x00, 0x00, 0x00, 0x00, 0x44, 0xFF, 0x18, 0x00, 0x00, 0x00, 0x00, 0x00, 0x00, 0x44, 0xFF,
    0x18, 0x00, 0x0B, 0xC5, 0xB4, 0x05, 0x00, 0x44, 0xFF, 0x18, 0x07, 0xBA, 0xBD, 0x08, 0x00, 0x00,
    0x44, 0xFF, 0x1A, 0xAF, 0xC5, 0x0B, 0x00, 0x00, 0x00, 0x44, 0xFF, 0xA4, 0xFE, 0x27, 0x00, 0x00,
    0x00, 0x00, 0x44, 0xFF, 0xB6, 0xC4, 0xBE, 0x03, 0x00, 0x00, 0x00, 0x44, 0xFF, 0x18, 0x1C, 0xEC,
    0x84, 0x00, 0x00, 0x00, 0x44, 0xFF, 0x18, 0x00, 0x4B, 0xFD, 0x49, 0x00, 0x00, 0x44, 0xFF, 0x18,
    0x00, 0x00, 0x8B, 0xEC, 0x1D, 0x00, 0x44, 0xFF, 0x18, 0x00, 0x44, 0xFF, 0x18, 0x00, 0x44, 0xFF,
    0x18, 0x00, 0x44, 0xFF, 0x18, 0x00, 0x44, 0xFF, 0x18, 0x00, 0x44, 0xFF, 0x18, 0x00, 0x44, 0xFF,
    0x18, 0x00, 0x44, 0xFF, 0x18, 0x00, 0x44, 0xFF, 0x18, 0x00, 0x44, 0xFF, 0x18, 0x00, 0x44, 0xFF,
    0x18, 0x00, 0x44, 0xE9, 0x42, 0xD1, 0xF8, 0xD0, 0x38, 0x57, 0xD7, 0xF7, 0xCC, 0x34, 0x00, 0x00,
    0x44, 0xFF, 0xC0, 0x2C, 0x27, 0xC1, 0xEC, 0xC8, 0x31, 0x20, 0xBD, 0xD3, 0x00, 0x00, 0x44, 0xFF,
    0x44, 0x00, 0x00, 0x56, 0xFF, 0x40, 0x00, 0x00, 0x51, 0xFE, 0x08, 0x00, 0x44, 0xFF, 0x1D, 0x00,
    0x00, 0x44, 0xFF, 0x19, 0x00, 0x00, 0x44, 0xFF, 0x14, 0x00, 0x44, 0xFF, 0x18, 0x00, 0x00, 0x44,
    0xFF, 0x14, 0x00, 0x00, 0x44, 0xFF, 0x14, 0x00, 0x44, 0xFF, 0x18, 0x00, 0x00, 0x44, 0xFF, 0x14,
    0x00, 0x00, 0x44, 0xFF, 0x14, 0x00, 0x44, 0xFF, 0x18, 0x00, 0x00, 0x44, 0xFF, 0x14, 0x00, 0x00,
    0x44, 0xFF, 0x14, 0x00, 0x44, 0xFF, 0x18, 0x00, 0x00, 0x44, 0xFF, 0x14, 0x00, 0x00, 0x44, 0xFF,
    0x14, 0x00, 0x44, 0xE9, 0x42, 0xD0, 0xF5, 0xCA, 0x32, 0x00, 0x00, 0x44, 0xFF, 0xC4, 0x31, 0x21,
    0xBE, 0xD2, 0x00, 0x00, 0x44, 0xFF, 0x48, 0x00, 0x00, 0x52, 0xFE, 0x08, 0x00, 0x44, 0xFF, 0x21,
    0x00, 0x00, 0x44, 0xFF, 0x14, 0x00, 0x44, 0xFF, 0x18, 0x00, 0x00, 0x44, 0xFF, 0x14, 0x00, 0x44,
    0xFF, 0x18, 0x00, 0x00, 0x44, 0xFF, 0x14, 0x00, 0x44, 0xFF, 0x18, 0x00, 0x00, 0x44, 0xFF, 0x14,
    0x00, 0x44, 0xFF, 0x18, 0x00, 0x00, 0x44, 0xFF, 0x14, 0x00, 0x05, 0x84, 0xE1, 0xF8, 0xD3, 0x5D,
    0x00, 0x00, 0x00, 0x99, 0xE2, 0x45, 0x19, 0x57, 0xF4, 0x5E, 0x00, 0x11, 0xFB, 0x5B, 0x00, 0x00,
    0x00, 0x85, 0xD8, 0x00, 0x38, 0xFF, 0x25, 0x00, 0x00, 0x00, 0x4D, 0xFF, 0x07, 0x3A, 0xFF, 0x2B,
    0x00, 0x00, 0x00, 0x59, 0xFF, 0x0A, 0x0F, 0xF9, 0x5A, 0x00, 0x00, 0x00, 0x8A, 0xD8, 0x00, 0x00,
    0x84, 0xE1, 0x41, 0x17, 0x55, 0xF3, 0x56, 0x00, 0x00, 0x03, 0x76, 0xDA, 0xF4, 0xD0, 0x59, 0x00,
    0x00, 0x00, 0x44, 0xEB, 0x3E, 0xC9, 0xF5, 0xD9, 0x70, 0x01, 0x00, 0x00, 0x44, 0xFF, 0xCA, 0x38,
    0x1A, 0x5C, 0xF5, 0x79, 0x00, 0x00, 0x44, 0xFF, 0x45, 0x00, 0x00, 0x00, 0x8B, 0xE4, 0x00, 0x00,
    0x44, 0xFF, 0x1C, 0x00, 0x00, 0x00, 0x52, 0xFF, 0x0B, 0x00, 0x44, 0xFF, 0x20, 0x00, 0x00, 0x00,
    0x5B, 0xFF, 0x08, 0x00, 0x44, 0xFF, 0x50, 0x00, 0x00, 0x00, 0x8F, 0xDD, 0x00, 0x00, 0x44, 0xFF,
    0xD3, 0x3C, 0x17, 0x58, 0xF6, 0x70, 0x00, 0x00, 0x44, 0xFF, 0x4F, 0xCA, 0xF6, 0xE1, 0x77, 0x01,
    0x00, 0x00, 0x44, 0xFF, 0x17, 0x00, 0x00, 0x00, 0x00, 0x00, 0x00, 0x00, 0x44, 0xFF, 0x18, 0x00,
    0x00, 0x00, 0x00, 0x00, 0x00, 0x00, 0x44, 0xFF, 0x18, 0x00, 0x00, 0x00, 0x00, 0x00, 0x00, 0x00,
    0x44, 0xFF, 0x18, 0x00, 0x00, 0x00, 0x00, 0x00, 0x00, 0x00, 0x08, 0x91, 0xEA, 0xF6, 0xB9, 0x30,
    0xFF, 0x14, 0x00, 0x9F, 0xE5, 0x44, 0x1C, 0x59, 0xE7, 0xFF, 0x14, 0x12, 0xFB, 0x5F, 0x00, 0x00,
    0x00, 0x84, 0xFF, 0x14, 0x38, 0xFF, 0x26, 0x00, 0x00, 0x00, 0x52, 0xFF, 0x14, 0x33, 0xFF, 0x25,
    0x00, 0x00, 0x00, 0x49, 0xFF, 0x14, 0x10, 0xFD, 0x59, 0x00, 0x00, 0x00, 0x6F, 0xFF, 0x14, 0x00,
    0x9C, 0xE0, 0x42, 0x17, 0x46, 0xDE, 0xFF, 0x14, 0x00, 0x09, 0x8F, 0xE3, 0xF6, 0xB9, 0x64, 0xFF,
    0x14, 0x00, 0x00, 0x00, 0x00, 0x00, 0x00, 0x44, 0xFF, 0x14, 0x00, 0x00, 0x00, 0x00, 0x00, 0x00,
    0x44, 0xFF, 0x14, 0x00, 0x00, 0x00, 0x00, 0x00, 0x00, 0x44, 0xFF, 0x14, 0x00, 0x00, 0x00, 0x00,
    0x00, 0x00, 0x44, 0xFF, 0x14, 0x00, 0x44, 0xE4, 0x26, 0xBD, 0xF6, 0x61, 0x00, 0x44, 0xFC, 0xCE,
    0x56, 0x19, 0x0C, 0x00, 0x44, 0xFF, 0x65, 0x00, 0x00, 0x00, 0x00, 0x44, 0xFF, 0x24, 0x00, 0x00,
    0x00, 0x00, 0x44, 0xFF, 0x18, 0x00, 0x00, 0x00, 0x00, 0x44, 0xFF, 0x18, 0x00, 0x00, 0x00, 0x00,
    0x44, 0xFF, 0x18, 0x00, 0x00, 0x00, 0x00, 0x44, 0xFF, 0x18, 0x00, 0x00, 0x00, 0x00, 0x63, 0xDA,
    0xF8, 0xE3, 0x84, 0x00, 0x24, 0xFF, 0x66, 0x17, 0x3A, 0x45, 0x00, 0x2F, 0xFF, 0x5B, 0x00, 0x00,
    0x00, 0x00, 0x00, 0x80, 0xFA, 0xB8, 0x41, 0x00, 0x00, 0x00, 0x00, 0x1E, 0x90, 0xFA, 0x8F, 0x00,
    0x00, 0x00, 0x00, 0x00, 0x68, 0xFE, 0x0A, 0x27, 0x5F, 0x24, 0x1D, 0xA0, 0xEA, 0x01, 0x22, 0xC2,
    0xF1, 0xEF, 0xC3, 0x3D, 0x00, 0x00, 0x00, 0xD9, 0x18, 0x00, 0x00, 0x00, 0x28, 0xFF, 0x18, 0x00,
    0x00, 0x47, 0xF3, 0xFF, 0xFF, 0xFF, 0x3C, 0x06, 0x4F, 0xFF, 0x26, 0x10, 0x03, 0x00, 0x44, 0xFF,
    0x18, 0x00, 0x00, 0x00, 0x44, 0xFF, 0x18, 0x00, 0x00, 0x00, 0x44, 0xFF, 0x18, 0x00, 0x00, 0x00,
    0x42, 0xFF, 0x1B, 0x00, 0x00, 0x00, 0x23, 0xFF, 0x70, 0x18, 0x0B, 0x00, 0x00, 0x81, 0xE9, 0xF1,
    0x30, 0x44, 0xFF, 0x18, 0x00, 0x00, 0x44, 0xFF, 0x14, 0x44, 0xFF, 0x18, 0x00, 0x00, 0x44, 0xFF,
    0x14, 0x44, 0xFF, 0x18, 0x00, 0x00, 0x44, 0xFF, 0x14, 0x44, 0xFF, 0x18, 0x00, 0x00, 0x44, 0xFF,
    0x14, 0x44, 0xFF, 0x18, 0x00, 0x00, 0x4A, 0xFF, 0x14, 0x3C, 0xFF, 0x25, 0x00, 0x00, 0x74, 0xFF,
    0x14, 0x11, 0xF9, 0x99, 0x1A, 0x3B, 0xDD, 0xFF, 0x14, 0x00, 0x5B, 0xE0, 0xF8, 0xC6, 0x46, 0xFF,
    0x14, 0xCF, 0x96, 0x00, 0x00, 0x00, 0x08, 0xF1, 0x6E, 0x6E, 0xED, 0x06, 0x00, 0x00, 0x57, 0xF9,
    0x13, 0x13, 0xF9, 0x50, 0x00, 0x00, 0xB3, 0xAA, 0x00, 0x00, 0xAB, 0xAD, 0x00, 0x14, 0xFA, 0x48,
    0x00, 0x00, 0x4A, 0xF9, 0x11, 0x6B, 0xE3, 0x02, 0x00, 0x00, 0x03, 0xE5, 0x63, 0xC5, 0x84, 0x00,
    0x00, 0x00, 0x00, 0x87, 0xC5, 0xFD, 0x23, 0x00, 0x00, 0x00, 0x00, 0x25, 0xFF, 0xC0, 0x00, 0x00,
    0x00, 0xB1, 0xA8, 0x00, 0x00, 0x06, 0xF1, 0xC6, 0x00, 0x00, 0x00, 0xDA, 0x7B, 0x6B, 0xEA, 0x01,
    0x00, 0x49, 0xE1, 0xFC, 0x17, 0x00, 0x1D, 0xFF, 0x34, 0x24, 0xFF, 0x2E, 0x00, 0x9A, 0x97, 0xD1,
    0x64, 0x00, 0x60, 0xEB, 0x01, 0x00, 0xDD, 0x70, 0x02, 0xE8, 0x50, 0x88, 0xB3, 0x00, 0xA4, 0xA5,
    0x00, 0x00, 0x97, 0xB2, 0x3A, 0xF5, 0x09, 0x3A, 0xF7, 0x0B, 0xE6, 0x5D, 0x00, 0x00, 0x51, 0xEE,
    0x83, 0xAD, 0x00, 0x02, 0xE9, 0x72, 0xFE, 0x17, 0x00, 0x00, 0x0E, 0xFB, 0xE0, 0x5B, 0x00, 0x00,
    0x9E, 0xE1, 0xCE, 0x00, 0x00, 0x00, 0x00, 0xC3, 0xF9, 0x0F, 0x00, 0x00, 0x4F, 0xFF, 0x87, 0x00,
    0x00, 0x3F, 0xFB, 0x40, 0x00, 0x00, 0x50, 0xF8, 0x2F, 0x00, 0x87, 0xE0, 0x0D, 0x15, 0xE9, 0x72,
    0x00, 0x00, 0x05, 0xCB, 0x9D, 0xAD, 0xBA, 0x01, 0x00, 0x00, 0x00, 0x26, 0xF6, 0xED, 0x19, 0x00,
    0x00, 0x00, 0x00, 0x3E, 0xF8, 0xF7, 0x2F, 0x00, 0x00, 0x00, 0x10, 0xE2, 0x7D, 0x8E, 0xD6, 0x09,
    0x00, 0x00, 0xA9, 0xC7, 0x03, 0x08, 0xD5, 0x98, 0x00, 0x61, 0xF4, 0x24, 0x00, 0x00, 0x32, 0xFA,
    0x50, 0x08, 0xEE, 0x6E, 0x00, 0x00, 0x00, 0x21, 0xFF, 0x4C, 0x00, 0x93, 0xCD, 0x00, 0x00, 0x00,
    0x79, 0xE9, 0x04, 0x00, 0x30, 0xFF, 0x2C, 0x00, 0x00, 0xD1, 0x90, 0x00, 0x00, 0x00, 0xCD, 0x8A,
    0x00, 0x28, 0xFF, 0x32, 0x00, 0x00, 0x00, 0x6A, 0xE6, 0x02, 0x80, 0xD3, 0x00, 0x00, 0x00, 0x00,
    0x10, 0xF7, 0x3F, 0xD6, 0x75, 0x00, 0x00, 0x00, 0x00, 0x00, 0xA4, 0xAD, 0xFD, 0x1A, 0x00, 0x00,
    0x00, 0x00, 0x00, 0x41, 0xFF, 0xB9, 0x00, 0x00, 0x00, 0x00, 0x00, 0x00, 0x0A, 0xFB, 0x5A, 0x00,
    0x00, 0x00, 0x00, 0x00, 0x00, 0x61, 0xED, 0x09, 0x00, 0x00, 0x00, 0x00, 0x18, 0x3B, 0xE4, 0x7B,
    0x00, 0x00, 0x00, 0x00, 0x00, 0xF2, 0xF3, 0x98, 0x04, 0x00, 0x00, 0x00, 0x00, 0x00, 0xFF, 0xFF,
    0xFF, 0xFF, 0xFF, 0xFF, 0x00, 0x00, 0x10, 0x10, 0x10, 0x1C, 0xE0, 0xA1, 0x00, 0x00, 0x00, 0x00,
    0x00, 0xA2, 0xCF, 0x09, 0x00, 0x00, 0x00, 0x00, 0x5D, 0xEE, 0x22, 0x00, 0x00, 0x00, 0x00, 0x25,
    0xF1, 0x4A, 0x00, 0x00, 0x00, 0x00, 0x06, 0xCE, 0x7F, 0x00, 0x00, 0x00, 0x00, 0x00, 0x91, 0xC0,
    0x11, 0x10, 0x10, 0x10, 0x00, 0x00, 0xFF, 0xFF, 0xFF, 0xFF, 0xFF, 0xFF, 0x00, 0x00, 0x00, 0x00,
    0x4C, 0xD1, 0xB6, 0x00, 0x00, 0x18, 0xF9, 0x8D, 0x17, 0x00, 0x00, 0x41, 0xFF, 0x1E, 0x00, 0x00,
    0x00, 0x44, 0xFF, 0x18, 0x00, 0x00, 0x00, 0x48, 0xFF, 0x15, 0x00, 0x00, 0x0C, 0xA6, 0xE2, 0x01,
    0x00, 0x40, 0xFF, 0xD3, 0x27, 0x00, 0x00, 0x09, 0x3B, 0xC3, 0xC8, 0x00, 0x00, 0x00, 0x00, 0x4E,
    0xFF, 0x13, 0x00, 0x00, 0x00, 0x44, 0xFF, 0x18, 0x00, 0x00, 0x00, 0x43, 0xFF, 0x1B, 0x00, 0x00,
    0x00, 0x22, 0xFF, 0x6E, 0x02, 0x00, 0x00, 0x00, 0x74, 0xEE, 0xB8, 0x00, 0x00, 0x00, 0x00, 0x00,
    0x0C, 0x00, 0x00, 0x00, 0x44, 0xFF, 0x18, 0x00, 0x00, 0x00, 0x00, 0x00, 0x00, 0x44, 0xFF, 0x18,
    0x00, 0x00, 0x00, 0x00, 0x00, 0x00, 0x44, 0xFF, 0x18, 0x00, 0x00, 0x00, 0x00, 0x00, 0x00, 0x44,
    0xFF, 0x18, 0x00, 0x00, 0x00, 0x00, 0x00, 0x00, 0x44, 0xFF, 0x18, 0x00, 0x00, 0x00, 0x00, 0x00,
    0x00, 0x44, 0xFF, 0x18, 0x00, 0x00, 0x00, 0x00, 0x00, 0x00, 0x44, 0xFF, 0x18, 0x00, 0x00, 0x00,
    0x00, 0x00, 0x00, 0x44, 0xFF, 0x18, 0x00, 0x00, 0x00, 0x00, 0x00, 0x00, 0x44, 0xFF, 0x18, 0x00,
    0x00, 0x00, 0x00, 0x00, 0x00, 0x44, 0xFF, 0x18, 0x00, 0x00, 0x00, 0x00, 0x00, 0x00, 0x44, 0xFF,
    0x18, 0x00, 0x00, 0x00, 0x00, 0x00, 0x00, 0x44, 0xFF, 0x18, 0x00, 0x00, 0x00, 0x00, 0x00, 0x00,
    0x44, 0xFF, 0x18, 0x00, 0x00, 0x00, 0x00, 0x00, 0x00, 0x44, 0xFF, 0x18, 0x00, 0x00, 0x00, 0x00,
    0x00, 0x00, 0x44, 0xFF, 0x18, 0x00, 0x00, 0x00, 0xBD, 0xCC, 0x3C, 0x00, 0x00, 0x1A, 0xAC, 0xE8,
    0x02, 0x00, 0x00, 0x4A, 0xFF, 0x15, 0x00, 0x00, 0x44, 0xFF, 0x18, 0x00, 0x00, 0x42, 0xFF, 0x1B,
    0x00, 0x00, 0x19, 0xF8, 0x70, 0x02, 0x00, 0x00, 0x45, 0xEA, 0xB8, 0x00, 0x0F, 0xE7, 0x94, 0x22,
    0x00, 0x40, 0xFF, 0x1F, 0x00, 0x00, 0x44, 0xFF, 0x18, 0x00, 0x00, 0x47, 0xFF, 0x17, 0x00, 0x04,
    0x98, 0xF1, 0x04, 0x00, 0xC1, 0xE7, 0x51, 0x00, 0x00, 0x12, 0x01, 0x00, 0x00, 0x00, 0x00, 0x72,
    0xDC, 0xD5, 0x80, 0x1A, 0x04, 0x80, 0x00, 0x00, 0xB0, 0x2F, 0x4D, 0xB0, 0xFA, 0xF7, 0x9F, 0x00,
    0x00, 0x02, 0x00, 0x00, 0x00, 0x09, 0x0E, 0x00, 0x00, 0x00, 0x00, 0x00, 0x00, 0x00, 0x00, 0x00,
    0x00, 0x00, 0x00, 0x00, 0x00, 0x00, 0x00, 0x00, 0x00, 0x00, 0x00, 0x00, 0x00, 0x00, 0x00, 0x00,
    0x00, 0x00, 0x00, 0x00, 0x00, 0x00, 0x00, 0x00, 0x00, 0x40, 0xFD, 0x44, 0x00, 0x00, 0x00, 0x00,
    0x00, 0x00, 0x00, 0x02, 0xCC, 0x75, 0x00, 0x00, 0x00, 0x00, 0x00, 0x00, 0x00, 0x00, 0x21, 0x5E,
    0x00, 0x00, 0x00, 0x00, 0x00, 0x00, 0x00, 0x00, 0x00, 0x00, 0x00, 0x00, 0x00, 0x00, 0x00, 0x00,
    0x00, 0x00, 0x2B, 0xA7, 0xE6, 0xF8, 0xDF, 0x90, 0x13, 0x00, 0x00, 0x00, 0x34, 0xF3, 0x9E, 0x31,
    0x16, 0x36, 0xB5, 0xDD, 0x12, 0x00, 0x00, 0xC8, 0xAB, 0x00, 0x00, 0x00, 0x00, 0x04, 0xDC, 0x92,
    0x00, 0x19, 0xFF, 0x46, 0x00, 0x00, 0x00, 0x00, 0x00, 0x78, 0xE5, 0x00, 0x39, 0xFF, 0x21, 0x00,
    0x00, 0x00, 0x00, 0x00, 0x53, 0xFF, 0x08, 0x3C, 0xFF, 0x21, 0x00, 0x00, 0x00, 0x00, 0x00, 0x4F,
    0xFF, 0x0A, 0x1A, 0xFF, 0x46, 0x00, 0x00, 0x00, 0x00, 0x00, 0x75, 0xE7, 0x00, 0x00, 0xCB, 0xAB,
    0x00, 0x00, 0x00, 0x00, 0x04, 0xD5, 0x95, 0x00, 0x00, 0x38, 0xF5, 0x9E, 0x30, 0x16, 0x3A, 0xB8,
    0xE0, 0x15, 0x00, 0x00, 0x00, 0x2D, 0xAB, 0xEB, 0xFA, 0xE3, 0x97, 0x17, 0x00, 0x00, 0x00, 0x00,
    0x00, 0x00, 0x01, 0x2F, 0x1C, 0x00, 0x00, 0x00, 0x00, 0x00, 0x00, 0x67, 0xEF, 0x2E, 0x00, 0x00,
    0x00, 0x00, 0x00, 0x27, 0xD9, 0x30, 0x00, 0x00, 0x00, 0x00, 0x00, 0x00, 0x00, 0x00, 0x00, 0x00,
    0x00, 0x00, 0x00, 0x05, 0x84, 0xE1, 0xF8, 0xD3, 0x5D, 0x00, 0x00, 0x00, 0x99, 0xE2, 0x45, 0x19,
    0x57, 0xF4, 0x5E, 0x00, 0x11, 0xFB, 0x5B, 0x00, 0x00, 0x00, 0x85, 0xD8, 0x00, 0x38, 0xFF, 0x25,
    0x00, 0x00, 0x00, 0x4D, 0xFF, 0x07, 0x3A, 0xFF, 0x2B, 0x00, 0x00, 0x00, 0x59, 0xFF, 0x0A, 0x0F,
    0xF9, 0x5A, 0x00, 0x00, 0x00, 0x8A, 0xD8, 0x00, 0x00, 0x84, 0xE1, 0x41, 0x17, 0x55, 0xF3, 0x56,
    0x00, 0x00, 0x03, 0x76, 0xDA, 0xF4, 0xD0, 0x59, 0x00, 0x00, 0x00, 0x00, 0x00, 0x00, 0x62, 0xFF,
    0x44, 0x00, 0x00, 0x00, 0x00, 0x00, 0x00, 0x00, 0x00, 0xCD, 0xDF, 0xB6, 0x00, 0x00, 0x00, 0x00,
    0x00, 0x00, 0x00, 0x38, 0xFD, 0x4C, 0xFE, 0x28, 0x00, 0x00, 0x00, 0x00, 0x00, 0x00, 0xA3, 0xB7,
    0x00, 0xD7, 0x99, 0x00, 0x00, 0x00, 0x00, 0x00, 0x15, 0xF8, 0x53, 0x00, 0x76, 0xF6, 0x14, 0x00,
    0x00, 0x00, 0x00, 0x7A, 0xE9, 0x05, 0x00, 0x17, 0xFB, 0x7C, 0x00, 0x00, 0x00, 0x03, 0xE1, 0xFE,
    0xFC, 0xFC, 0xFC, 0xFF, 0xE7, 0x06, 0x00, 0x00, 0x50, 0xFD, 0x42, 0x2C, 0x2C, 0x2C, 0x5E, 0xFF,
    0x5F, 0x00, 0x00, 0xBB, 0xAD, 0x00, 0x00, 0x00, 0x00, 0x00, 0xBC, 0xD0, 0x00, 0x27, 0xFE, 0x39,
    0x00, 0x00, 0x00, 0x00, 0x00, 0x31, 0xFF, 0x43, 0x00, 0x00, 0x00, 0x00, 0x00, 0x00, 0x00, 0x00,
    0x7F, 0x9C, 0x01, 0x00, 0x00, 0x00, 0x00, 0x00, 0x00, 0x00, 0x2E, 0xFF, 0x32, 0x00, 0x00, 0x00,
    0x00, 0x00, 0x00, 0x00, 0x00, 0x16, 0xE7, 0xFA, 0x78, 0x00, 0x00, 0x00, 0x00, 0x00, 0x00, 0x00,
    0x00, 0x05, 0x1B, 0x04, 0x00, 0x21, 0xAA, 0xE4, 0xF5, 0xCC, 0x3B, 0x00, 0x00, 0x12, 0x6B, 0x29,
    0x1D, 0xAB, 0xDD, 0x00, 0x00, 0x00, 0x00, 0x00, 0x00, 0x4B, 0xFF, 0x0C, 0x00, 0x29, 0xA4, 0xD7,
    0xED, 0xF4, 0xFF, 0x14, 0x0B, 0xE7, 0xB4, 0x3E, 0x24, 0x5C, 0xFF, 0x14, 0x38, 0xFF, 0x25, 0x00,
    0x00, 0x67, 0xFF, 0x14, 0x1D, 0xFE, 0x78, 0x19, 0x4A, 0xD6, 0xFF, 0x14, 0x00, 0x6C, 0xDE, 0xF5,
    0xBE, 0x27, 0xFF, 0x14, 0x00, 0x00, 0x00, 0x00, 0x00, 0x91, 0x98, 0x00, 0x00, 0x00, 0x00, 0x00,
    0x2B, 0xFF, 0x2E, 0x00, 0x00, 0x00, 0x00, 0x00, 0x15, 0xE6, 0xFA, 0x71, 0x00, 0x00, 0x00, 0x00,
    0x00, 0x05, 0x1B, 0x03, 0x00, 0x00, 0x00, 0x00, 0x00, 0x42, 0xFF, 0x50, 0x00, 0x00, 0x00, 0x00,
    0x00, 0x05, 0xD4, 0x7A, 0x00, 0x00, 0x00, 0x00, 0x00, 0x00, 0x29, 0x5D, 0x00, 0x00, 0x00, 0x00,
    0x00, 0x00, 0x00, 0x00, 0x00, 0x00, 0x00, 0x00, 0x00, 0x00, 0x16, 0x8E, 0xDC, 0xF9, 0xEC, 0xC7,
    0x4D, 0x00, 0x20, 0xE4, 0xCD, 0x44, 0x17, 0x28, 0x62, 0x27, 0x00, 0xB6, 0xD0, 0x04, 0x00, 0x00,
    0x00, 0x00, 0x00, 0x14, 0xFE, 0x55, 0x00, 0x00, 0x00, 0x00, 0x00, 0x00, 0x3A, 0xFF, 0x2A, 0x00,
    0x00, 0x00, 0x00, 0x00, 0x00, 0x38, 0xFF, 0x23, 0x00, 0x00, 0x00, 0x00, 0x00, 0x00, 0x17, 0xFE,
    0x50, 0x00, 0x00, 0x00, 0x00, 0x00, 0x00, 0x00, 0xC4, 0xC1, 0x02, 0x00, 0x00, 0x00, 0x00, 0x00,
    0x00, 0x30, 0xF2, 0xB6, 0x3D, 0x17, 0x20, 0x47, 0x19, 0x00, 0x00, 0x27, 0xA2, 0xE4, 0xFA, 0xF1,
    0xCA, 0x26, 0x00, 0x00, 0x00, 0x00, 0x13, 0x30, 0x07, 0x00, 0x00, 0x00, 0x02, 0xC4, 0xAF, 0x02,
    0x00, 0x00, 0x00, 0x73, 0xAC, 0x06, 0x00, 0x00, 0x00, 0x00, 0x00, 0x00, 0x00, 0x00, 0x00, 0x08,
    0x8A, 0xE4, 0xF8, 0xD8, 0x2D, 0x00, 0x9E, 0xDD, 0x3C, 0x19, 0x45, 0x07, 0x12, 0xFB, 0x52, 0x00,
    0x00, 0x00, 0x00, 0x38, 0xFF, 0x20, 0x00, 0x00, 0x00, 0x00, 0x39, 0xFF, 0x20, 0x00, 0x00, 0x00,
    0x00, 0x15, 0xFD, 0x51, 0x00, 0x00, 0x00, 0x00, 0x00, 0xA7, 0xDA, 0x37, 0x18, 0x41, 0x1C, 0x00,
    0x0B, 0x94, 0xE9, 0xF9, 0xD8, 0x26, 0x00, 0x44, 0xFF, 0xFF, 0xFF, 0xFF, 0xFF, 0x8C, 0x00, 0x44,
    0xFF, 0x26, 0x10, 0x10, 0x10, 0x08, 0x00, 0x44, 0xFF, 0x18, 0x00, 0x00, 0x00, 0x00, 0x00, 0x44,
    0xFF, 0x18, 0x00, 0x00, 0x00, 0x00, 0x00, 0x44, 0xFF, 0xF1, 0xF0, 0xF0, 0xF0, 0x43, 0x00, 0x44,
    0xFF, 0x35, 0x20, 0x20, 0x20, 0x09, 0x00, 0x44, 0xFF, 0x18, 0x00, 0x00, 0x00, 0x00, 0x00, 0x44,
    0xFF, 0x18, 0x00, 0x00, 0x00, 0x00, 0x00, 0x44, 0xFF, 0x26, 0x10, 0x10, 0x10, 0x08, 0x00, 0x44,
    0xFF, 0xFF, 0xFF, 0xFF, 0xFF, 0x8C, 0x00, 0x00, 0x00, 0x00, 0x00, 0x86, 0x99, 0x01, 0x00, 0x00,
    0x00, 0x00, 0x29, 0xFF, 0x2E, 0x00, 0x00, 0x00, 0x00, 0x00, 0x16, 0xE6, 0xFA, 0x74, 0x00, 0x00,
    0x00, 0x00, 0x00, 0x04, 0x1B, 0x04, 0x00, 0x01, 0x6F, 0xD9, 0xF8, 0xE0, 0x80, 0x05, 0x00, 0x00,
    0x84, 0xDD, 0x46, 0x17, 0x41, 0xE6, 0x8D, 0x00, 0x0C, 0xF6, 0x49, 0x00, 0x00, 0x00, 0x67, 0xF3,
    0x01, 0x36, 0xFF, 0xF1, 0xF0, 0xF0, 0xF0, 0xF4, 0xFF, 0x11, 0x37, 0xFF, 0x43, 0x20, 0x20, 0x20,
    0x20, 0x20, 0x02, 0x0F, 0xF7, 0x67, 0x00, 0x00, 0x00, 0x00, 0x00, 0x00, 0x00, 0x85, 0xF0, 0x64,
    0x1F, 0x1E, 0x40, 0x5F, 0x00, 0x00, 0x01, 0x67, 0xCE, 0xF6, 0xF5, 0xFF, 0x9B, 0x00, 0x00, 0x00,
    0x00, 0x00, 0x00, 0xA7, 0x8E, 0x00, 0x00, 0x00, 0x00, 0x00, 0x00, 0x2D, 0xFF, 0x2D, 0x00, 0x00,
    0x00, 0x00, 0x00, 0x00, 0x13, 0xE0, 0xFB, 0x9B, 0x00, 0x00, 0x00, 0x00, 0x00, 0x00, 0x03, 0x1A,
    0x07, 0x00, 0x00, 0x44, 0xFF, 0x18, 0x00, 0x00, 0x00, 0x00, 0x00, 0x44, 0xFF, 0x18, 0x00, 0x00,
    0x00, 0x00, 0x00, 0x44, 0xFF, 0x18, 0x00, 0x00, 0x00, 0x00, 0x00, 0x44, 0xFF, 0x18, 0x29, 0x24,
    0x00, 0x00, 0x00, 0x44, 0xFF, 0xA8, 0xEC, 0x57, 0x00, 0x00, 0x0C, 0x95, 0xFF, 0x91, 0x12, 0x00,
    0x00, 0x00, 0x40, 0xC6, 0xFF, 0x18, 0x00, 0x00, 0x00, 0x00, 0x00, 0x44, 0xFF, 0x18, 0x00, 0x00,
    0x00, 0x00, 0x00, 0x44, 0xFF, 0x3F, 0x2C, 0x2C, 0x2C, 0x21, 0x00, 0x44, 0xFF, 0xFF, 0xFF, 0xFF,
    0xFF, 0xC4, 0x00, 0x44, 0xFF, 0x18, 0x00, 0x00, 0x44, 0xFF, 0x18, 0x00, 0x00, 0x44, 0xFF, 0x18,
    0x00, 0x00, 0x44, 0xFF, 0x18, 0x00, 0x00, 0x44, 0xFF, 0x7F, 0x3E, 0x00, 0x5A, 0xFF, 0xC6, 0x28,
    0x51, 0xF9, 0xFF, 0x18, 0x00, 0x0C, 0x5A, 0xFF, 0x18, 0x00, 0x00, 0x44, 0xFF, 0x18, 0x00, 0x00,
    0x44, 0xFF, 0x18, 0x00, 0x00, 0x44, 0xFF, 0x18, 0x00, 0x00, 0x00, 0x00, 0x00, 0x00, 0x00, 0xC1,
    0xBC, 0x00, 0x00, 0x00, 0x00, 0x00, 0x00, 0x00, 0x00, 0x00, 0x4F, 0xDB, 0x15, 0x00, 0x00, 0x00,
    0x00, 0x00, 0x00, 0x00, 0x00, 0x00, 0x60, 0x1E, 0x00, 0x00, 0x00, 0x00, 0x00, 0x00, 0x00, 0x00,
    0x00, 0x00, 0x00, 0x00, 0x00, 0x00, 0x00, 0x00, 0x00, 0x00, 0x44, 0xFF, 0xB8, 0x00, 0x00, 0x00,
    0x00, 0x44, 0xFF, 0x14, 0x00, 0x00, 0x44, 0xFF, 0xF7, 0x54, 0x00, 0x00, 0x00, 0x44, 0xFF, 0x14,
    0x00, 0x00, 0x44, 0xFF, 0x7D, 0xE3, 0x0C, 0x00, 0x00, 0x44, 0xFF, 0x14, 0x00, 0x00, 0x44, 0xFF,
    0x19, 0xC1, 0x8B, 0x00, 0x00, 0x44, 0xFF, 0x14, 0x00, 0x00, 0x44, 0xFF, 0x18, 0x26, 0xF3, 0x2C,
    0x00, 0x44, 0xFF, 0x14, 0x00, 0x00, 0x44, 0xFF, 0x18, 0x00, 0x7B, 0xC1, 0x00, 0x44, 0xFF, 0x14,
    0x00, 0x00, 0x44, 0xFF, 0x18, 0x00, 0x05, 0xD1, 0x5E, 0x44, 0xFF, 0x14, 0x00, 0x00, 0x44, 0xFF,
    0x18, 0x00, 0x00, 0x35, 0xE6, 0x54, 0xFF, 0x14, 0x00, 0x00, 0x44, 0xFF, 0x18, 0x00, 0x00, 0x00,
    0x8F, 0xD3, 0xFF, 0x14, 0x00, 0x00, 0x44, 0xFF, 0x18, 0x00, 0x00, 0x00, 0x0B, 0xDF, 0xFF, 0x14,
    0x00, 0x00, 0x00, 0x00, 0x00, 0x00, 0x1D, 0x28, 0x00, 0x00, 0x00, 0x00, 0x00, 0x00, 0x0C, 0xE5,
    0x68, 0x00, 0x00, 0x00, 0x00, 0x00, 0x00, 0x93, 0x7E, 0x00, 0x00, 0x00, 0x00, 0x00, 0x00, 0x00,
    0x00, 0x00, 0x00, 0x00, 0x00, 0x00, 0x44, 0xE9, 0x42, 0xD0, 0xF5, 0xCA, 0x32, 0x00, 0x00, 0x44,
    0xFF, 0xC4, 0x31, 0x21, 0xBE, 0xD2, 0x00, 0x00, 0x44, 0xFF, 0x48, 0x00, 0x00, 0x52, 0xFE, 0x08,
    0x00, 0x44, 0xFF, 0x21, 0x00, 0x00, 0x44, 0xFF, 0x14, 0x00, 0x44, 0xFF, 0x18, 0x00, 0x00, 0x44,
    0xFF, 0x14, 0x00, 0x44, 0xFF, 0x18, 0x00, 0x00, 0x44, 0xFF, 0x14, 0x00, 0x44, 0xFF, 0x18, 0x00,
    0x00, 0x44, 0xFF, 0x14, 0x00, 0x44, 0xFF, 0x18, 0x00, 0x00, 0x44, 0xFF, 0x14, 0x00, 0x00, 0x00,
    0x00, 0xB6, 0xC8, 0x02, 0x00, 0x00, 0x00, 0x00, 0x43, 0xE3, 0x1B, 0x00, 0x00, 0x00, 0x00, 0x00,
    0x5B, 0x24, 0x00, 0x00, 0x00, 0x00, 0x00, 0x00, 0x00, 0x00, 0x00, 0x00, 0x00, 0x00, 0x37, 0xBF,
    0xF5, 0xF2, 0xD3, 0x71, 0x00, 0x11, 0xF2, 0x9C, 0x25, 0x20, 0x4C, 0x46, 0x00, 0x3A, 0xFF, 0x28,
    0x00, 0x00, 0x00, 0x00, 0x00, 0x14, 0xF7, 0x8B, 0x03, 0x00, 0x00, 0x00, 0x00, 0x00, 0x56, 0xF1,
    0xDE, 0x78, 0x14, 0x00, 0x00, 0x00, 0x00, 0x0E, 0x6B, 0xD4, 0xF2, 0x50, 0x00, 0x00, 0x00, 0x00,
    0x00, 0x02, 0x9E, 0xEE, 0x02, 0x00, 0x00, 0x00, 0x00, 0x00, 0x58, 0xFF, 0x0A, 0x28, 0x63, 0x2C,
    0x18, 0x3B, 0xCF, 0xBE, 0x00, 0x27, 0xC7, 0xF2, 0xFC, 0xE5, 0x97, 0x12, 0x00, 0x00, 0x00, 0x00,
    0x06, 0x30, 0x10, 0x00, 0x00, 0x00, 0x00, 0x73, 0xDA, 0x10, 0x00, 0x00, 0x00, 0x19, 0xCE, 0x1F,
    0x00, 0x00, 0x00, 0x00, 0x00, 0x00, 0x00, 0x00, 0x00, 0x00, 0x63, 0xDA, 0xF8, 0xE3, 0x84, 0x00,
    0x24, 0xFF, 0x66, 0x17, 0x3A, 0x45, 0x00, 0x2F, 0xFF, 0x5B, 0x00, 0x00, 0x00, 0x00, 0x00, 0x80,
    0xFA, 0xB8, 0x41, 0x00, 0x00, 0x00, 0x00, 0x1E, 0x90, 0xFA, 0x8F, 0x00, 0x00, 0x00, 0x00, 0x00,
    0x68, 0xFE, 0x0A, 0x27, 0x5F, 0x24, 0x1D, 0xA0, 0xEA, 0x01, 0x22, 0xC2, 0xF1, 0xEF, 0xC3, 0x3D,
    0x00, 0x00, 0x00, 0x00, 0x00, 0x15, 0xF1, 0x82, 0x00, 0x00, 0x00, 0x00, 0x00, 0x00, 0x98, 0xAD,
    0x02, 0x00, 0x00, 0x00, 0x00, 0x00, 0x08, 0x73, 0x05, 0x00, 0x00, 0x00, 0x00, 0x00, 0x00, 0x00,
    0x00, 0x00, 0x00, 0x00, 0x00, 0x00, 0xFF, 0xFF, 0xFF, 0xFF, 0xFF, 0xFF, 0xFF, 0x00, 0x00, 0x10,
    0x10, 0x10, 0x10, 0x18, 0xDE, 0x98, 0x00, 0x00, 0x00, 0x00, 0x00, 0x00, 0x8D, 0xDF, 0x0C, 0x00,
    0x00, 0x00, 0x00, 0x00, 0x3B, 0xFC, 0x41, 0x00, 0x00, 0x00, 0x00, 0x00, 0x0A, 0xDB, 0x92, 0x00,
    0x00, 0x00, 0x00, 0x00, 0x00, 0x93, 0xDB, 0x0A, 0x00, 0x00, 0x00, 0x00, 0x00, 0x41, 0xFC, 0x3B,
    0x00, 0x00, 0x00, 0x00, 0x00, 0x0C, 0xDF, 0x8C, 0x00, 0x00, 0x00, 0x00, 0x00, 0x00, 0x99, 0xDE,
    0x18, 0x10, 0x10, 0x10, 0x10, 0x00, 0x00, 0xFF, 0xFF, 0xFF, 0xFF, 0xFF, 0xFF, 0xFF, 0x00, 0x00,
    0x00, 0x00, 0x00, 0x0A, 0x18, 0x07, 0x00, 0x00, 0x00, 0x00, 0x06, 0xCB, 0xCA, 0x11, 0x00, 0x00,
    0x00, 0x00, 0xA1, 0xA2, 0x0B, 0x00, 0x00, 0x00, 0x00, 0x00, 0x00, 0x00, 0x00, 0x00, 0x00, 0x00,
    0xFF, 0xFF, 0xFF, 0xFF, 0xFF, 0xFF, 0x00, 0x00, 0x10, 0x10, 0x10, 0x1C, 0xE0, 0xA1, 0x00, 0x00,
    0x00, 0x00, 0x00, 0xA2, 0xCF, 0x09, 0x00, 0x00, 0x00, 0x00, 0x5D, 0xEE, 0x22, 0x00, 0x00, 0x00,
    0x00, 0x25, 0xF1, 0x4A, 0x00, 0x00, 0x00, 0x00, 0x06, 0xCE, 0x7F, 0x00, 0x00, 0x00, 0x00, 0x00,
    0x91, 0xC0, 0x11, 0x10, 0x10, 0x10, 0x00, 0x00, 0xFF, 0xFF, 0xFF, 0xFF, 0xFF, 0xFF, 0x00, 0x00,
    0x00, 0x00, 0x23, 0xD7, 0x03, 0x00, 0x00, 0x00, 0x00, 0x00, 0x00, 0x00, 0x0F, 0x00, 0x00, 0x00,
    0x00, 0x00, 0x00, 0x00, 0x00, 0x00, 0x00, 0x00, 0x00, 0x00, 0x00, 0xFF, 0xFF, 0xFF, 0xFF, 0xFF,
    0xFF, 0xFF, 0x00, 0x00, 0x10, 0x10, 0x10, 0x10, 0x2B, 0xF5, 0x97, 0x00, 0x00, 0x00, 0x00, 0x00,
    0x00, 0xB3, 0xDC, 0x0B, 0x00, 0x00, 0x00, 0x00, 0x00, 0x5B, 0xFD, 0x3A, 0x00, 0x00, 0x00, 0x00,
    0x00, 0x15, 0xEC, 0x88, 0x00, 0x00, 0x00, 0x00, 0x00, 0x00, 0xA8, 0xD1, 0x06, 0x00, 0x00, 0x00,
    0x00, 0x00, 0x4F, 0xF9, 0x2F, 0x00, 0x00, 0x00, 0x00, 0x00, 0x10, 0xE5, 0x78, 0x00, 0x00, 0x00,
    0x00, 0x00, 0x00, 0x9D, 0xCE, 0x13, 0x10, 0x10, 0x10, 0x10, 0x00, 0x00, 0xFF, 0xFF, 0xFF, 0xFF,
    0xFF, 0xFF, 0xFF, 0x00, 0x00, 0x00, 0x00, 0x24, 0xE2, 0x03, 0x00, 0x00, 0x00, 0x00, 0x00, 0x00,
    0x03, 0x00, 0x00, 0x00, 0x00, 0x00, 0x00, 0x00, 0x00, 0x00, 0x00, 0x00, 0x00, 0xFF, 0xFF, 0xFF,
    0xFF, 0xFF, 0xFF, 0x00, 0x00, 0x10, 0x10, 0x10, 0x11, 0xBB, 0xAA, 0x00, 0x00, 0x00, 0x00, 0x00,
    0x77, 0xE3, 0x11, 0x00, 0x00, 0x00, 0x00, 0x3F, 0xFA, 0x40, 0x00, 0x00, 0x00, 0x00, 0x19, 0xE7,
    0x87, 0x00, 0x00, 0x00, 0x00, 0x04, 0xC1, 0xCC, 0x05, 0x00, 0x00, 0x00, 0x00, 0x8B, 0xF8, 0x36,
    0x10, 0x10, 0x10, 0x00, 0x00, 0xFF, 0xFF, 0xFF, 0xFF, 0xFF, 0xFF, 0x00, 0x0C, 0x4E, 0x6F, 0x74,
    0x6F, 0x53, 0x61, 0x6E, 0x73, 0x50, 0x6C, 0x31, 0x35, 0x00, 0x0C, 0x4E, 0x6F, 0x74, 0x6F, 0x53,
    0x61, 0x6E, 0x73, 0x50, 0x6C, 0x31, 0x35, 0x00, 0x01,
};

const uint8_t NotoSansPl24[] PROGMEM = {
    0x00, 0x00, 0x00, 0x71, 0x00, 0x00, 0x00, 0x0B, 0x00, 0x00, 0x00, 0x18, 0x00, 0x00, 0x00, 0x00,
    0x00, 0x00, 0x00, 0x17, 0x00, 0x00, 0x00, 0x06, 0x00, 0x00, 0x00, 0x20, 0x00, 0x00, 0x00, 0x00,
    0x00, 0x00, 0x00, 0x06, 0x00, 0x00, 0x00, 0x06, 0x00, 0x00, 0x00, 0x00, 0x00, 0x00, 0x00, 0x00,
    0x00, 0x00, 0x00, 0x00, 0x00, 0x00, 0x00, 0x21, 0x00, 0x00, 0x00, 0x11, 0x00, 0x00, 0x00, 0x07,
    0x00, 0x00, 0x00, 0x07, 0x00, 0x00, 0x00, 0x11, 0x00, 0x00, 0x00, 0x00, 0x00, 0x00, 0x00, 0x00,
    0x00, 0x00, 0x00, 0x22, 0x00, 0x00, 0x00, 0x11, 0x00, 0x00, 0x00, 0x0A, 0x00, 0x00, 0x00, 0x0A,
    0x00, 0x00, 0x00, 0x11, 0x00, 0x00, 0x00, 0x00, 0x00, 0x00, 0x00, 0x00, 0x00, 0x00, 0x00, 0x23,
    0x00, 0x00, 0x00, 0x11, 0x00, 0x00, 0x00, 0x10, 0x00, 0x00, 0x00, 0x10, 0x00, 0x00, 0x00, 0x11,
    0x00, 0x00, 0x00, 0x00, 0x00, 0x00, 0x00, 0x00, 0x00, 0x00, 0x00, 0x24, 0x00, 0x00, 0x00, 0x14,
    0x00, 0x00, 0x00, 0x0D, 0x00, 0x00, 0x00, 0x0D, 0x00, 0x00, 0x00, 0x12, 0x00, 0x00, 0x00, 0x00,
    0x00, 0x00, 0x00, 0x00, 0x00, 0x00, 0x00, 0x25, 0x00, 0x00, 0x00, 0x11, 0x00, 0x00, 0x00, 0x14,
    0x00, 0x00, 0x00, 0x14, 0x00, 0x00, 0x00, 0x11, 0x00, 0x00, 0x00, 0x00, 0x00, 0x00, 0x00, 0x00,
    0x00, 0x00, 0x00, 0x26, 0x00, 0x00, 0x00, 0x11, 0x00, 0x00, 0x00, 0x12, 0x00, 0x00, 0x00, 0x11,
    0x00, 0x00, 0x00, 0x11, 0x00, 0x00, 0x00, 0x00, 0x00, 0x00, 0x00, 0x00, 0x00, 0x00, 0x00, 0x27,
    0x00, 0x00, 0x00, 0x11, 0x00, 0x00, 0x00, 0x05, 0x00, 0x00, 0x00, 0x05, 0x00, 0x00, 0x00, 0x11,
    0x00, 0x00, 0x00, 0x00, 0x00, 0x00, 0x00, 0x00, 0x00, 0x00, 0x00, 0x28, 0x00, 0x00, 0x00, 0x15,
    0x00, 0x00, 0x00, 0x07, 0x00, 0x00, 0x00, 0x07, 0x00, 0x00, 0x00, 0x11, 0x00, 0x00, 0x00, 0x00,
    0x00, 0x00, 0x00, 0x00, 0x00, 0x00, 0x00, 0x29, 0x00, 0x00, 0x00, 0x15, 0x00, 0x00, 0x00, 0x07,
    0x00, 0x00, 0x00, 0x07, 0x00, 0x00, 0x00, 0x11, 0x00, 0x00, 0x00, 0x00, 0x00, 0x00, 0x00, 0x00,
    0x00, 0x00, 0x00, 0x2A, 0x00, 0x00, 0x00, 0x12, 0x00, 0x00, 0x00, 0x0D, 0x00, 0x00, 0x00, 0x0D,
    0x00, 0x00, 0x00, 0x12, 0x00, 0x00, 0x00, 0x00, 0x00, 0x00, 0x00, 0x00, 0x00, 0x00, 0x00, 0x2B,
    0x00, 0x00, 0x00, 0x0F, 0x00, 0x00, 0x00, 0x0D, 0x00, 0x00, 0x00, 0x0D, 0x00, 0x00, 0x00, 0x0F,
    0x00, 0x00, 0x00, 0x00, 0x00, 0x00, 0x00, 0x00, 0x00, 0x00, 0x00, 0x2C, 0x00, 0x00, 0x00, 0x06,
    0x00, 0x00, 0x00, 0x06, 0x00, 0x00, 0x00, 0x06, 0x00, 0x00, 0x00, 0x03, 0x00, 0x00, 0x00, 0x00,
    0x00, 0x00, 0x00, 0x00, 0x00, 0x00, 0x00, 0x2D, 0x00, 0x00, 0x00, 0x07, 0x00, 0x00, 0x00, 0x08,
    0x00, 0x00, 0x00, 0x08, 0x00, 0x00, 0x00, 0x07, 0x00, 0x00, 0x00, 0x00, 0x00, 0x00, 0x00, 0x00,
    0x00, 0x00, 0x00, 0x2E, 0x00, 0x00, 0x00, 0x03, 0x00, 0x00, 0x00, 0x07, 0x00, 0x00, 0x00, 0x07,
    0x00, 0x00, 0x00, 0x03, 0x00, 0x00, 0x00, 0x00, 0x00, 0x00, 0x00, 0x00, 0x00, 0x00, 0x00, 0x2F,
    0x00, 0x00, 0x00, 0x11, 0x00, 0x00, 0x00, 0x09, 0x00, 0x00, 0x00, 0x09, 0x00, 0x00, 0x00, 0x11,
    0x00, 0x00, 0x00, 0x00, 0x00, 0x00, 0x00, 0x00, 0x00, 0x00, 0x00, 0x30, 0x00, 0x00, 0x00, 0x11,
    0x00, 0x00, 0x00, 0x0E, 0x00, 0x00, 0x00, 0x0E, 0x00, 0x00, 0x00, 0x11, 0x00, 0x00, 0x00, 0x00,
    0x00, 0x00, 0x00, 0x00, 0x00, 0x00, 0x00, 0x31, 0x00, 0x00, 0x00, 0x11, 0x00, 0x00, 0x00, 0x0E,
    0x00, 0x00, 0x00, 0x0E, 0x00, 0x00, 0x00, 0x11, 0x00, 0x00, 0x00, 0x00, 0x00, 0x00, 0x00, 0x00,
    0x00, 0x00, 0x00, 0x32, 0x00, 0x00, 0x00, 0x11, 0x00, 0x00, 0x00, 0x0E, 0x00, 0x00, 0x00, 0x0E,
    0x00, 0x00, 0x00, 0x11, 0x00, 0x00, 0x00, 0x00, 0x00, 0x00, 0x00, 0x00, 0x00, 0x00, 0x00, 0x33,
    0x00, 0x00, 0x00, 0x11, 0x00, 0x00, 0x00, 0x0E, 0x00, 0x00, 0x00, 0x0E, 0x00, 0x00, 0x00, 0x11,
    0x00, 0x00, 0x00, 0x00, 0x00, 0x00, 0x00, 0x00, 0x00, 0x00, 0x00, 0x34, 0x00, 0x00, 0x00, 0x11,
    0x00, 0x00, 0x00, 0x0E, 0x00, 0x00, 0x00, 0x0E, 0x00, 0x00, 0x00, 0x11, 0x00, 0x00, 0x00, 0x00,
    0x00, 0x00, 0x00, 0x00, 0x00, 0x00, 0x00, 0x35, 0x00, 0x00, 0x00, 0x11, 0x00, 0x00, 0x00, 0x0E,
    0x00, 0x00, 0x00, 0x0E, 0x00, 0x00, 0x00, 0x11, 0x00, 0x00, 0x00, 0x00, 0x00, 0x00, 0x00, 0x00,
    0x00, 0x00, 0x00, 0x36, 0x00, 0x00, 0x00, 0x11, 0x00, 0x00, 0x00, 0x0E, 0x00, 0x00, 0x00, 0x0E,
    0x00, 0x00, 0x00, 0x11, 0x00, 0x00, 0x00, 0x00, 0x00, 0x00, 0x00, 0x00, 0x00, 0x00, 0x00, 0x37,
    0x00, 0x00, 0x00, 0x11, 0x00, 0x00, 0x00, 0x0E, 0x00, 0x00, 0x00, 0x0E, 0x00, 0x00, 0x00, 0x11,
    0x00, 0x00, 0x00, 0x00, 0x00, 0x00, 0x00, 0x00, 0x00, 0x00, 0x00, 0x38, 0x00, 0x00, 0x00, 0x11,
    0x00, 0x00, 0x00, 0x0E, 0x00, 0x00, 0x00, 0x0E, 0x00, 0x00, 0x00, 0x11, 0x00, 0x00, 0x00, 0x00,
    0x00, 0x00, 0x00, 0x00, 0x00, 0x00, 0x00, 0x39, 0x00, 0x00, 0x00, 0x11, 0x00, 0x00, 0x00, 0x0E,
    0x00, 0x00, 0x00, 0x0E, 0x00, 0x00, 0x00, 0x11, 0x00, 0x00, 0x00, 0x00, 0x00, 0x00, 0x00, 0x00,
    0x00, 0x00, 0x00, 0x3A, 0x00, 0x00, 0x00, 0x0D, 0x00, 0x00, 0x00, 0x07, 0x00, 0x00, 0x00, 0x07,
    0x00, 0x00, 0x00, 0x0D, 0x00, 0x00, 0x00, 0x00, 0x00, 0x00, 0x00, 0x00, 0x00, 0x00, 0x00, 0x3B,
    0x00, 0x00, 0x00, 0x10, 0x00, 0x00, 0x00, 0x07, 0x00, 0x00, 0x00, 0x07, 0x00, 0x00, 0x00, 0x0D,
    0x00, 0x00, 0x00, 0x00, 0x00, 0x00, 0x00, 0x00, 0x00, 0x00, 0x00, 0x3C, 0x00, 0x00, 0x00, 0x0F,
    0x00, 0x00, 0x00, 0x0E, 0x00, 0x00, 0x00, 0x0E, 0x00, 0x00, 0x00, 0x0F, 0x00, 0x00, 0x00, 0x00,
    0x00, 0x00, 0x00, 0x00, 0x00, 0x00, 0x00, 0x3D, 0x00, 0x00, 0x00, 0x0C, 0x00, 0x00, 0x00, 0x0D,
    0x00, 0x00, 0x00, 0x0D, 0x00, 0x00, 0x00, 0x0C, 0x00, 0x00, 0x00, 0x00, 0x00, 0x00, 0x00, 0x00,
    0x00, 0x00, 0x00, 0x3E, 0x00, 0x00, 0x00, 0x0F, 0x00, 0x00, 0x00, 0x0E, 0x00, 0x00, 0x00, 0x0E,
    0x00, 0x00, 0x00, 0x0F, 0x00, 0x00, 0x00, 0x00, 0x00, 0x00, 0x00, 0x00, 0x00, 0x00, 0x00, 0x3F,
    0x00, 0x00, 0x00, 0x11, 0x00, 0x00, 0x00, 0x0B, 0x00, 0x00, 0x00, 0x0B, 0x00, 0x00, 0x00, 0x11,
    0x00, 0x00, 0x00, 0x00, 0x00, 0x00, 0x00, 0x00, 0x00, 0x00, 0x00, 0x40, 0x00, 0x00, 0x00, 0x13,
    0x00, 0x00, 0x00, 0x15, 0x00, 0x00, 0x00, 0x15, 0x00, 0x00, 0x00, 0x11, 0x00, 0x00, 0x00, 0x00,
    0x00, 0x00, 0x00, 0x00, 0x00, 0x00, 0x00, 0x41, 0x00, 0x00, 0x00, 0x11, 0x00, 0x00, 0x00, 0x10,
    0x00, 0x00, 0x00, 0x0F, 0x00, 0x00, 0x00, 0x11, 0x00, 0x00, 0x00, 0x00, 0x00, 0x00, 0x00, 0x00,
    0x00, 0x00, 0x00, 0x42, 0x00, 0x00, 0x00, 0x11, 0x00, 0x00, 0x00, 0x0F, 0x00, 0x00, 0x00, 0x0F,
    0x00, 0x00, 0x00, 0x11, 0x00, 0x00, 0x00, 0x00, 0x00, 0x00, 0x00, 0x00, 0x00, 0x00, 0x00, 0x43,
    0x00, 0x00, 0x00, 0x11, 0x00, 0x00, 0x00, 0x0F, 0x00, 0x00, 0x00, 0x0F, 0x00, 0x00, 0x00, 0x11,
    0x00, 0x00, 0x00, 0x00, 0x00, 0x00, 0x00, 0x00, 0x00, 0x00, 0x00, 0x44, 0x00, 0x00, 0x00, 0x11,
    0x00, 0x00, 0x00, 0x11, 0x00, 0x00, 0x00, 0x11, 0x00, 0x00, 0x00, 0x11, 0x00, 0x00, 0x00, 0x00,
    0x00, 0x00, 0x00, 0x00, 0x00, 0x00, 0x00, 0x45, 0x00, 0x00, 0x00, 0x11, 0x00, 0x00, 0x00, 0x0D,
    0x00, 0x00, 0x00, 0x0D, 0x00, 0x00, 0x00, 0x11, 0x00, 0x00, 0x00, 0x00, 0x00, 0x00, 0x00, 0x00,
    0x00, 0x00, 0x00, 0x46, 0x00, 0x00, 0x00, 0x11, 0x00, 0x00, 0x00, 0x0C, 0x00, 0x00, 0x00, 0x0C,
    0x00, 0x00, 0x00, 0x11, 0x00, 0x00, 0x00, 0x00, 0x00, 0x00, 0x00, 0x00, 0x00, 0x00, 0x00, 0x47,
    0x00, 0x00, 0x00, 0x11, 0x00, 0x00, 0x00, 0x11, 0x00, 0x00, 0x00, 0x11, 0x00, 0x00, 0x00, 0x11,
    0x00, 0x00, 0x00, 0x00, 0x00, 0x00, 0x00, 0x00, 0x00, 0x00, 0x00, 0x48, 0x00, 0x00, 0x00, 0x11,
    0x00, 0x00, 0x00, 0x12, 0x00, 0x00, 0x00, 0x12, 0x00, 0x00, 0x00, 0x11, 0x00, 0x00, 0x00, 0x00,
    0x00, 0x00, 0x00, 0x00, 0x00, 0x00, 0x00, 0x49, 0x00, 0x00, 0x00, 0x11, 0x00, 0x00, 0x00, 0x08,
    0x00, 0x00, 0x00, 0x08, 0x00, 0x00, 0x00, 0x11, 0x00, 0x00, 0x00, 0x00, 0x00, 0x00, 0x00, 0x00,
    0x00, 0x00, 0x00, 0x4A, 0x00, 0x00, 0x00, 0x16, 0x00, 0x00, 0x00, 0x08, 0x00, 0x00, 0x00, 0x06,
    0x00, 0x00, 0x00, 0x11, 0xFF, 0xFF, 0xFF, 0xFE, 0x00, 0x00, 0x00, 0x00, 0x00, 0x00, 0x00, 0x4B,
    0x00, 0x00, 0x00, 0x11, 0x00, 0x00, 0x00, 0x0F, 0x00, 0x00, 0x00, 0x0F, 0x00, 0x00, 0x00, 0x11,
    0x00, 0x00, 0x00, 0x00, 0x00, 0x00, 0x00, 0x00, 0x00, 0x00, 0x00, 0x4C, 0x00, 0x00, 0x00, 0x11,
    0x00, 0x00, 0x00, 0x0C, 0x00, 0x00, 0x00, 0x0C, 0x00, 0x00, 0x00, 0x11, 0x00, 0x00, 0x00, 0x00,
    0x00, 0x00, 0x00, 0x00, 0x00, 0x00, 0x00, 0x4D, 0x00, 0x00, 0x00, 0x11, 0x00, 0x00, 0x00, 0x16,
    0x00, 0x00, 0x00, 0x16, 0x00, 0x00, 0x00, 0x11, 0x00, 0x00, 0x00, 0x00, 0x00, 0x00, 0x00, 0x00,
    0x00, 0x00, 0x00, 0x4E, 0x00, 0x00, 0x00, 0x11, 0x00, 0x00, 0x00, 0x12, 0x00, 0x00, 0x00, 0x12,
    0x00, 0x00, 0x00, 0x11, 0x00, 0x00, 0x00, 0x00, 0x00, 0x00, 0x00, 0x00, 0x00, 0x00, 0x00, 0x4F,
    0x00, 0x00, 0x00, 0x11, 0x00, 0x00, 0x00, 0x12, 0x00, 0x00, 0x00, 0x12, 0x00, 0x00, 0x00, 0x11,
    0x00, 0x00, 0x00, 0x00, 0x00, 0x00, 0x00, 0x00, 0x00, 0x00, 0x00, 0x50, 0x00, 0x00, 0x00, 0x11,
    0x00, 0x00, 0x00, 0x0E, 0x00, 0x00, 0x00, 0x0E, 0x00, 0x00, 0x00, 0x11, 0x00, 0x00, 0x00, 0x00,
    0x00, 0x00, 0x00, 0x00, 0x00, 0x00, 0x00, 0x51, 0x00, 0x00, 0x00, 0x15, 0x00, 0x00, 0x00, 0x12,
    0x00, 0x00, 0x00, 0x12, 0x00, 0x00, 0x00, 0x11, 0x00, 0x00, 0x00, 0x00, 0x00, 0x00, 0x00, 0x00,
    0x00, 0x00, 0x00, 0x52, 0x00, 0x00, 0x00, 0x11, 0x00, 0x00, 0x00, 0x0F, 0x00, 0x00, 0x00, 0x0F,
    0x00, 0x00, 0x00, 0x11, 0x00, 0x00, 0x00, 0x00, 0x00, 0x00, 0x00, 0x00, 0x00, 0x00, 0x00, 0x53,
    0x00, 0x00, 0x00, 0x11, 0x00, 0x00, 0x00, 0x0D, 0x00, 0x00, 0x00, 0x0D, 0x00, 0x00, 0x00, 0x11,
    0x00, 0x00, 0x00, 0x00, 0x00, 0x00, 0x00, 0x00, 0x00, 0x00, 0x00, 0x54, 0x00, 0x00, 0x00, 0x11,
    0x00, 0x00, 0x00, 0x0F, 0x00, 0x00, 0x00, 0x0F, 0x00, 0x00, 0x00, 0x11, 0x00, 0x00, 0x00, 0x00,
    0x00, 0x00, 0x00, 0x00, 0x00, 0x00, 0x00, 0x55, 0x00, 0x00, 0x00, 0x11, 0x00, 0x00, 0x00, 0x11,
    0x00, 0x00, 0x00, 0x11, 0x00, 0x00, 0x00, 0x11, 0x00, 0x00, 0x00, 0x00, 0x00, 0x00, 0x00, 0x00,
    0x00, 0x00, 0x00, 0x56, 0x00, 0x00, 0x00, 0x11, 0x00, 0x00, 0x00, 0x0F, 0x00, 0x00, 0x00, 0x0E,
    0x00, 0x00, 0x00, 0x11, 0x00, 0x00, 0x00, 0x00, 0x00, 0x00, 0x00, 0x00, 0x00, 0x00, 0x00, 0x57,
    0x00, 0x00, 0x00, 0x11, 0x00, 0x00, 0x00, 0x17, 0x00, 0x00, 0x00, 0x16, 0x00, 0x00, 0x00, 0x11,
    0x00, 0x00, 0x00, 0x00, 0x00, 0x00, 0x00, 0x00, 0x00, 0x00, 0x00, 0x58, 0x00, 0x00, 0x00, 0x11,
    0x00, 0x00, 0x00, 0x0E, 0x00, 0x00, 0x00, 0x0E, 0x00, 0x00, 0x00, 0x11, 0x00, 0x00, 0x00, 0x00,
    0x00, 0x00, 0x00, 0x00, 0x00, 0x00, 0x00, 0x59, 0x00, 0x00, 0x00, 0x11, 0x00, 0x00, 0x00, 0x0E,
    0x00, 0x00, 0x00, 0x0E, 0x00, 0x00, 0x00, 0x11, 0x00, 0x00, 0x00, 0x00, 0x00, 0x00, 0x00, 0x00,
    0x00, 0x00, 0x00, 0x5A, 0x00, 0x00, 0x00, 0x11, 0x00, 0x00, 0x00, 0x0E, 0x00, 0x00, 0x00, 0x0E,
    0x00, 0x00, 0x00, 0x11, 0x00, 0x00, 0x00, 0x00, 0x00, 0x00, 0x00, 0x00, 0x00, 0x00, 0x00, 0x5B,
    0x00, 0x00, 0x00, 0x15, 0x00, 0x00, 0x00, 0x08, 0x00, 0x00, 0x00, 0x08, 0x00, 0x00, 0x00, 0x11,
    0x00, 0x00, 0x00, 0x00, 0x00, 0x00, 0x00, 0x00, 0x00, 0x00, 0x00, 0x5C, 0x00, 0x00, 0x00, 0x11,
    0x00, 0x00, 0x00, 0x09, 0x00, 0x00, 0x00, 0x09, 0x00, 0x00, 0x00, 0x11, 0x00, 0x00, 0x00, 0x00,
    0x00, 0x00, 0x00, 0x00, 0x00, 0x00, 0x00, 0x5D, 0x00, 0x00, 0x00, 0x15, 0x00, 0x00, 0x00, 0x08,
    0x00, 0x00, 0x00, 0x08, 0x00, 0x00, 0x00, 0x11, 0x00, 0x00, 0x00, 0x00, 0x00, 0x00, 0x00, 0x00,
    0x00, 0x00, 0x00, 0x5E, 0x00, 0x00, 0x00, 0x11, 0x00, 0x00, 0x00, 0x0E, 0x00, 0x00, 0x00, 0x0E,
    0x00, 0x00, 0x00, 0x11, 0x00, 0x00, 0x00, 0x00, 0x00, 0x00, 0x00, 0x00, 0x00, 0x00, 0x00, 0x5F,
    0x00, 0x00, 0x00, 0x04, 0x00, 0x00, 0x00, 0x0B, 0x00, 0x00, 0x00, 0x0B, 0x00, 0x00, 0x00, 0x00,
    0x00, 0x00, 0x00, 0x00, 0x00, 0x00, 0x00, 0x00, 0x00, 0x00, 0x00, 0x60, 0x00, 0x00, 0x00, 0x12,
    0x00, 0x00, 0x00, 0x07, 0x00, 0x00, 0x00, 0x07, 0x00, 0x00, 0x00, 0x12, 0x00, 0x00, 0x00, 0x00,
    0x00, 0x00, 0x00, 0x00, 0x00, 0x00, 0x00, 0x61, 0x00, 0x00, 0x00, 0x0D, 0x00, 0x00, 0x00, 0x0D,
    0x00, 0x00, 0x00, 0x0D, 0x00, 0x00, 0x00, 0x0D, 0x00, 0x00, 0x00, 0x00, 0x00, 0x00, 0x00, 0x00,
    0x00, 0x00, 0x00, 0x62, 0x00, 0x00, 0x00, 0x12, 0x00, 0x00, 0x00, 0x0F, 0x00, 0x00, 0x00, 0x0F,
    0x00, 0x00, 0x00, 0x12, 0x00, 0x00, 0x00, 0x00, 0x00, 0x00, 0x00, 0x00, 0x00, 0x00, 0x00, 0x63,
    0x00, 0x00, 0x00, 0x0D, 0x00, 0x00, 0x00, 0x0B, 0x00, 0x00, 0x00, 0x0B, 0x00, 0x00, 0x00, 0x0D,
    0x00, 0x00, 0x00, 0x00, 0x00, 0x00, 0x00, 0x00, 0x00, 0x00, 0x00, 0x64, 0x00, 0x00, 0x00, 0x12,
    0x00, 0x00, 0x00, 0x0E, 0x00, 0x00, 0x00, 0x0E, 0x00, 0x00, 0x00, 0x12, 0x00, 0x00, 0x00, 0x00,
    0x00, 0x00, 0x00, 0x00, 0x00, 0x00, 0x00, 0x65, 0x00, 0x00, 0x00, 0x0D, 0x00, 0x00, 0x00, 0x0D,
    0x00, 0x00, 0x00, 0x0D, 0x00, 0x00, 0x00, 0x0D, 0x00, 0x00, 0x00, 0x00, 0x00, 0x00, 0x00, 0x00,
    0x00, 0x00, 0x00, 0x66, 0x00, 0x00, 0x00, 0x12, 0x00, 0x00, 0x00, 0x0B, 0x00, 0x00, 0x00, 0x0A,
    0x00, 0x00, 0x00, 0x12, 0x00, 0x00, 0x00, 0x00, 0x00, 0x00, 0x00, 0x00, 0x00, 0x00, 0x00, 0x67,
    0x00, 0x00, 0x00, 0x13, 0x00, 0x00, 0x00, 0x0E, 0x00, 0x00, 0x00, 0x0E, 0x00, 0x00, 0x00, 0x0D,
    0x00, 0x00, 0x00, 0x00, 0x00, 0x00, 0x00, 0x00, 0x00, 0x00, 0x00, 0x68, 0x00, 0x00, 0x00, 0x12,
    0x00, 0x00, 0x00, 0x0F, 0x00, 0x00, 0x00, 0x0F, 0x00, 0x00, 0x00, 0x12, 0x00, 0x00, 0x00, 0x00,
    0x00, 0x00, 0x00, 0x00, 0x00, 0x00, 0x00, 0x69, 0x00, 0x00, 0x00, 0x12, 0x00, 0x00, 0x00, 0x06,
    0x00, 0x00, 0x00, 0x06, 0x00, 0x00, 0x00, 0x12, 0x00, 0x00, 0x00, 0x00, 0x00, 0x00, 0x00, 0x00,
    0x00, 0x00, 0x00, 0x6A, 0x00, 0x00, 0x00, 0x18, 0x00, 0x00, 0x00, 0x08, 0x00, 0x00, 0x00, 0x06,
    0x00, 0x00, 0x00, 0x12, 0xFF, 0xFF, 0xFF, 0xFE, 0x00, 0x00, 0x00, 0x00, 0x00, 0x00, 0x00, 0x6B,
    0x00, 0x00, 0x00, 0x12, 0x00, 0x00, 0x00, 0x0D, 0x00, 0x00, 0x00, 0x0D, 0x00, 0x00, 0x00, 0x12,
    0x00, 0x00, 0x00, 0x00, 0x00, 0x00, 0x00, 0x00, 0x00, 0x00, 0x00, 0x6C, 0x00, 0x00, 0x00, 0x12,
    0x00, 0x00, 0x00, 0x06, 0x00, 0x00, 0x00, 0x06, 0x00, 0x00, 0x00, 0x12, 0x00, 0x00, 0x00, 0x00,
    0x00, 0x00, 0x00, 0x00, 0x00, 0x00, 0x00, 0x6D, 0x00, 0x00, 0x00, 0x0D, 0x00, 0x00, 0x00, 0x16,
    0x00, 0x00, 0x00, 0x16, 0x00, 0x00, 0x00, 0x0D, 0x00, 0x00, 0x00, 0x00, 0x00, 0x00, 0x00, 0x00,
    0x00, 0x00, 0x00, 0x6E, 0x00, 0x00, 0x00, 0x0D, 0x00, 0x00, 0x00, 0x0F, 0x00, 0x00, 0x00, 0x0F,
    0x00, 0x00, 0x00, 0x0D, 0x00, 0x00, 0x00, 0x00, 0x00, 0x00, 0x00, 0x00, 0x00, 0x00, 0x00, 0x6F,
    0x00, 0x00, 0x00, 0x0D, 0x00, 0x00, 0x00, 0x0E, 0x00, 0x00, 0x00, 0x0E, 0x00, 0x00, 0x00, 0x0D,
    0x00, 0x00, 0x00, 0x00, 0x00, 0x00, 0x00, 0x00, 0x00, 0x00, 0x00, 0x70, 0x00, 0x00, 0x00, 0x13,
    0x00, 0x00, 0x00, 0x0F, 0x00, 0x00, 0x00, 0x0F, 0x00, 0x00, 0x00, 0x0D, 0x00, 0x00, 0x00, 0x00,
    0x00, 0x00, 0x00, 0x00, 0x00, 0x00, 0x00, 0x71, 0x00, 0x00, 0x00, 0x13, 0x00, 0x00, 0x00, 0x0E,
    0x00, 0x00, 0x00, 0x0E, 0x00, 0x00, 0x00, 0x0D, 0x00, 0x00, 0x00, 0x00, 0x00, 0x00, 0x00, 0x00,
    0x00, 0x00, 0x00, 0x72, 0x00, 0x00, 0x00, 0x0D, 0x00, 0x00, 0x00, 0x0A, 0x00, 0x00, 0x00, 0x0A,
    0x00, 0x00, 0x00, 0x0D, 0x00, 0x00, 0x00, 0x00, 0x00, 0x00, 0x00, 0x00, 0x00, 0x00, 0x00, 0x73,
    0x00, 0x00, 0x00, 0x0D, 0x00, 0x00, 0x00, 0x0B, 0x00, 0x00, 0x00, 0x0B, 0x00, 0x00, 0x00, 0x0D,
    0x00, 0x00, 0x00, 0x00, 0x00, 0x00, 0x00, 0x00, 0x00, 0x00, 0x00, 0x74, 0x00, 0x00, 0x00, 0x10,
    0x00, 0x00, 0x00, 0x0A, 0x00, 0x00, 0x00, 0x0A, 0x00, 0x00, 0x00, 0x10, 0x00, 0x00, 0x00, 0x00,
    0x00, 0x00, 0x00, 0x00, 0x00, 0x00, 0x00, 0x75, 0x00, 0x00, 0x00, 0x0D, 0x00, 0x00, 0x00, 0x0F,
    0x00, 0x00, 0x00, 0x0F, 0x00, 0x00, 0x00, 0x0D, 0x00, 0x00, 0x00, 0x00, 0x00, 0x00, 0x00, 0x00,
    0x00, 0x00, 0x00, 0x76, 0x00, 0x00, 0x00, 0x0D, 0x00, 0x00, 0x00, 0x0D, 0x00, 0x00, 0x00, 0x0C,
    0x00, 0x00, 0x00, 0x0D, 0x00, 0x00, 0x00, 0x00, 0x00, 0x00, 0x00, 0x00, 0x00, 0x00, 0x00, 0x77,
    0x00, 0x00, 0x00, 0x0D, 0x00, 0x00, 0x00, 0x13, 0x00, 0x00, 0x00, 0x13, 0x00, 0x00, 0x00, 0x0D,
    0x00, 0x00, 0x00, 0x00, 0x00, 0x00, 0x00, 0x00, 0x00, 0x00, 0x00, 0x78, 0x00, 0x00, 0x00, 0x0D,
    0x00, 0x00, 0x00, 0x0D, 0x00, 0x00, 0x00, 0x0D, 0x00, 0x00, 0x00, 0x0D, 0x00, 0x00, 0x00, 0x00,
    0x00, 0x00, 0x00, 0x00, 0x00, 0x00, 0x00, 0x79, 0x00, 0x00, 0x00, 0x13, 0x00, 0x00, 0x00, 0x0D,
    0x00, 0x00, 0x00, 0x0C, 0x00, 0x00, 0x00, 0x0D, 0xFF, 0xFF, 0xFF, 0xFF, 0x00, 0x00, 0x00, 0x00,
    0x00, 0x00, 0x00, 0x7A, 0x00, 0x00, 0x00, 0x0D, 0x00, 0x00, 0x00, 0x0B, 0x00, 0x00, 0x00, 0x0B,
    0x00, 0x00, 0x00, 0x0D, 0x00, 0x00, 0x00, 0x00, 0x00, 0x00, 0x00, 0x00, 0x00, 0x00, 0x00, 0x7B,
    0x00, 0x00, 0x00, 0x15, 0x00, 0x00, 0x00, 0x0A, 0x00, 0x00, 0x00, 0x0A, 0x00, 0x00, 0x00, 0x11,
    0x00, 0x00, 0x00, 0x00, 0x00, 0x00, 0x00, 0x00, 0x00, 0x00, 0x00, 0x7C, 0x00, 0x00, 0x00, 0x18,
    0x00, 0x00, 0x00, 0x0E, 0x00, 0x00, 0x00, 0x0E, 0x00, 0x00, 0x00, 0x12, 0x00, 0x00, 0x00, 0x00,
    0x00, 0x00, 0x00, 0x00, 0x00, 0x00, 0x00, 0x7D, 0x00, 0x00, 0x00, 0x15, 0x00, 0x00, 0x00, 0x09,
    0x00, 0x00, 0x00, 0x09, 0x00, 0x00, 0x00, 0x11, 0x00, 0x00, 0x00, 0x00, 0x00, 0x00, 0x00, 0x00,
    0x00, 0x00, 0x00, 0x7E, 0x00, 0x00, 0x00, 0x0A, 0x00, 0x00, 0x00, 0x0D, 0x00, 0x00, 0x00, 0x0D,
    0x00, 0x00, 0x00, 0x0A, 0x00, 0x00, 0x00, 0x00, 0x00, 0x00, 0x00, 0x00, 0x00, 0x00, 0x00, 0xD3,
    0x00, 0x00, 0x00, 0x17, 0x00, 0x00, 0x00, 0x12, 0x00, 0x00, 0x00, 0x12, 0x00, 0x00, 0x00, 0x17,
    0x00, 0x00, 0x00, 0x00, 0x00, 0x00, 0x00, 0x00, 0x00, 0x00, 0x00, 0xF3, 0x00, 0x00, 0x00, 0x12,
    0x00, 0x00, 0x00, 0x0E, 0x00, 0x00, 0x00, 0x0E, 0x00, 0x00, 0x00, 0x12, 0x00, 0x00, 0x00, 0x00,
    0x00, 0x00, 0x00, 0x00, 0x00, 0x00, 0x01, 0x04, 0x00, 0x00, 0x00, 0x17, 0x00, 0x00, 0x00, 0x11,
    0x00, 0x00, 0x00, 0x0F, 0x00, 0x00, 0x00, 0x11, 0xFF, 0xFF, 0xFF, 0xFF, 0x00, 0x00, 0x00, 0x00,
    0x00, 0x00, 0x01, 0x05, 0x00, 0x00, 0x00, 0x13, 0x00, 0x00, 0x00, 0x0D, 0x00, 0x00, 0x00, 0x0D,
    0x00, 0x00, 0x00, 0x0D, 0x00, 0x00, 0x00, 0x00, 0x00, 0x00, 0x00, 0x00, 0x00, 0x00, 0x01, 0x06,
    0x00, 0x00, 0x00, 0x17, 0x00, 0x00, 0x00, 0x0F, 0x00, 0x00, 0x00, 0x0F, 0x00, 0x00, 0x00, 0x17,
    0x00, 0x00, 0x00, 0x00, 0x00, 0x00, 0x00, 0x00, 0x00, 0x00, 0x01, 0x07, 0x00, 0x00, 0x00, 0x12,
    0x00, 0x00, 0x00, 0x0B, 0x00, 0x00, 0x00, 0x0B, 0x00, 0x00, 0x00, 0x12, 0x00, 0x00, 0x00, 0x00,
    0x00, 0x00, 0x00, 0x00, 0x00, 0x00, 0x01, 0x18, 0x00, 0x00, 0x00, 0x17, 0x00, 0x00, 0x00, 0x0D,
    0x00, 0x00, 0x00, 0x0D, 0x00, 0x00, 0x00, 0x11, 0x00, 0x00, 0x00, 0x00, 0x00, 0x00, 0x00, 0x00,
    0x00, 0x00, 0x01, 0x19, 0x00, 0x00, 0x00, 0x12, 0x00, 0x00, 0x00, 0x0D, 0x00, 0x00, 0x00, 0x0D,
    0x00, 0x00, 0x00, 0x0D, 0x00, 0x00, 0x00, 0x00, 0x00, 0x00, 0x00, 0x00, 0x00, 0x00, 0x01, 0x41,
    0x00, 0x00, 0x00, 0x11, 0x00, 0x00, 0x00, 0x0D, 0x00, 0x00, 0x00, 0x0C, 0x00, 0x00, 0x00, 0x11,
    0xFF, 0xFF, 0xFF, 0xFF, 0x00, 0x00, 0x00, 0x00, 0x00, 0x00, 0x01, 0x42, 0x00, 0x00, 0x00, 0x12,
    0x00, 0x00, 0x00, 0x08, 0x00, 0x00, 0x00, 0x06, 0x00, 0x00, 0x00, 0x12, 0xFF, 0xFF, 0xFF, 0xFF,
    0x00, 0x00, 0x00, 0x00, 0x00, 0x00, 0x01, 0x43, 0x00, 0x00, 0x00, 0x17, 0x00, 0x00, 0x00, 0x12,
    0x00, 0x00, 0x00, 0x12, 0x00, 0x00, 0x00, 0x17, 0x00, 0x00, 0x00, 0x00, 0x00, 0x00, 0x00, 0x00,
    0x00, 0x00, 0x01, 0x44, 0x00, 0x00, 0x00, 0x12, 0x00, 0x00, 0x00, 0x0F, 0x00, 0x00, 0x00, 0x0F,
    0x00, 0x00, 0x00, 0x12, 0x00, 0x00, 0x00, 0x00, 0x00, 0x00, 0x00, 0x00, 0x00, 0x00, 0x01, 0x5A,
    0x00, 0x00, 0x00, 0x17, 0x00, 0x00, 0x00, 0x0D, 0x00, 0x00, 0x00, 0x0D, 0x00, 0x00, 0x00, 0x17,
    0x00, 0x00, 0x00, 0x00, 0x00, 0x00, 0x00, 0x00, 0x00, 0x00, 0x01, 0x5B, 0x00, 0x00, 0x00, 0x12,
    0x00, 0x00, 0x00, 0x0B, 0x00, 0x00, 0x00, 0x0B, 0x00, 0x00, 0x00, 0x12, 0x00, 0x00, 0x00, 0x00,
    0x00, 0x00, 0x00, 0x00, 0x00, 0x00, 0x01, 0x79, 0x00, 0x00, 0x00, 0x17, 0x00, 0x00, 0x00, 0x0E,
    0x00, 0x00, 0x00, 0x0E, 0x00, 0x00, 0x00, 0x17, 0x00, 0x00, 0x00, 0x00, 0x00, 0x00, 0x00, 0x00,
    0x00, 0x00, 0x01, 0x7A, 0x00, 0x00, 0x00, 0x12, 0x00, 0x00, 0x00, 0x0B, 0x00, 0x00, 0x00, 0x0B,
    0x00, 0x00, 0x00, 0x12, 0x00, 0x00, 0x00, 0x00, 0x00, 0x00, 0x00, 0x00, 0x00, 0x00, 0x01, 0x7B,
    0x00, 0x00, 0x00, 0x16, 0x00, 0x00, 0x00, 0x0E, 0x00, 0x00, 0x00, 0x0E, 0x00, 0x00, 0x00, 0x16,
    0x00, 0x00, 0x00, 0x00, 0x00, 0x00, 0x00, 0x00, 0x00, 0x00, 0x01, 0x7C, 0x00, 0x00, 0x00, 0x12,
    0x00, 0x00, 0x00, 0x0B, 0x00, 0x00, 0x00, 0x0B, 0x00, 0x00, 0x00, 0x12, 0x00, 0x00, 0x00, 0x00,
    0x00, 0x00, 0x00, 0x00, 0x00, 0x00, 0xFF, 0xFF, 0x00, 0x00, 0x00, 0x00, 0x00, 0xFF, 0xFF, 0x00,
    0x00, 0x00, 0x00, 0x00, 0xFF, 0xFF, 0x00, 0x00, 0x00, 0x00, 0x00, 0xFF, 0xFF, 0x00, 0x00, 0x00,
    0x00, 0x00, 0xFF, 0xFF, 0x00, 0x00, 0x00, 0x00, 0x00, 0xFF, 0xFF, 0x00, 0x00, 0x00, 0x00, 0x00,
    0xFF, 0xFF, 0x00, 0x00, 0x00, 0x00, 0x00, 0xFF, 0xFF, 0x00, 0x00, 0x00, 0x00, 0x00, 0xFF, 0xFF,
    0x00, 0x00, 0x00, 0x00, 0x00, 0xFF, 0xFF, 0x00, 0x00, 0x00, 0x00, 0x00, 0xFF, 0xFF, 0x00, 0x00,
    0x00, 0x00, 0x00, 0xFF, 0xFF, 0x00, 0x00, 0x00, 0x00, 0x00, 0x00, 0x00, 0x00, 0x00, 0x00, 0x00,
    0x00, 0x00, 0x00, 0x00, 0x00, 0x00, 0x00, 0x00, 0x9D, 0xF6, 0x91, 0x00, 0x00, 0x00, 0x00, 0xF6,
    0xFF, 0xED, 0x00, 0x00, 0x00, 0x00, 0x9A, 0xF6, 0x8E, 0x00, 0x00, 0x00, 0x66, 0xFF, 0xCD, 0x00,
    0x03, 0xFE, 0xFF, 0x31, 0x00, 0x00, 0x51, 0xFF, 0xB8, 0x00, 0x00, 0xED, 0xFF, 0x1C, 0x00, 0x00,
    0x3D, 0xFF, 0xA3, 0x00, 0x00, 0xD9, 0xFF, 0x08, 0x00, 0x00, 0x28, 0xFF, 0x8F, 0x00, 0x00, 0xC4,
    0xF3, 0x00, 0x00, 0x00, 0x13, 0xFF, 0x7A, 0x00, 0x00, 0xAF, 0xDE, 0x00, 0x00, 0x00, 0x01, 0xFC,
    0x66, 0x00, 0x00, 0x9A, 0xCA, 0x00, 0x00, 0x00, 0x00, 0x00, 0x00, 0x00, 0x00, 0x00, 0x00, 0x00,
    0x00, 0x00, 0x00, 0x00, 0x00, 0x00, 0x00, 0x00, 0x00, 0x00, 0x00, 0x00, 0x00, 0x00, 0x00, 0x00,
    0x00, 0x00, 0x00, 0x00, 0x00, 0x00, 0x00, 0x00, 0x00, 0x00, 0x00, 0x00, 0x00, 0x00, 0x00, 0x00,
    0x00, 0x00, 0x00, 0x00, 0x00, 0x00, 0x00, 0x00, 0x00, 0x00, 0x00, 0x00, 0x00, 0x00, 0x00, 0x00,
    0x00, 0x00, 0x00, 0x00, 0x00, 0x00, 0x00, 0x00, 0x00, 0x00, 0x00, 0x00, 0x00, 0x00, 0x00, 0x00,
    0x00, 0x00, 0x00, 0x00, 0x00, 0x00, 0x00, 0x00, 0x00, 0x00, 0x00, 0x00, 0x00, 0x00, 0x00, 0x00,
    0x00, 0x00, 0x00, 0x00, 0x00, 0x00, 0x00, 0x00, 0x00, 0x00, 0x00, 0x00, 0x00, 0x00, 0x00, 0x00,
    0x00, 0x00, 0x00, 0x00, 0x00, 0x00, 0x00, 0x00, 0x00, 0x00, 0x00, 0xD4, 0xD0, 0x00, 0x00, 0x00,
    0xE4, 0xB0, 0x00, 0x00, 0x00, 0x00, 0x00, 0x00, 0x00, 0x00, 0x07, 0xFB, 0xA2, 0x00, 0x00, 0x12,
    0xFF, 0x82, 0x00, 0x00, 0x00, 0x00, 0x00, 0x00, 0x00, 0x00, 0x32, 0xFF, 0x73, 0x00, 0x00, 0x40,
    0xFF, 0x53, 0x00, 0x00, 0x00, 0x00, 0x00, 0x00, 0x00, 0x00, 0x61, 0xFF, 0x45, 0x00, 0x00, 0x6F,
    0xFF, 0x25, 0x00, 0x00, 0x00, 0x00, 0x00, 0x00, 0x00, 0x00, 0x90, 0xFF, 0x17, 0x00, 0x00, 0x9D,
    0xF5, 0x02, 0x00, 0x00, 0x00, 0x00, 0x00, 0xFF, 0xFF, 0xFF, 0xFF, 0xFF, 0xFF, 0xFF, 0xFF, 0xFF,
    0xFF, 0xFF, 0xFF, 0xFF, 0x00, 0x00, 0x00, 0x94, 0x94, 0x94, 0xFD, 0xD8, 0x94, 0x94, 0x9D, 0xFF,
    0xCD, 0x94, 0x94, 0x94, 0x00, 0x00, 0x00, 0x00, 0x00, 0x1F, 0xFF, 0x7E, 0x00, 0x00, 0x3A, 0xFF,
    0x65, 0x00, 0x00, 0x00, 0x00, 0x00, 0x00, 0x00, 0x00, 0x52, 0xFF, 0x4D, 0x00, 0x00, 0x6C, 0xFF,
    0x34, 0x00, 0x00, 0x00, 0x00, 0x00, 0x00, 0x00, 0x00, 0x85, 0xFF, 0x1C, 0x00, 0x00, 0x9E, 0xFA,
    0x07, 0x00, 0x00, 0x00, 0x00, 0x00, 0xBC, 0xBC, 0xBC, 0xE7, 0xFF, 0xBC, 0xBC, 0xBC, 0xEE, 0xF8,
    0xBC, 0xBC, 0xBC, 0x00, 0x00, 0x00, 0xFF, 0xFF, 0xFF, 0xFF, 0xFF, 0xFF, 0xFF, 0xFF, 0xFF, 0xFF,
    0xFF, 0xFF, 0xFF, 0x00, 0x00, 0x00, 0x00, 0x00, 0x0F, 0xFF, 0x94, 0x00, 0x00, 0x29, 0xFF, 0x77,
    0x00, 0x00, 0x00, 0x00, 0x00, 0x00, 0x00, 0x00, 0x3B, 0xFF, 0x66, 0x00, 0x00, 0x59, 0xFF, 0x47,
    0x00, 0x00, 0x00, 0x00, 0x00, 0x00, 0x00, 0x00, 0x67, 0xFF, 0x37, 0x00, 0x00, 0x89, 0xFF, 0x17,
    0x00, 0x00, 0x00, 0x00, 0x00, 0x00, 0x00, 0x00, 0x93, 0xFD, 0x0B, 0x00, 0x00, 0xB9, 0xE7, 0x00,
    0x00, 0x00, 0x00, 0x00, 0x00, 0x00, 0x00, 0x00, 0xBE, 0xDB, 0x00, 0x00, 0x00, 0xE8, 0xB7, 0x00,
    0x00, 0x00, 0x00, 0x00, 0x00, 0x00, 0x00, 0x00, 0x00, 0x00, 0xD8, 0xFF, 0x00, 0x00, 0x00, 0x00,
    0x00, 0x00, 0x00, 0x00, 0x00, 0x00, 0x00, 0xD8, 0xFF, 0x00, 0x00, 0x00, 0x00, 0x00, 0x00, 0x00,
    0x00, 0x0F, 0x71, 0xAA, 0xF4, 0xFF, 0xAF, 0x96, 0x76, 0x34, 0x02, 0x00, 0x00, 0x20, 0xE2, 0xFF,
    0xFF, 0xFF, 0xFF, 0xFC, 0xFF, 0xFF, 0xFF, 0x3B, 0x00, 0x00, 0xAF, 0xFF, 0xC3, 0x1B, 0xD8, 0xFF,
    0x06, 0x2A, 0x64, 0x95, 0x00, 0x00, 0x00, 0xF1, 0xFF, 0x45, 0x00, 0xD8, 0xFF, 0x00, 0x00, 0x00,
    0x00, 0x00, 0x00, 0x00, 0xF3, 0xFF, 0x4D, 0x00, 0xD8, 0xFF, 0x00, 0x00, 0x00, 0x00, 0x00, 0x00,
    0x00, 0xB8, 0xFF, 0xD3, 0x21, 0xD8, 0xFF, 0x00, 0x00, 0x00, 0x00, 0x00, 0x00, 0x00, 0x29, 0xEB,
    0xFF, 0xFD, 0xFB, 0xFF, 0x31, 0x00, 0x00, 0x00, 0x00, 0x00, 0x00, 0x00, 0x1C, 0x9C, 0xF5, 0xFF,
    0xFF, 0xFF, 0xE0, 0x7C, 0x0D, 0x00, 0x00, 0x00, 0x00, 0x00, 0x00, 0x0C, 0xE0, 0xFF, 0xDF, 0xFF,
    0xFF, 0xE4, 0x28, 0x00, 0x00, 0x00, 0x00, 0x00, 0x00, 0xD8, 0xFF, 0x00, 0x36, 0xD0, 0xFF, 0xBD,
    0x00, 0x00, 0x00, 0x00, 0x00, 0x00, 0xD8, 0xFF, 0x00, 0x00, 0x4C, 0xFF, 0xF4, 0x00, 0x00, 0x00,
    0x00, 0x00, 0x00, 0xD8, 0xFF, 0x00, 0x00, 0x5B, 0xFF, 0xE4, 0x00, 0x00, 0xC2, 0x69, 0x2D, 0x0A,
    0xD8, 0xFF, 0x37, 0x78, 0xF0, 0xFF, 0x7C, 0x00, 0x00, 0xFF, 0xFF, 0xFF, 0xFF, 0xFF, 0xFF, 0xFF,
    0xFF, 0xF8, 0x82, 0x01, 0x00, 0x00, 0x2E, 0x78, 0x9A, 0xAF, 0xF5, 0xFF, 0x91, 0x60, 0x14, 0x00,
    0x00, 0x00, 0x00, 0x00, 0x00, 0x00, 0x00, 0xD8, 0xFF, 0x00, 0x00, 0x00, 0x00, 0x00, 0x00, 0x00,
    0x00, 0x00, 0x00, 0x00, 0xD8, 0xFF, 0x00, 0x00, 0x00, 0x00, 0x00, 0x00, 0x00, 0x00, 0x00, 0x00,
    0x00, 0x6C, 0x80, 0x00, 0x00, 0x00, 0x00, 0x00, 0x00, 0x00, 0x00, 0x50, 0xD4, 0xF8, 0xD9, 0x5E,
    0x00, 0x00, 0x00, 0x00, 0x00, 0x00, 0xB3, 0xFB, 0x2A, 0x00, 0x00, 0x00, 0x00, 0x00, 0x31, 0xFB,
    0xFF, 0xD3, 0xFC, 0xFF, 0x4A, 0x00, 0x00, 0x00, 0x00, 0x3E, 0xFF, 0x93, 0x00, 0x00, 0x00, 0x00,
    0x00, 0x00, 0x9E, 0xFF, 0xA1, 0x00, 0x7B, 0xFF, 0xC4, 0x00, 0x00, 0x00, 0x01, 0xC9, 0xEE, 0x12,
    0x00, 0x00, 0x00, 0x00, 0x00, 0x00, 0xDA, 0xFF, 0x55, 0x00, 0x29, 0xFF, 0xFD, 0x08, 0x00, 0x00,
    0x58, 0xFF, 0x6E, 0x00, 0x00, 0x00, 0x00, 0x00, 0x00, 0x00, 0xF6, 0xFF, 0x3A, 0x00, 0x0D, 0xFF,
    0xFF, 0x24, 0x00, 0x06, 0xDD, 0xD7, 0x04, 0x00, 0x00, 0x00, 0x00, 0x00, 0x00, 0x00, 0xFD, 0xFF,
    0x33, 0x00, 0x04, 0xFF, 0xFF, 0x2C, 0x00, 0x71, 0xFF, 0x49, 0x00, 0x00, 0x00, 0x00, 0x00, 0x00,
    0x00, 0x00, 0xEF, 0xFF, 0x3F, 0x00, 0x10, 0xFF, 0xFF, 0x1E, 0x10, 0xEC, 0xB6, 0x00, 0x40, 0x75,
    0x72, 0x33, 0x00, 0x00, 0x00, 0x00, 0xC7, 0xFF, 0x63, 0x00, 0x39, 0xFF, 0xF5, 0x02, 0x8A, 0xFB,
    0x2B, 0xAB, 0xFF, 0xFF, 0xFF, 0xFF, 0x91, 0x00, 0x00, 0x00, 0x7A, 0xFF, 0xC5, 0x17, 0xA6, 0xFF,
    0xAB, 0x1E, 0xF7, 0x91, 0x60, 0xFF, 0xDB, 0x23, 0x2D, 0xE5, 0xFF, 0x50, 0x00, 0x00, 0x0F, 0xDE,
    0xFF, 0xFF, 0xFF, 0xF5, 0x2C, 0xA3, 0xED, 0x11, 0xBC, 0xFF, 0x6E, 0x00, 0x00, 0x79, 0xFF, 0xB5,
    0x00, 0x00, 0x00, 0x17, 0x8D, 0xB5, 0x99, 0x2C, 0x31, 0xFE, 0x6C, 0x00, 0xEB, 0xFF, 0x42, 0x00,
    0x00, 0x45, 0xFF, 0xE8, 0x00, 0x00, 0x00, 0x00, 0x00, 0x00, 0x00, 0x00, 0xBB, 0xD5, 0x04, 0x00,
    0xFC, 0xFF, 0x34, 0x00, 0x00, 0x35, 0xFF, 0xFB, 0x00, 0x00, 0x00, 0x00, 0x00, 0x00, 0x00, 0x48,
    0xFF, 0x47, 0x00, 0x00, 0xF5, 0xFF, 0x3E, 0x00, 0x00, 0x41, 0xFF, 0xF5, 0x00, 0x00, 0x00, 0x00,
    0x00, 0x00, 0x02, 0xD2, 0xB4, 0x00, 0x00, 0x00, 0xD4, 0xFF, 0x5E, 0x00, 0x00, 0x65, 0xFF, 0xD4,
    0x00, 0x00, 0x00, 0x00, 0x00, 0x00, 0x61, 0xFA, 0x27, 0x00, 0x00, 0x00, 0x8C, 0xFF, 0xBB, 0x01,
    0x05, 0xC9, 0xFF, 0x8F, 0x00, 0x00, 0x00, 0x00, 0x00, 0x09, 0xE3, 0x8F, 0x00, 0x00, 0x00, 0x00,
    0x19, 0xEC, 0xFF, 0xDD, 0xE2, 0xFF, 0xEF, 0x1C, 0x00, 0x00, 0x00, 0x00, 0x00, 0x7A, 0xEC, 0x10,
    0x00, 0x00, 0x00, 0x00, 0x00, 0x2B, 0xB8, 0xF4, 0xF3, 0xB9, 0x2F, 0x00, 0x00, 0x00, 0x00, 0x00,
    0x02, 0x69, 0xC9, 0xF2, 0xF7, 0xD3, 0x75, 0x04, 0x00, 0x00, 0x00, 0x00, 0x00, 0x00, 0x00, 0x00,
    0x00, 0x00, 0x91, 0xFF, 0xFF, 0xD3, 0xCE, 0xFF, 0xFF, 0x99, 0x00, 0x00, 0x00, 0x00, 0x00, 0x00,
    0x00, 0x00, 0x00, 0x0F, 0xFB, 0xFF, 0x62, 0x00, 0x00, 0x5D, 0xFF, 0xFC, 0x11, 0x00, 0x00, 0x00,
    0x00, 0x00, 0x00, 0x00, 0x00, 0x28, 0xFF, 0xFF, 0x0A, 0x00, 0x00, 0x0C, 0xFF, 0xFF, 0x23, 0x00,
    0x00, 0x00, 0x00, 0x00, 0x00, 0x00, 0x00, 0x08, 0xF2, 0xFF, 0x3B, 0x00, 0x00, 0x4C, 0xFF, 0xEB,
    0x02, 0x00, 0x00, 0x00, 0x00, 0x00, 0x00, 0x00, 0x00, 0x00, 0x6D, 0xFF, 0xD1, 0x0C, 0x41, 0xED,
    0xFD, 0x54, 0x00, 0x00, 0x00, 0x00, 0x00, 0x00, 0x00, 0x00, 0x00, 0x00, 0x01, 0x9F, 0xFF, 0xDE,
    0xFE, 0xE9, 0x4B, 0x00, 0x00, 0x00, 0x00, 0x00, 0x00, 0x00, 0x00, 0x00, 0x00, 0x00, 0x0B, 0x89,
    0xFF, 0xFF, 0xF6, 0x21, 0x00, 0x00, 0x00, 0x00, 0x00, 0x00, 0x00, 0x00, 0x00, 0x00, 0x00, 0x2E,
    0xDB, 0xFF, 0xE8, 0xF6, 0xFF, 0xCB, 0x10, 0x00, 0x00, 0x00, 0x18, 0xFE, 0xFA, 0x10, 0x00, 0x00,
    0x21, 0xEF, 0xFF, 0xB0, 0x10, 0x3F, 0xF3, 0xFF, 0xCC, 0x11, 0x00, 0x00, 0x66, 0xFF, 0xB7, 0x00,
    0x00, 0x00, 0xA6, 0xFF, 0xBE, 0x03, 0x00, 0x00, 0x38, 0xEF, 0xFF, 0xCC, 0x11, 0x00, 0xC7, 0xFF,
    0x65, 0x00, 0x00, 0x00, 0xEB, 0xFF, 0x4D, 0x00, 0x00, 0x00, 0x00, 0x30, 0xEA, 0xFF, 0xCD, 0x69,
    0xFF, 0xEC, 0x0D, 0x00, 0x00, 0x00, 0xF7, 0xFF, 0x3C, 0x00, 0x00, 0x00, 0x00, 0x00, 0x29, 0xE5,
    0xFF, 0xFF, 0xFF, 0x68, 0x00, 0x00, 0x00, 0x00, 0xD7, 0xFF, 0x79, 0x00, 0x00, 0x00, 0x00, 0x00,
    0x00, 0x52, 0xFF, 0xFF, 0xED, 0x0E, 0x00, 0x00, 0x00, 0x00, 0x7D, 0xFF, 0xF5, 0x4D, 0x00, 0x00,
    0x00, 0x14, 0x7C, 0xF5, 0xFF, 0xF9, 0xFF, 0xC4, 0x0B, 0x00, 0x00, 0x00, 0x07, 0xBF, 0xFF, 0xFF,
    0xE2, 0xC3, 0xD4, 0xFC, 0xFF, 0xF6, 0x6D, 0x29, 0xE9, 0xFF, 0xBF, 0x09, 0x00, 0x00, 0x00, 0x03,
    0x6A, 0xC2, 0xED, 0xFC, 0xF0, 0xC8, 0x75, 0x16, 0x00, 0x00, 0x2C, 0xEB, 0xFF, 0xBA, 0x08, 0x00,
    0x66, 0xFF, 0xCD, 0x00, 0x00, 0x51, 0xFF, 0xB8, 0x00, 0x00, 0x3D, 0xFF, 0xA3, 0x00, 0x00, 0x28,
    0xFF, 0x8F, 0x00, 0x00, 0x13, 0xFF, 0x7A, 0x00, 0x00, 0x01, 0xFC, 0x66, 0x00, 0x00, 0x00, 0x00,
    0x00, 0x00, 0x00, 0x00, 0x00, 0x00, 0x00, 0x00, 0x00, 0x00, 0x00, 0x00, 0x00, 0x00, 0x00, 0x00,
    0x00, 0x00, 0x00, 0x00, 0x00, 0x00, 0x00, 0x00, 0x00, 0x00, 0x00, 0x00, 0x00, 0x00, 0x00, 0x00,
    0x00, 0x00, 0x00, 0x00, 0x00, 0x00, 0x00, 0x00, 0x00, 0x00, 0x00, 0x00, 0x00, 0x00, 0x00, 0x00,
    0x00, 0x00, 0x00, 0x00, 0x00, 0x00, 0x00, 0x04, 0xC6, 0xFF, 0x44, 0x00, 0x00, 0x00, 0x80, 0xFF,
    0xA5, 0x00, 0x00, 0x00, 0x1C, 0xF6, 0xF8, 0x18, 0x00, 0x00, 0x00, 0x92, 0xFF, 0xA4, 0x00, 0x00,
    0x00, 0x09, 0xEF, 0xFF, 0x3C, 0x00, 0x00, 0x00, 0x4B, 0xFF, 0xE9, 0x00, 0x00, 0x00, 0x00, 0x8E,
    0xFF, 0xAF, 0x00, 0x00, 0x00, 0x00, 0xBD, 0xFF, 0x75, 0x00, 0x00, 0x00, 0x00, 0xE1, 0xFF, 0x57,
    0x00, 0x00, 0x00, 0x00, 0xF3, 0xFF, 0x44, 0x00, 0x00, 0x00, 0x00, 0xFD, 0xFF, 0x34, 0x00, 0x00,
    0x00, 0x00, 0xF5, 0xFF, 0x3B, 0x00, 0x00, 0x00, 0x00, 0xE5, 0xFF, 0x4D, 0x00, 0x00, 0x00, 0x00,
    0xC3, 0xFF, 0x72, 0x00, 0x00, 0x00, 0x00, 0x96, 0xFF, 0xA1, 0x00, 0x00, 0x00, 0x00, 0x53, 0xFF,
    0xE4, 0x00, 0x00, 0x00, 0x00, 0x0D, 0xF4, 0xFF, 0x36, 0x00, 0x00, 0x00, 0x00, 0x9A, 0xFF, 0x98,
    0x00, 0x00, 0x00, 0x00, 0x22, 0xF9, 0xF7, 0x19, 0x00, 0x00, 0x00, 0x00, 0x86, 0xFF, 0x97, 0x00,
    0x00, 0x00, 0x00, 0x05, 0xC7, 0xFE, 0x3B, 0x1D, 0xF1, 0xE5, 0x15, 0x00, 0x00, 0x00, 0x00, 0x6A,
    0xFF, 0xB3, 0x00, 0x00, 0x00, 0x00, 0x04, 0xDE, 0xFF, 0x46, 0x00, 0x00, 0x00, 0x00, 0x6C, 0xFF,
    0xC6, 0x00, 0x00, 0x00, 0x00, 0x12, 0xF9, 0xFF, 0x2B, 0x00, 0x00, 0x00, 0x00, 0xBC, 0xFF, 0x7C,
    0x00, 0x00, 0x00, 0x00, 0x7A, 0xFF, 0xBE, 0x00, 0x00, 0x00, 0x00, 0x49, 0xFF, 0xEC, 0x00, 0x00,
    0x00, 0x00, 0x22, 0xFF, 0xFF, 0x10, 0x00, 0x00, 0x00, 0x0E, 0xFF, 0xFF, 0x22, 0x00, 0x00, 0x00,
    0x03, 0xFF, 0xFF, 0x2C, 0x00, 0x00, 0x00, 0x0D, 0xFF, 0xFF, 0x24, 0x00, 0x00, 0x00, 0x1E, 0xFF,
    0xFF, 0x14, 0x00, 0x00, 0x00, 0x45, 0xFF, 0xF1, 0x00, 0x00, 0x00, 0x00, 0x75, 0xFF, 0xC5, 0x00,
    0x00, 0x00, 0x00, 0xB8, 0xFF, 0x84, 0x00, 0x00, 0x00, 0x10, 0xF7, 0xFF, 0x34, 0x00, 0x00, 0x00,
    0x69, 0xFF, 0xCD, 0x00, 0x00, 0x00, 0x04, 0xDC, 0xFF, 0x4E, 0x00, 0x00, 0x00, 0x67, 0xFF, 0xB8,
    0x00, 0x00, 0x00, 0x19, 0xEF, 0xE6, 0x16, 0x00, 0x00, 0x00, 0x00, 0x00, 0x00, 0x00, 0x00, 0x93,
    0xFF, 0xAD, 0x00, 0x00, 0x00, 0x00, 0x00, 0x00, 0x00, 0x00, 0x00, 0x00, 0x77, 0xFF, 0x92, 0x00,
    0x00, 0x00, 0x00, 0x00, 0x00, 0x00, 0x00, 0x00, 0x00, 0x5B, 0xFF, 0x77, 0x00, 0x00, 0x00, 0x00,
    0x00, 0x00, 0x74, 0x5E, 0x17, 0x00, 0x3F, 0xFF, 0x5C, 0x00, 0x0F, 0x52, 0x89, 0x00, 0x00, 0xDF,
    0xFF, 0xFE, 0xCE, 0x9E, 0xFF, 0xA9, 0xC4, 0xFC, 0xFF, 0xFE, 0x0B, 0x00, 0x84, 0x9C, 0xB1, 0xC6,
    0xF2, 0xFF, 0xF9, 0xC9, 0xB4, 0x9F, 0x8A, 0x13, 0x00, 0x00, 0x00, 0x00, 0x2C, 0xF6, 0xE7, 0xFE,
    0x48, 0x00, 0x00, 0x00, 0x00, 0x00, 0x00, 0x00, 0x0B, 0xD6, 0xFC, 0x2F, 0xF1, 0xEC, 0x1C, 0x00,
    0x00, 0x00, 0x00, 0x00, 0x00, 0xA2, 0xFF, 0xAA, 0x00, 0x85, 0xFF, 0xC5, 0x04, 0x00, 0x00, 0x00,
    0x00, 0x31, 0xF9, 0xFF, 0x39, 0x00, 0x14, 0xF4, 0xFF, 0x58, 0x00, 0x00, 0x00, 0x00, 0x00, 0x1F,
    0x7C, 0x00, 0x00, 0x00, 0x63, 0x36, 0x00, 0x00, 0x00, 0x00, 0x00, 0x00, 0x00, 0x00, 0x00, 0x00,
    0x00, 0x00, 0x00, 0x00, 0x00, 0x00, 0x00, 0x00, 0x00, 0x00, 0x00, 0x00, 0x00, 0x00, 0x00, 0x00,
    0x00, 0x00, 0x00, 0x00, 0x00, 0x00, 0x00, 0x00, 0x00, 0x00, 0x00, 0x00, 0x00, 0x00, 0x00, 0x00,
    0x00, 0x00, 0x00, 0x00, 0x00, 0x00, 0x00, 0x00, 0x00, 0x00, 0x00, 0x00, 0x00, 0x00, 0x00, 0x00,
    0x00, 0x00, 0x00, 0x00, 0x00, 0x00, 0x00, 0x00, 0x00, 0x00, 0x00, 0x00, 0x00, 0x00, 0x00, 0x00,
    0x00, 0x00, 0x00, 0x00, 0x00, 0x00, 0x00, 0x00, 0x00, 0x00, 0x00, 0x00, 0x00, 0x00, 0x00, 0x00,
    0x00, 0x00, 0x00, 0x00, 0x00, 0x00, 0x00, 0x00, 0x00, 0x30, 0xFF, 0xFF, 0x00, 0x00, 0x00, 0x00,
    0x00, 0x00, 0x00, 0x00, 0x00, 0x00, 0x30, 0xFF, 0xFF, 0x00, 0x00, 0x00, 0x00, 0x00, 0x00, 0x00,
    0x00, 0x00, 0x00, 0x30, 0xFF, 0xFF, 0x00, 0x00, 0x00, 0x00, 0x00, 0x00, 0x00, 0x00, 0x00, 0x00,
    0x30, 0xFF, 0xFF, 0x00, 0x00, 0x00, 0x00, 0x00, 0x00, 0x00, 0x00, 0x00, 0x00, 0x30, 0xFF, 0xFF,
    0x00, 0x00, 0x00, 0x00, 0x00, 0x00, 0xBC, 0xBC, 0xBC, 0xBC, 0xC8, 0xFF, 0xFF, 0xBC, 0xBC, 0xBC,
    0xBC, 0x00, 0x00, 0xFF, 0xFF, 0xFF, 0xFF, 0xFF, 0xFF, 0xFF, 0xFF, 0xFF, 0xFF, 0xFF, 0x00, 0x00,
    0x00, 0x00, 0x00, 0x00, 0x30, 0xFF, 0xFF, 0x00, 0x00, 0x00, 0x00, 0x00, 0x00, 0x00, 0x00, 0x00,
    0x00, 0x30, 0xFF, 0xFF, 0x00, 0x00, 0x00, 0x00, 0x00, 0x00, 0x00, 0x00, 0x00, 0x00, 0x30, 0xFF,
    0xFF, 0x00, 0x00, 0x00, 0x00, 0x00, 0x00, 0x00, 0x00, 0x00, 0x00, 0x30, 0xFF, 0xFF, 0x00, 0x00,
    0x00, 0x00, 0x00, 0x00, 0x00, 0x00, 0x00, 0x00, 0x30, 0xFF, 0xFF, 0x00, 0x00, 0x00, 0x00, 0x00,
    0x00, 0x00, 0x00, 0x00, 0x00, 0x00, 0x00, 0x00, 0x00, 0x00, 0x00, 0x00, 0x00, 0x00, 0x00, 0x00,
    0x00, 0x00, 0x00, 0x00, 0x00, 0x00, 0x00, 0x00, 0x00, 0x00, 0x00, 0x00, 0x00, 0x00, 0x00, 0x00,
    0x00, 0x00, 0x00, 0x00, 0x00, 0x00, 0x00, 0x00, 0x00, 0xE5, 0xFF, 0x81, 0x00, 0x00, 0x0F, 0xFF,
    0xFF, 0x3C, 0x00, 0x00, 0x3F, 0xFF, 0xE6, 0x03, 0x00, 0x00, 0x72, 0xFF, 0x8C, 0x00, 0x00, 0x00,
    0xA9, 0xFF, 0x2A, 0x00, 0x00, 0x00, 0xE5, 0xC0, 0x00, 0x00, 0x00, 0x00, 0xBC, 0xBC, 0xBC, 0xBC,
    0xBC, 0xBC, 0x00, 0x00, 0xFF, 0xFF, 0xFF, 0xFF, 0xFF, 0xFF, 0x00, 0x00, 0x00, 0x00, 0x00, 0x00,
    0x00, 0x00, 0x00, 0x00, 0x00, 0x00, 0x00, 0x00, 0x00, 0x00, 0x00, 0x00, 0x00, 0x00, 0x00, 0x00,
    0x00, 0x00, 0x00, 0x00, 0x00, 0x00, 0x00, 0x00, 0x00, 0x00, 0x00, 0x00, 0x00, 0x00, 0x00, 0x00,
    0x00, 0x00, 0x00, 0x00, 0x00, 0x9D, 0xF6, 0x91, 0x00, 0x00, 0x00, 0x00, 0xF6, 0xFF, 0xED, 0x00,
    0x00, 0x00, 0x00, 0x9A, 0xF6, 0x8E, 0x00, 0x00, 0x00, 0x00, 0x00, 0x00, 0x00, 0x00, 0x91, 0xFF,
    0x7F, 0x00, 0x00, 0x00, 0x00, 0x00, 0x05, 0xEB, 0xFE, 0x20, 0x00, 0x00, 0x00, 0x00, 0x00, 0x51,
    0xFF, 0xBF, 0x00, 0x00, 0x00, 0x00, 0x00, 0x00, 0xB1, 0xFF, 0x5F, 0x00, 0x00, 0x00, 0x00, 0x00,
    0x16, 0xFA, 0xF3, 0x0B, 0x00, 0x00, 0x00, 0x00, 0x00, 0x72, 0xFF, 0x9E, 0x00, 0x00, 0x00, 0x00,
    0x00, 0x00, 0xD1, 0xFF, 0x3E, 0x00, 0x00, 0x00, 0x00, 0x00, 0x32, 0xFF, 0xDD, 0x01, 0x00, 0x00,
    0x00, 0x00, 0x00, 0x92, 0xFF, 0x7D, 0x00, 0x00, 0x00, 0x00, 0x00, 0x06, 0xEC, 0xFE, 0x1F, 0x00,
    0x00, 0x00, 0x00, 0x00, 0x53, 0xFF, 0xBD, 0x00, 0x00, 0x00, 0x00, 0x00, 0x00, 0xB3, 0xFF, 0x5D,
    0x00, 0x00, 0x00, 0x00, 0x00, 0x17, 0xFB, 0xF2, 0x0A, 0x00, 0x00, 0x00, 0x00, 0x00, 0x74, 0xFF,
    0x9C, 0x00, 0x00, 0x00, 0x00, 0x00, 0x00, 0xD3, 0xFF, 0x3C, 0x00, 0x00, 0x00, 0x00, 0x00, 0x34,
    0xFF, 0xDB, 0x00, 0x00, 0x00, 0x00, 0x00, 0x00, 0x94, 0xFF, 0x7C, 0x00, 0x00, 0x00, 0x00, 0x00,
    0x00, 0x00, 0x00, 0x00, 0x1E, 0x9A, 0xD9, 0xF6, 0xDD, 0xA0, 0x21, 0x00, 0x00, 0x00, 0x00, 0x00,
    0x00, 0x2A, 0xF0, 0xFF, 0xEE, 0xC7, 0xE6, 0xFF, 0xF3, 0x32, 0x00, 0x00, 0x00, 0x00, 0x01, 0xD4,
    0xFF, 0xA5, 0x09, 0x00, 0x02, 0x83, 0xFF, 0xE2, 0x05, 0x00, 0x00, 0x00, 0x46, 0xFF, 0xEA, 0x0B,
    0x00, 0x00, 0x00, 0x01, 0xCA, 0xFF, 0x5F, 0x00, 0x00, 0x00, 0x92, 0xFF, 0x99, 0x00, 0x00, 0x00,
    0x00, 0x00, 0x6E, 0xFF, 0xB1, 0x00, 0x00, 0x00, 0xC4, 0xFF, 0x67, 0x00, 0x00, 0x00, 0x00, 0x00,
    0x3A, 0xFF, 0xEA, 0x00, 0x00, 0x00, 0xE5, 0xFF, 0x46, 0x00, 0x00, 0x00, 0x00, 0x00, 0x17, 0xFF,
    0xFF, 0x0F, 0x00, 0x00, 0xF3, 0xFF, 0x3A, 0x00, 0x00, 0x00, 0x00, 0x00, 0x0B, 0xFF, 0xFF, 0x1F,
    0x00, 0x00, 0xFC, 0xFF, 0x32, 0x00, 0x00, 0x00, 0x00, 0x00, 0x03, 0xFF, 0xFF, 0x2C, 0x00, 0x00,
    0xF1, 0xFF, 0x3A, 0x00, 0x00, 0x00, 0x00, 0x00, 0x0B, 0xFF, 0xFF, 0x25, 0x00, 0x00, 0xE0, 0xFF,
    0x46, 0x00, 0x00, 0x00, 0x00, 0x00, 0x17, 0xFF, 0xFF, 0x16, 0x00, 0x00, 0xBC, 0xFF, 0x67, 0x00,
    0x00, 0x00, 0x00, 0x00, 0x3A, 0xFF, 0xF3, 0x00, 0x00, 0x00, 0x84, 0xFF, 0x99, 0x00, 0x00, 0x00,
    0x00, 0x00, 0x6D, 0xFF, 0xC2, 0x00, 0x00, 0x00, 0x31, 0xFF, 0xEA, 0x0B, 0x00, 0x00, 0x00, 0x00,
    0xC7, 0xFF, 0x77, 0x00, 0x00, 0x00, 0x00, 0xB9, 0xFF, 0xA5, 0x09, 0x00, 0x02, 0x80, 0xFF, 0xF1,
    0x12, 0x00, 0x00, 0x00, 0x00, 0x18, 0xE0, 0xFF, 0xEE, 0xC6, 0xE5, 0xFF, 0xF9, 0x4E, 0x00, 0x00,
    0x00, 0x00, 0x00, 0x00, 0x18, 0x97, 0xE3, 0xFA, 0xE7, 0xAA, 0x31, 0x00, 0x00, 0x00, 0x00, 0x00,
    0x00, 0x00, 0x00, 0x00, 0x65, 0xF8, 0xFF, 0x30, 0x00, 0x00, 0x00, 0x00, 0x00, 0x00, 0x00, 0x00,
    0x09, 0xA0, 0xFF, 0xFF, 0xFF, 0x30, 0x00, 0x00, 0x00, 0x00, 0x00, 0x00, 0x00, 0x24, 0xD1, 0xFF,
    0xA5, 0xFF, 0xFF, 0x30, 0x00, 0x00, 0x00, 0x00, 0x00, 0x00, 0x21, 0xF0, 0xFF, 0x82, 0x01, 0xFF,
    0xFF, 0x30, 0x00, 0x00, 0x00, 0x00, 0x00, 0x00, 0x00, 0x98, 0x57, 0x00, 0x00, 0xFF, 0xFF, 0x30,
    0x00, 0x00, 0x00, 0x00, 0x00, 0x00, 0x00, 0x00, 0x00, 0x00, 0x00, 0xFF, 0xFF, 0x30, 0x00, 0x00,
    0x00, 0x00, 0x00, 0x00, 0x00, 0x00, 0x00, 0x00, 0x00, 0xFF, 0xFF, 0x30, 0x00, 0x00, 0x00, 0x00,
    0x00, 0x00, 0x00, 0x00, 0x00, 0x00, 0x00, 0xFF, 0xFF, 0x30, 0x00, 0x00, 0x00, 0x00, 0x00, 0x00,
    0x00, 0x00, 0x00, 0x00, 0x00, 0xFF, 0xFF, 0x30, 0x00, 0x00, 0x00, 0x00, 0x00, 0x00, 0x00, 0x00,
    0x00, 0x00, 0x00, 0xFF, 0xFF, 0x30, 0x00, 0x00, 0x00, 0x00, 0x00, 0x00, 0x00, 0x00, 0x00, 0x00,
    0x00, 0xFF, 0xFF, 0x30, 0x00, 0x00, 0x00, 0x00, 0x00, 0x00, 0x00, 0x00, 0x00, 0x00, 0x00, 0xFF,
    0xFF, 0x30, 0x00, 0x00, 0x00, 0x00, 0x00, 0x00, 0x00, 0x00, 0x00, 0x00, 0x00, 0xFF, 0xFF, 0x30,
    0x00, 0x00, 0x00, 0x00, 0x00, 0x00, 0x00, 0x00, 0x00, 0x00, 0x00, 0xFF, 0xFF, 0x30, 0x00, 0x00,
    0x00, 0x00, 0x00, 0x00, 0x00, 0x00, 0x00, 0x00, 0x00, 0xFF, 0xFF, 0x30, 0x00, 0x00, 0x00, 0x00,
    0x00, 0x00, 0x00, 0x00, 0x00, 0x00, 0x00, 0xFF, 0xFF, 0x30, 0x00, 0x00, 0x00, 0x00, 0x00, 0x00,
    0x00, 0x00, 0x00, 0x00, 0x00, 0xFF, 0xFF, 0x30, 0x00, 0x00, 0x00, 0x00, 0x00, 0x00, 0x00, 0x06,
    0x55, 0xB3, 0xE8, 0xFB, 0xEC, 0xC1, 0x67, 0x03, 0x00, 0x00, 0x00, 0x00, 0x3D, 0xDA, 0xFF, 0xFF,
    0xDC, 0xC3, 0xDB, 0xFF, 0xFF, 0xC1, 0x08, 0x00, 0x00, 0x00, 0x58, 0xFE, 0xA2, 0x26, 0x00, 0x00,
    0x00, 0x3B, 0xED, 0xFF, 0x83, 0x00, 0x00, 0x00, 0x00, 0x26, 0x00, 0x00, 0x00, 0x00, 0x00, 0x00,
    0x6A, 0xFF, 0xDC, 0x00, 0x00, 0x00, 0x00, 0x00, 0x00, 0x00, 0x00, 0x00, 0x00, 0x00, 0x3A, 0xFF,
    0xF8, 0x00, 0x00, 0x00, 0x00, 0x00, 0x00, 0x00, 0x00, 0x00, 0x00, 0x00, 0x4C, 0xFF, 0xE4, 0x00,
    0x00, 0x00, 0x00, 0x00, 0x00, 0x00, 0x00, 0x00, 0x00, 0x00, 0x99, 0xFF, 0xA0, 0x00, 0x00, 0x00,
    0x00, 0x00, 0x00, 0x00, 0x00, 0x00, 0x00, 0x2B, 0xFA, 0xFC, 0x2E, 0x00, 0x00, 0x00, 0x00, 0x00,
    0x00, 0x00, 0x00, 0x00, 0x13, 0xDA, 0xFF, 0x83, 0x00, 0x00, 0x00, 0x00, 0x00, 0x00, 0x00, 0x00,
    0x00, 0x0F, 0xCC, 0xFF, 0xAD, 0x02, 0x00, 0x00, 0x00, 0x00, 0x00, 0x00, 0x00, 0x00, 0x11, 0xCB,
    0xFF, 0xB7, 0x06, 0x00, 0x00, 0x00, 0x00, 0x00, 0x00, 0x00, 0x00, 0x15, 0xD0, 0xFF, 0xB5, 0x07,
    0x00, 0x00, 0x00, 0x00, 0x00, 0x00, 0x00, 0x00, 0x19, 0xD5, 0xFF, 0xAB, 0x05, 0x00, 0x00, 0x00,
    0x00, 0x00, 0x00, 0x00, 0x00, 0x1D, 0xDB, 0xFF, 0x9E, 0x03, 0x00, 0x00, 0x00, 0x00, 0x00, 0x00,
    0x00, 0x00, 0x22, 0xE0, 0xFF, 0x91, 0x01, 0x00, 0x00, 0x00, 0x00, 0x00, 0x00, 0x00, 0x00, 0x00,
    0xE4, 0xFF, 0xF9, 0xBC, 0xBC, 0xBC, 0xBC, 0xBC, 0xBC, 0xBC, 0xBC, 0x00, 0x00, 0x00, 0xFF, 0xFF,
    0xFF, 0xFF, 0xFF, 0xFF, 0xFF, 0xFF, 0xFF, 0xFF, 0xFF, 0x00, 0x00, 0x00, 0x00, 0x02, 0x51, 0xA7,
    0xE0, 0xF7, 0xF7, 0xDD, 0x9E, 0x2B, 0x00, 0x00, 0x00, 0x00, 0x21, 0xD2, 0xFF, 0xFF, 0xE4, 0xC7,
    0xCF, 0xF7, 0xFF, 0xF8, 0x45, 0x00, 0x00, 0x00, 0x05, 0xBE, 0x93, 0x2A, 0x00, 0x00, 0x00, 0x15,
    0xB7, 0xFF, 0xE1, 0x01, 0x00, 0x00, 0x00, 0x00, 0x00, 0x00, 0x00, 0x00, 0x00, 0x00, 0x20, 0xFF,
    0xFF, 0x24, 0x00, 0x00, 0x00, 0x00, 0x00, 0x00, 0x00, 0x00, 0x00, 0x00, 0x10, 0xFF, 0xFF, 0x1E,
    0x00, 0x00, 0x00, 0x00, 0x00, 0x00, 0x00, 0x00, 0x00, 0x00, 0x78, 0xFF, 0xD5, 0x00, 0x00, 0x00,
    0x00, 0x00, 0x00, 0x00, 0x00, 0x0D, 0x34, 0x94, 0xFE, 0xEA, 0x33, 0x00, 0x00, 0x00, 0x00, 0x00,
    0x00, 0xE8, 0xFF, 0xFF, 0xFF, 0xEF, 0x84, 0x12, 0x00, 0x00, 0x00, 0x00, 0x00, 0x00, 0x00, 0xAA,
    0xBC, 0xC6, 0xDC, 0xFE, 0xFE, 0xC3, 0x3C, 0x00, 0x00, 0x00, 0x00, 0x00, 0x00, 0x00, 0x00, 0x00,
    0x00, 0x14, 0x80, 0xFC, 0xFB, 0x40, 0x00, 0x00, 0x00, 0x00, 0x00, 0x00, 0x00, 0x00, 0x00, 0x00,
    0x00, 0x85, 0xFF, 0xC3, 0x00, 0x00, 0x00, 0x00, 0x00, 0x00, 0x00, 0x00, 0x00, 0x00, 0x00, 0x3D,
    0xFF, 0xF7, 0x00, 0x00, 0x00, 0x00, 0x00, 0x00, 0x00, 0x00, 0x00, 0x00, 0x00, 0x44, 0xFF, 0xEB,
    0x00, 0x00, 0x00, 0x00, 0x00, 0x00, 0x00, 0x00, 0x00, 0x00, 0x00, 0x9A, 0xFF, 0xB6, 0x00, 0x00,
    0x66, 0x89, 0x2F, 0x00, 0x00, 0x00, 0x00, 0x0C, 0x7E, 0xFF, 0xFD, 0x41, 0x00, 0x00, 0x80, 0xFF,
    0xFF, 0xEE, 0xCA, 0xBF, 0xCF, 0xF8, 0xFF, 0xF8, 0x67, 0x00, 0x00, 0x00, 0x16, 0x76, 0xBB, 0xDC,
    0xF0, 0xFA, 0xE9, 0xCB, 0x87, 0x24, 0x00, 0x00, 0x00, 0x00, 0x00, 0x00, 0x00, 0x00, 0x00, 0x00,
    0x00, 0x7E, 0xFF, 0xFF, 0x30, 0x00, 0x00, 0x00, 0x00, 0x00, 0x00, 0x00, 0x00, 0x00, 0x35, 0xFB,
    0xFF, 0xFF, 0x30, 0x00, 0x00, 0x00, 0x00, 0x00, 0x00, 0x00, 0x00, 0x0A, 0xD9, 0xC3, 0xFF, 0xFF,
    0x30, 0x00, 0x00, 0x00, 0x00, 0x00, 0x00, 0x00, 0x00, 0x98, 0xFE, 0x3A, 0xFF, 0xFF, 0x30, 0x00,
    0x00, 0x00, 0x00, 0x00, 0x00, 0x00, 0x4B, 0xFF, 0x93, 0x00, 0xFF, 0xFF, 0x30, 0x00, 0x00, 0x00,
    0x00, 0x00, 0x00, 0x15, 0xE8, 0xD9, 0x0A, 0x00, 0xFF, 0xFF, 0x30, 0x00, 0x00, 0x00, 0x00, 0x00,
    0x00, 0xB1, 0xFC, 0x37, 0x00, 0x00, 0xFF, 0xFF, 0x30, 0x00, 0x00, 0x00, 0x00, 0x00, 0x65, 0xFF,
    0x82, 0x00, 0x00, 0x00, 0xFF, 0xFF, 0x30, 0x00, 0x00, 0x00, 0x00, 0x24, 0xF4, 0xCD, 0x05, 0x00,
    0x00, 0x00, 0xFF, 0xFF, 0x30, 0x00, 0x00, 0x00, 0x03, 0xC8, 0xF7, 0x2A, 0x00, 0x00, 0x00, 0x00,
    0xFF, 0xFF, 0x30, 0x00, 0x00, 0x00, 0x7F, 0xFF, 0x72, 0x00, 0x00, 0x00, 0x00, 0x00, 0xFF, 0xFF,
    0x30, 0x00, 0x00, 0x00, 0xFB, 0xFF, 0xE1, 0xE0, 0xE0, 0xE0, 0xE0, 0xE0, 0xFF, 0xFF, 0xE6, 0xE0,
    0xE0, 0x00, 0xFF, 0xFF, 0xFF, 0xFF, 0xFF, 0xFF, 0xFF, 0xFF, 0xFF, 0xFF, 0xFF, 0xFF, 0xFF, 0x00,
    0x00, 0x00, 0x00, 0x00, 0x00, 0x00, 0x00, 0x00, 0xFF, 0xFF, 0x30, 0x00, 0x00, 0x00, 0x00, 0x00,
    0x00, 0x00, 0x00, 0x00, 0x00, 0x00, 0xFF, 0xFF, 0x30, 0x00, 0x00, 0x00, 0x00, 0x00, 0x00, 0x00,
    0x00, 0x00, 0x00, 0x00, 0xFF, 0xFF, 0x30, 0x00, 0x00, 0x00, 0x00, 0x00, 0x00, 0x00, 0x00, 0x00,
    0x00, 0x00, 0xFF, 0xFF, 0x30, 0x00, 0x00, 0x00, 0x00, 0x83, 0xFF, 0xFF, 0xFF, 0xFF, 0xFF, 0xFF,
    0xFF, 0xF8, 0x00, 0x00, 0x00, 0x00, 0x00, 0x97, 0xFF, 0xCF, 0xBC, 0xBC, 0xBC, 0xBC, 0xBC, 0xB6,
    0x00, 0x00, 0x00, 0x00, 0x00, 0xAC, 0xFF, 0x3B, 0x00, 0x00, 0x00, 0x00, 0x00, 0x00, 0x00, 0x00,
    0x00, 0x00, 0x00, 0xC1, 0xFF, 0x25, 0x00, 0x00, 0x00, 0x00, 0x00, 0x00, 0x00, 0x00, 0x00, 0x00,
    0x00, 0xD6, 0xFF, 0x0F, 0x00, 0x00, 0x00, 0x00, 0x00, 0x00, 0x00, 0x00, 0x00, 0x00, 0x00, 0xEB,
    0xF9, 0x00, 0x00, 0x00, 0x00, 0x00, 0x00, 0x00, 0x00, 0x00, 0x00, 0x00, 0x02, 0xFD, 0xF4, 0x91,
    0xAC, 0xB6, 0xA3, 0x74, 0x1D, 0x00, 0x00, 0x00, 0x00, 0x00, 0x0C, 0xF3, 0xFF, 0xFF, 0xFF, 0xFF,
    0xFF, 0xFF, 0xF8, 0x73, 0x00, 0x00, 0x00, 0x00, 0x00, 0x1F, 0x41, 0x1D, 0x07, 0x0A, 0x33, 0x9B,
    0xFF, 0xFF, 0x5E, 0x00, 0x00, 0x00, 0x00, 0x00, 0x00, 0x00, 0x00, 0x00, 0x00, 0x00, 0x91, 0xFF,
    0xDC, 0x01, 0x00, 0x00, 0x00, 0x00, 0x00, 0x00, 0x00, 0x00, 0x00, 0x00, 0x22, 0xFF, 0xFF, 0x17,
    0x00, 0x00, 0x00, 0x00, 0x00, 0x00, 0x00, 0x00, 0x00, 0x00, 0x06, 0xFF, 0xFF, 0x27, 0x00, 0x00,
    0x00, 0x00, 0x00, 0x00, 0x00, 0x00, 0x00, 0x00, 0x20, 0xFF, 0xFF, 0x0C, 0x00, 0x00, 0x00, 0x00,
    0x00, 0x00, 0x00, 0x00, 0x00, 0x00, 0x80, 0xFF, 0xC4, 0x00, 0x00, 0x00, 0x5F, 0x64, 0x11, 0x00,
    0x00, 0x00, 0x05, 0x6C, 0xFC, 0xFE, 0x47, 0x00, 0x00, 0x00, 0x80, 0xFF, 0xFD, 0xDB, 0xC2, 0xC9,
    0xF2, 0xFF, 0xF9, 0x6B, 0x00, 0x00, 0x00, 0x00, 0x1B, 0x85, 0xC6, 0xE1, 0xF7, 0xF2, 0xD7, 0x91,
    0x2A, 0x00, 0x00, 0x00, 0x00, 0x00, 0x00, 0x00, 0x00, 0x08, 0x6D, 0xBB, 0xE7, 0xFA, 0xF7, 0xB1,
    0x00, 0x00, 0x00, 0x00, 0x00, 0x00, 0x2E, 0xE0, 0xFF, 0xFF, 0xDB, 0xC3, 0xC7, 0xBC, 0x00, 0x00,
    0x00, 0x00, 0x00, 0x1F, 0xED, 0xFF, 0x9E, 0x1F, 0x00, 0x00, 0x00, 0x00, 0x00, 0x00, 0x00, 0x00,
    0x00, 0xB6, 0xFF, 0x88, 0x00, 0x00, 0x00, 0x00, 0x00, 0x00, 0x00, 0x00, 0x00, 0x00, 0x2C, 0xFF,
    0xE0, 0x06, 0x00, 0x00, 0x00, 0x00, 0x00, 0x00, 0x00, 0x00, 0x00, 0x00, 0x7D, 0xFF, 0x87, 0x00,
    0x00, 0x00, 0x00, 0x00, 0x00, 0x00, 0x00, 0x00, 0x00, 0x00, 0xB7, 0xFF, 0x51, 0x26, 0xAA, 0xED,
    0xF7, 0xD9, 0x84, 0x0C, 0x00, 0x00, 0x00, 0x00, 0xD8, 0xFF, 0x6D, 0xF6, 0xF0, 0xC6, 0xDB, 0xFD,
    0xFF, 0xD5, 0x0F, 0x00, 0x00, 0x00, 0xEA, 0xFF, 0xFB, 0x82, 0x08, 0x00, 0x00, 0x36, 0xE6, 0xFF,
    0x94, 0x00, 0x00, 0x00, 0xFB, 0xFF, 0x9D, 0x00, 0x00, 0x00, 0x00, 0x00, 0x61, 0xFF, 0xEF, 0x04,
    0x00, 0x00, 0xF4, 0xFF, 0x3F, 0x00, 0x00, 0x00, 0x00, 0x00, 0x1B, 0xFF, 0xFF, 0x1D, 0x00, 0x00,
    0xDD, 0xFF, 0x46, 0x00, 0x00, 0x00, 0x00, 0x00, 0x05, 0xFF, 0xFF, 0x27, 0x00, 0x00, 0xA9, 0xFF,
    0x77, 0x00, 0x00, 0x00, 0x00, 0x00, 0x1E, 0xFF, 0xFF, 0x0E, 0x00, 0x00, 0x54, 0xFF, 0xE2, 0x07,
    0x00, 0x00, 0x00, 0x00, 0x6C, 0xFF, 0xCD, 0x00, 0x00, 0x00, 0x03, 0xCD, 0xFF, 0xB8, 0x0D, 0x00,
    0x00, 0x4A, 0xF0, 0xFF, 0x5E, 0x00, 0x00, 0x00, 0x00, 0x23, 0xDF, 0xFF, 0xF2, 0xC5, 0xDF, 0xFF,
    0xFF, 0x9C, 0x00, 0x00, 0x00, 0x00, 0x00, 0x00, 0x10, 0x84, 0xD7, 0xF8, 0xEC, 0xBF, 0x59, 0x00,
    0x00, 0x00, 0x00, 0x00, 0xFF, 0xFF, 0xFF, 0xFF, 0xFF, 0xFF, 0xFF, 0xFF, 0xFF, 0xFF, 0xFF, 0x00,
    0x00, 0x00, 0xBC, 0xBC, 0xBC, 0xBC, 0xBC, 0xBC, 0xBC, 0xBC, 0xCA, 0xFF, 0xF0, 0x00, 0x00, 0x00,
    0x00, 0x00, 0x00, 0x00, 0x00, 0x00, 0x00, 0x00, 0x7E, 0xFF, 0x8E, 0x00, 0x00, 0x00, 0x00, 0x00,
    0x00, 0x00, 0x00, 0x00, 0x00, 0x07, 0xE8, 0xFD, 0x23, 0x00, 0x00, 0x00, 0x00, 0x00, 0x00, 0x00,
    0x00, 0x00, 0x00, 0x60, 0xFF, 0xB3, 0x00, 0x00, 0x00, 0x00, 0x00, 0x00, 0x00, 0x00, 0x00, 0x00,
    0x00, 0xD0, 0xFF, 0x45, 0x00, 0x00, 0x00, 0x00, 0x00, 0x00, 0x00, 0x00, 0x00, 0x00, 0x42, 0xFF,
    0xD6, 0x00, 0x00, 0x00, 0x00, 0x00, 0x00, 0x00, 0x00, 0x00, 0x00, 0x00, 0xB3, 0xFF, 0x6A, 0x00,
    0x00, 0x00, 0x00, 0x00, 0x00, 0x00, 0x00, 0x00, 0x00, 0x25, 0xFE, 0xF0, 0x0C, 0x00, 0x00, 0x00,
    0x00, 0x00, 0x00, 0x00, 0x00, 0x00, 0x00, 0x95, 0xFF, 0x8E, 0x00, 0x00, 0x00, 0x00, 0x00, 0x00,
    0x00, 0x00, 0x00, 0x00, 0x11, 0xF4, 0xFD, 0x23, 0x00, 0x00, 0x00, 0x00, 0x00, 0x00, 0x00, 0x00,
    0x00, 0x00, 0x77, 0xFF, 0xB3, 0x00, 0x00, 0x00, 0x00, 0x00, 0x00, 0x00, 0x00, 0x00, 0x00, 0x04,
    0xE3, 0xFF, 0x45, 0x00, 0x00, 0x00, 0x00, 0x00, 0x00, 0x00, 0x00, 0x00, 0x00, 0x59, 0xFF, 0xD6,
    0x00, 0x00, 0x00, 0x00, 0x00, 0x00, 0x00, 0x00, 0x00, 0x00, 0x00, 0xC9, 0xFF, 0x6A, 0x00, 0x00,
    0x00, 0x00, 0x00, 0x00, 0x00, 0x00, 0x00, 0x00, 0x3B, 0xFF, 0xF0, 0x0C, 0x00, 0x00, 0x00, 0x00,
    0x00, 0x00, 0x00, 0x00, 0x00, 0x00, 0xAC, 0xFF, 0x8E, 0x00, 0x00, 0x00, 0x00, 0x00, 0x00, 0x00,
    0x00, 0x00, 0x00, 0x00, 0x1F, 0x93, 0xDA, 0xF6, 0xF3, 0xD3, 0x87, 0x14, 0x00, 0x00, 0x00, 0x00,
    0x00, 0x3E, 0xF4, 0xFF, 0xF3, 0xC9, 0xD1, 0xFA, 0xFF, 0xE6, 0x25, 0x00, 0x00, 0x00, 0x02, 0xDD,
    0xFF, 0xB1, 0x10, 0x00, 0x00, 0x1F, 0xD3, 0xFF, 0xB1, 0x00, 0x00, 0x00, 0x20, 0xFF, 0xFF, 0x1E,
    0x00, 0x00, 0x00, 0x00, 0x4F, 0xFF, 0xEF, 0x00, 0x00, 0x00, 0x21, 0xFF, 0xFF, 0x0E, 0x00, 0x00,
    0x00, 0x00, 0x3E, 0xFF, 0xEE, 0x00, 0x00, 0x00, 0x01, 0xDB, 0xFF, 0x6F, 0x00, 0x00, 0x00, 0x00,
    0xA4, 0xFF, 0x9D, 0x00, 0x00, 0x00, 0x00, 0x41, 0xF8, 0xFC, 0x88, 0x11, 0x13, 0x9E, 0xFF, 0xD1,
    0x12, 0x00, 0x00, 0x00, 0x00, 0x00, 0x36, 0xD6, 0xFF, 0xF1, 0xF2, 0xF9, 0x87, 0x0A, 0x00, 0x00,
    0x00, 0x00, 0x00, 0x00, 0x27, 0xB0, 0xFF, 0xFD, 0xFF, 0xF6, 0x77, 0x04, 0x00, 0x00, 0x00, 0x00,
    0x00, 0x78, 0xFC, 0xED, 0x6E, 0x0F, 0x5E, 0xE3, 0xFF, 0xC5, 0x0F, 0x00, 0x00, 0x00, 0x5F, 0xFF,
    0xE4, 0x20, 0x00, 0x00, 0x00, 0x11, 0xCA, 0xFF, 0xA2, 0x00, 0x00, 0x00, 0xD5, 0xFF, 0x62, 0x00,
    0x00, 0x00, 0x00, 0x00, 0x32, 0xFF, 0xFB, 0x0F, 0x00, 0x00, 0xF8, 0xFF, 0x39, 0x00, 0x00, 0x00,
    0x00, 0x00, 0x0B, 0xFF, 0xFF, 0x27, 0x00, 0x00, 0xE1, 0xFF, 0x6B, 0x00, 0x00, 0x00, 0x00, 0x00,
    0x40, 0xFF, 0xFE, 0x0D, 0x00, 0x00, 0x8C, 0xFF, 0xEC, 0x3F, 0x00, 0x00, 0x00, 0x2E, 0xD9, 0xFF,
    0xAD, 0x00, 0x00, 0x00, 0x0C, 0xC7, 0xFF, 0xFF, 0xE0, 0xC4, 0xDA, 0xFD, 0xFF, 0xD4, 0x15, 0x00,
    0x00, 0x00, 0x00, 0x04, 0x67, 0xBC, 0xE9, 0xFA, 0xED, 0xC5, 0x71, 0x07, 0x00, 0x00, 0x00, 0x00,
    0x00, 0x00, 0x3C, 0xAC, 0xE5, 0xF8, 0xE0, 0x95, 0x1C, 0x00, 0x00, 0x00, 0x00, 0x00, 0x00, 0x6F,
    0xFD, 0xFF, 0xE9, 0xC5, 0xE8, 0xFF, 0xF0, 0x3B, 0x00, 0x00, 0x00, 0x00, 0x37, 0xFC, 0xFE, 0x6D,
    0x01, 0x00, 0x04, 0x8F, 0xFF, 0xE8, 0x13, 0x00, 0x00, 0x00, 0xA4, 0xFF, 0xA4, 0x00, 0x00, 0x00,
    0x00, 0x00, 0xB4, 0xFF, 0x7D, 0x00, 0x00, 0x00, 0xE1, 0xFF, 0x55, 0x00, 0x00, 0x00, 0x00, 0x00,
    0x41, 0xFF, 0xD4, 0x00, 0x00, 0x00, 0xF9, 0xFF, 0x38, 0x00, 0x00, 0x00, 0x00, 0x00, 0x12, 0xFF,
    0xFE, 0x0C, 0x00, 0x00, 0xEB, 0xFF, 0x4F, 0x00, 0x00, 0x00, 0x00, 0x00, 0x19, 0xFF, 0xFF, 0x22,
    0x00, 0x00, 0xBA, 0xFF, 0xA3, 0x00, 0x00, 0x00, 0x00, 0x00, 0x90, 0xFF, 0xFF, 0x2A, 0x00, 0x00,
    0x50, 0xFF, 0xFE, 0x88, 0x23, 0x07, 0x2A, 0x9B, 0xE8, 0xFF, 0xFF, 0x19, 0x00, 0x00, 0x00, 0x83,
    0xFE, 0xFF, 0xFF, 0xFF, 0xFF, 0xEA, 0x3C, 0xFF, 0xFF, 0x07, 0x00, 0x00, 0x00, 0x00, 0x34, 0x8E,
    0xB2, 0xB0, 0x7B, 0x0F, 0x2A, 0xFF, 0xE8, 0x00, 0x00, 0x00, 0x00, 0x00, 0x00, 0x00, 0x00, 0x00,
    0x00, 0x00, 0x62, 0xFF, 0xAF, 0x00, 0x00, 0x00, 0x00, 0x00, 0x00, 0x00, 0x00, 0x00, 0x00, 0x00,
    0xC3, 0xFF, 0x5B, 0x00, 0x00, 0x00, 0x00, 0x00, 0x00, 0x00, 0x00, 0x00, 0x00, 0x68, 0xFF, 0xE0,
    0x05, 0x00, 0x00, 0x00, 0x00, 0x00, 0x00, 0x00, 0x00, 0x16, 0x89, 0xFD, 0xFD, 0x42, 0x00, 0x00,
    0x00, 0x00, 0x00, 0xA5, 0xCD, 0xC1, 0xD5, 0xFC, 0xFF, 0xF2, 0x50, 0x00, 0x00, 0x00, 0x00, 0x00,
    0x00, 0x92, 0xF4, 0xFC, 0xEC, 0xC8, 0x81, 0x16, 0x00, 0x00, 0x00, 0x00, 0x00, 0x00, 0x00, 0x9B,
    0xF6, 0x8E, 0x00, 0x00, 0x00, 0x00, 0xF6, 0xFF, 0xED, 0x00, 0x00, 0x00, 0x00, 0x9A, 0xF6, 0x8E,
    0x00, 0x00, 0x00, 0x00, 0x00, 0x00, 0x00, 0x00, 0x00, 0x00, 0x00, 0x00, 0x00, 0x00, 0x00, 0x00,
    0x00, 0x00, 0x00, 0x00, 0x00, 0x00, 0x00, 0x00, 0x00, 0x00, 0x00, 0x00, 0x00, 0x00, 0x00, 0x00,
    0x00, 0x00, 0x00, 0x00, 0x00, 0x00, 0x00, 0x00, 0x00, 0x00, 0x00, 0x00, 0x00, 0x00, 0x00, 0x00,
    0x00, 0x00, 0x00, 0x00, 0x00, 0x9D, 0xF6, 0x91, 0x00, 0x00, 0x00, 0x00, 0xF6, 0xFF, 0xED, 0x00,
    0x00, 0x00, 0x00, 0x9A, 0xF6, 0x8E, 0x00, 0x00, 0x00, 0x00, 0x9B, 0xF6, 0x8E, 0x00, 0x00, 0x00,
    0x00, 0xF6, 0xFF, 0xED, 0x00, 0x00, 0x00, 0x00, 0x9A, 0xF6, 0x8E, 0x00, 0x00, 0x00, 0x00, 0x00,
    0x00, 0x00, 0x00, 0x00, 0x00, 0x00, 0x00, 0x00, 0x00, 0x00, 0x00, 0x00, 0x00, 0x00, 0x00, 0x00,
    0x00, 0x00, 0x00, 0x00, 0x00, 0x00, 0x00, 0x00, 0x00, 0x00, 0x00, 0x00, 0x00, 0x00, 0x00, 0x00,
    0x00, 0x00, 0x00, 0x00, 0x00, 0x00, 0x00, 0x00, 0x00, 0x00, 0x00, 0x00, 0x00, 0x00, 0x00, 0x00,
    0xCE, 0xFF, 0x99, 0x00, 0x00, 0x00, 0x03, 0xF6, 0xFF, 0x54, 0x00, 0x00, 0x00, 0x2A, 0xFF, 0xF5,
    0x0C, 0x00, 0x00, 0x00, 0x60, 0xFF, 0xA6, 0x00, 0x00, 0x00, 0x00, 0x99, 0xFF, 0x44, 0x00, 0x00,
    0x00, 0x00, 0xD3, 0xD8, 0x01, 0x00, 0x00, 0x00, 0x00, 0x00, 0x00, 0x00, 0x00, 0x00, 0x00, 0x00,
    0x00, 0x00, 0x00, 0x0D, 0x2C, 0x00, 0x00, 0x00, 0x00, 0x00, 0x00, 0x00, 0x00, 0x00, 0x00, 0x10,
    0x7E, 0xEE, 0x80, 0x00, 0x00, 0x00, 0x00, 0x00, 0x00, 0x00, 0x00, 0x14, 0x85, 0xF1, 0xFF, 0xD7,
    0x40, 0x00, 0x00, 0x00, 0x00, 0x00, 0x00, 0x18, 0x8C, 0xF4, 0xFF, 0xC5, 0x50, 0x01, 0x00, 0x00,
    0x00, 0x00, 0x00, 0x1D, 0x93, 0xF7, 0xFE, 0xB1, 0x3C, 0x00, 0x00, 0x00, 0x00, 0x00, 0x00, 0x22,
    0x9A, 0xF9, 0xF9, 0x9D, 0x28, 0x00, 0x00, 0x00, 0x00, 0x00, 0x00, 0x00, 0x00, 0xFB, 0xFF, 0xC9,
    0x1B, 0x00, 0x00, 0x00, 0x00, 0x00, 0x00, 0x00, 0x00, 0x00, 0x00, 0x87, 0xEC, 0xFF, 0xDF, 0x78,
    0x16, 0x00, 0x00, 0x00, 0x00, 0x00, 0x00, 0x00, 0x00, 0x00, 0x08, 0x62, 0xCF, 0xFF, 0xF9, 0xA7,
    0x3E, 0x00, 0x00, 0x00, 0x00, 0x00, 0x00, 0x00, 0x00, 0x00, 0x00, 0x3D, 0xAB, 0xFB, 0xFF, 0xD5,
    0x6D, 0x0F, 0x00, 0x00, 0x00, 0x00, 0x00, 0x00, 0x00, 0x00, 0x00, 0x1C, 0x86, 0xEB, 0xFF, 0xF5,
    0x5B, 0x00, 0x00, 0x00, 0x00, 0x00, 0x00, 0x00, 0x00, 0x00, 0x00, 0x08, 0x61, 0xCE, 0x80, 0x00,
    0x00, 0x00, 0x00, 0x00, 0x00, 0x00, 0x00, 0x00, 0x00, 0x00, 0x00, 0x00, 0x10, 0x00, 0x00, 0x00,
    0x00, 0x00, 0x00, 0x00, 0x00, 0x00, 0x00, 0x00, 0x00, 0x00, 0x00, 0x00, 0x00, 0x00, 0x00, 0x00,
    0x00, 0x00, 0x00, 0x00, 0x00, 0x00, 0x00, 0x00, 0x00, 0x00, 0x00, 0xBC, 0xBC, 0xBC, 0xBC, 0xBC,
    0xBC, 0xBC, 0xBC, 0xBC, 0xBC, 0xBC, 0x00, 0x00, 0xFF, 0xFF, 0xFF, 0xFF, 0xFF, 0xFF, 0xFF, 0xFF,
    0xFF, 0xFF, 0xFF, 0x00, 0x00, 0x00, 0x00, 0x00, 0x00, 0x00, 0x00, 0x00, 0x00, 0x00, 0x00, 0x00,
    0x00, 0x00, 0x00, 0x00, 0x00, 0x00, 0x00, 0x00, 0x00, 0x00, 0x00, 0x00, 0x00, 0x00, 0x00, 0x00,
    0x00, 0x00, 0x00, 0x00, 0x00, 0x00, 0x00, 0x00, 0x00, 0x00, 0x00, 0x00, 0xBC, 0xBC, 0xBC, 0xBC,
    0xBC, 0xBC, 0xBC, 0xBC, 0xBC, 0xBC, 0xBC, 0x00, 0x00, 0xFF, 0xFF, 0xFF, 0xFF, 0xFF, 0xFF, 0xFF,
    0xFF, 0xFF, 0xFF, 0xFF, 0x00, 0x00, 0x00, 0x00, 0x00, 0x00, 0x00, 0x00, 0x00, 0x00, 0x00, 0x00,
    0x00, 0x00, 0x00, 0x00, 0x00, 0x00, 0x00, 0x00, 0x00, 0x00, 0x00, 0x00, 0x00, 0x00, 0x00, 0x00,
    0x00, 0x00, 0x00, 0x00, 0x00, 0x00, 0x00, 0x00, 0x00, 0x00, 0x00, 0x00, 0x00, 0x00, 0x00, 0x00,
    0x00, 0x00, 0x00, 0x00, 0x00, 0x00, 0x00, 0x00, 0x00, 0x00, 0x00, 0x00, 0x00, 0x00, 0x00, 0x00,
    0x00, 0x00, 0x00, 0x00, 0x00, 0x00, 0x00, 0x39, 0x00, 0x00, 0x00, 0x00, 0x00, 0x00, 0x00, 0x00,
    0x00, 0x00, 0x00, 0x00, 0x00, 0xFF, 0xBC, 0x40, 0x00, 0x00, 0x00, 0x00, 0x00, 0x00, 0x00, 0x00,
    0x00, 0x00, 0x00, 0x9F, 0xFA, 0xFF, 0xC3, 0x47, 0x00, 0x00, 0x00, 0x00, 0x00, 0x00, 0x00, 0x00,
    0x00, 0x00, 0x1B, 0x8C, 0xF2, 0xFF, 0xCA, 0x4E, 0x01, 0x00, 0x00, 0x00, 0x00, 0x00, 0x00, 0x00,
    0x00, 0x00, 0x0F, 0x78, 0xE7, 0xFF, 0xD0, 0x55, 0x02, 0x00, 0x00, 0x00, 0x00, 0x00, 0x00, 0x00,
    0x00, 0x00, 0x07, 0x65, 0xD9, 0xFF, 0xD6, 0x5C, 0x03, 0x00, 0x00, 0x00, 0x00, 0x00, 0x00, 0x00,
    0x00, 0x00, 0x02, 0x68, 0xFB, 0xFF, 0x7B, 0x00, 0x00, 0x00, 0x00, 0x00, 0x00, 0x00, 0x00, 0x41,
    0xAA, 0xFA, 0xFF, 0xBE, 0x35, 0x00, 0x00, 0x00, 0x00, 0x00, 0x11, 0x71, 0xD8, 0xFF, 0xF5, 0x99,
    0x2B, 0x00, 0x00, 0x00, 0x00, 0x00, 0x38, 0xA0, 0xF6, 0xFF, 0xDE, 0x74, 0x11, 0x00, 0x00, 0x00,
    0x00, 0x00, 0x00, 0xD0, 0xFF, 0xFF, 0xBD, 0x4F, 0x02, 0x00, 0x00, 0x00, 0x00, 0x00, 0x00, 0x00,
    0x00, 0xF4, 0x98, 0x2A, 0x00, 0x00, 0x00, 0x00, 0x00, 0x00, 0x00, 0x00, 0x00, 0x00, 0x00, 0x10,
    0x00, 0x00, 0x00, 0x00, 0x00, 0x00, 0x00, 0x00, 0x00, 0x00, 0x00, 0x00, 0x00, 0x00, 0x00, 0x00,
    0x00, 0x00, 0x00, 0x00, 0x00, 0x00, 0x00, 0x00, 0x00, 0x00, 0x00, 0x00, 0x00, 0x00, 0x00, 0x00,
    0x00, 0x00, 0x00, 0x00, 0x00, 0x00, 0x00, 0x00, 0x02, 0x44, 0x9F, 0xD9, 0xF4, 0xF9, 0xE0, 0x9C,
    0x21, 0x00, 0x00, 0x54, 0xFF, 0xFF, 0xE6, 0xC4, 0xCE, 0xF7, 0xFF, 0xEF, 0x2B, 0x00, 0x03, 0x8C,
    0x35, 0x00, 0x00, 0x00, 0x17, 0xC8, 0xFF, 0xB4, 0x00, 0x00, 0x00, 0x00, 0x00, 0x00, 0x00, 0x00,
    0x4B, 0xFF, 0xF2, 0x00, 0x00, 0x00, 0x00, 0x00, 0x00, 0x00, 0x00, 0x46, 0xFF, 0xF4, 0x00, 0x00,
    0x00, 0x00, 0x00, 0x00, 0x00, 0x00, 0x9B, 0xFF, 0xBC, 0x00, 0x00, 0x00, 0x00, 0x00, 0x00, 0x01,
    0x84, 0xFF, 0xF8, 0x35, 0x00, 0x00, 0x00, 0x00, 0x00, 0x0F, 0xB4, 0xFF, 0xEE, 0x45, 0x00, 0x00,
    0x00, 0x00, 0x00, 0x0F, 0xD0, 0xFF, 0xD7, 0x24, 0x00, 0x00, 0x00, 0x00, 0x00, 0x00, 0x97, 0xFF,
    0xCF, 0x11, 0x00, 0x00, 0x00, 0x00, 0x00, 0x00, 0x00, 0xE1, 0xFF, 0x36, 0x00, 0x00, 0x00, 0x00,
    0x00, 0x00, 0x00, 0x00, 0xFC, 0xFF, 0x08, 0x00, 0x00, 0x00, 0x00, 0x00, 0x00, 0x00, 0x00, 0x20,
    0x20, 0x00, 0x00, 0x00, 0x00, 0x00, 0x00, 0x00, 0x00, 0x00, 0x00, 0x00, 0x00, 0x00, 0x00, 0x00,
    0x00, 0x00, 0x00, 0x00, 0x00, 0xA0, 0xF6, 0x90, 0x00, 0x00, 0x00, 0x00, 0x00, 0x00, 0x00, 0x00,
    0xF7, 0xFF, 0xE9, 0x00, 0x00, 0x00, 0x00, 0x00, 0x00, 0x00, 0x00, 0x9D, 0xF6, 0x8D, 0x00, 0x00,
    0x00, 0x00, 0x00, 0x00, 0x00, 0x00, 0x00, 0x00, 0x00, 0x0F, 0x62, 0xAA, 0xD9, 0xEE, 0xF9, 0xE6,
    0xBF, 0x7B, 0x1A, 0x00, 0x00, 0x00, 0x00, 0x00, 0x00, 0x00, 0x00, 0x00, 0x03, 0x77, 0xEE, 0xFF,
    0xFF, 0xE4, 0xCB, 0xC4, 0xDE, 0xFD, 0xFF, 0xF9, 0x89, 0x05, 0x00, 0x00, 0x00, 0x00, 0x00, 0x00,
    0x10, 0xB9, 0xFF, 0xF1, 0x7E, 0x23, 0x00, 0x00, 0x00, 0x00, 0x1A, 0x79, 0xF4, 0xFF, 0xBD, 0x06,
    0x00, 0x00, 0x00, 0x00, 0x03, 0xBC, 0xFF, 0xCE, 0x1A, 0x00, 0x00, 0x00, 0x00, 0x00, 0x00, 0x00,
    0x00, 0x24, 0xE3, 0xFF, 0x97, 0x00, 0x00, 0x00, 0x00, 0x7A, 0xFF, 0xE0, 0x10, 0x00, 0x09, 0x80,
    0xDA, 0xF7, 0xE6, 0xC7, 0x84, 0x00, 0x00, 0x35, 0xFD, 0xFD, 0x2B, 0x00, 0x00, 0x0F, 0xEF, 0xFF,
    0x46, 0x00, 0x07, 0xC5, 0xFF, 0xEE, 0xC4, 0xE4, 0xFF, 0xFF, 0x00, 0x00, 0x00, 0xB4, 0xFF, 0x8C,
    0x00, 0x00, 0x67, 0xFF, 0xCF, 0x00, 0x00, 0x7F, 0xFF, 0xD1, 0x10, 0x00, 0x30, 0xFF, 0xFF, 0x00,
    0x00, 0x00, 0x61, 0xFF, 0xD1, 0x00, 0x00, 0xAE, 0xFF, 0x82, 0x00, 0x01, 0xE3, 0xFF, 0x52, 0x00,
    0x00, 0x30, 0xFF, 0xFF, 0x00, 0x00, 0x00, 0x43, 0xFF, 0xED, 0x00, 0x00, 0xDD, 0xFF, 0x4E, 0x00,
    0x18, 0xFF, 0xFF, 0x20, 0x00, 0x00, 0x30, 0xFF, 0xFF, 0x00, 0x00, 0x00, 0x36, 0xFF, 0xFA, 0x00,
    0x00, 0xF3, 0xFF, 0x39, 0x00, 0x29, 0xFF, 0xFF, 0x06, 0x00, 0x00, 0x3F, 0xFF, 0xFF, 0x00, 0x00,
    0x00, 0x52, 0xFF, 0xE2, 0x00, 0x00, 0xFB, 0xFF, 0x3A, 0x00, 0x10, 0xFF, 0xFF, 0x1B, 0x00, 0x00,
    0x69, 0xFF, 0xFF, 0x07, 0x00, 0x00, 0x96, 0xFF, 0xA6, 0x00, 0x00, 0xEA, 0xFF, 0x53, 0x00, 0x00,
    0xDC, 0xFF, 0x7E, 0x00, 0x0A, 0xD1, 0xEC, 0xFF, 0x42, 0x00, 0x2D, 0xF5, 0xFF, 0x3B, 0x00, 0x00,
    0xC1, 0xFF, 0x84, 0x00, 0x00, 0x65, 0xFF, 0xFF, 0xCF, 0xE9, 0xDA, 0x3F, 0xFD, 0xF6, 0xC7, 0xF6,
    0xFF, 0x89, 0x00, 0x00, 0x00, 0x7D, 0xFF, 0xDB, 0x01, 0x00, 0x00, 0x79, 0xE4, 0xF5, 0xB8, 0x20,
    0x00, 0x5D, 0xDD, 0xF7, 0xD1, 0x61, 0x00, 0x00, 0x00, 0x00, 0x1B, 0xF8, 0xFF, 0x70, 0x00, 0x00,
    0x00, 0x00, 0x00, 0x00, 0x00, 0x00, 0x00, 0x00, 0x00, 0x00, 0x00, 0x00, 0x00, 0x00, 0x00, 0x00,
    0x6C, 0xFF, 0xF8, 0x5E, 0x00, 0x00, 0x00, 0x00, 0x00, 0x00, 0x00, 0x00, 0x00, 0x00, 0x00, 0x00,
    0x00, 0x00, 0x00, 0x00, 0x00, 0x00, 0x94, 0xFF, 0xFF, 0xBA, 0x5B, 0x24, 0x0B, 0x07, 0x1E, 0x4F,
    0x93, 0xA7, 0x00, 0x00, 0x00, 0x00, 0x00, 0x00, 0x00, 0x00, 0x00, 0x00, 0x56, 0xE6, 0xFF, 0xFF,
    0xFF, 0xFF, 0xFF, 0xFF, 0xFF, 0xFD, 0x9B, 0x00, 0x00, 0x00, 0x00, 0x00, 0x00, 0x00, 0x00, 0x00,
    0x00, 0x00, 0x05, 0x49, 0x87, 0xAA, 0xB8, 0xB2, 0x9B, 0x6B, 0x1A, 0x00, 0x00, 0x00, 0x00, 0x00,
    0x00, 0x00, 0x00, 0x00, 0x00, 0x00, 0x00, 0x00, 0x7F, 0xFF, 0xD5, 0x00, 0x00, 0x00, 0x00, 0x00,
    0x00, 0x00, 0x00, 0x00, 0x00, 0x00, 0x00, 0x02, 0xE0, 0xFF, 0xFF, 0x3A, 0x00, 0x00, 0x00, 0x00,
    0x00, 0x00, 0x00, 0x00, 0x00, 0x00, 0x00, 0x48, 0xFF, 0xD3, 0xFF, 0x9E, 0x00, 0x00, 0x00, 0x00,
    0x00, 0x00, 0x00, 0x00, 0x00, 0x00, 0x00, 0xAD, 0xFF, 0x50, 0xF3, 0xF5, 0x0E, 0x00, 0x00, 0x00,
    0x00, 0x00, 0x00, 0x00, 0x00, 0x00, 0x17, 0xFA, 0xF3, 0x08, 0xA8, 0xFF, 0x67, 0x00, 0x00, 0x00,
    0x00, 0x00, 0x00, 0x00, 0x00, 0x00, 0x77, 0xFF, 0xA1, 0x00, 0x4B, 0xFF, 0xCC, 0x00, 0x00, 0x00,
    0x00, 0x00, 0x00, 0x00, 0x00, 0x01, 0xDB, 0xFF, 0x41, 0x00, 0x04, 0xE8, 0xFF, 0x30, 0x00, 0x00,
    0x00, 0x00, 0x00, 0x00, 0x00, 0x41, 0xFF, 0xDF, 0x01, 0x00, 0x00, 0x8D, 0xFF, 0x95, 0x00, 0x00,
    0x00, 0x00, 0x00, 0x00, 0x00, 0xA6, 0xFF, 0x80, 0x00, 0x00, 0x00, 0x2E, 0xFF, 0xEF, 0x09, 0x00,
    0x00, 0x00, 0x00, 0x00, 0x12, 0xF8, 0xFE, 0x21, 0x00, 0x00, 0x00, 0x00, 0xCF, 0xFF, 0x5E, 0x00,
    0x00, 0x00, 0x00, 0x00, 0x70, 0xFF, 0xFF, 0xFF, 0xFF, 0xFF, 0xFF, 0xFF, 0xFF, 0xFF, 0xC2, 0x00,
    0x00, 0x00, 0x00, 0x00, 0xD4, 0xFF, 0xE9, 0xE4, 0xE4, 0xE4, 0xE4, 0xE4, 0xE4, 0xFE, 0xFF, 0x27,
    0x00, 0x00, 0x00, 0x3A, 0xFF, 0xF0, 0x09, 0x00, 0x00, 0x00, 0x00, 0x00, 0x00, 0xBD, 0xFF, 0x8B,
    0x00, 0x00, 0x00, 0x9F, 0xFF, 0x94, 0x00, 0x00, 0x00, 0x00, 0x00, 0x00, 0x00, 0x56, 0xFF, 0xEA,
    0x05, 0x00, 0x0E, 0xF5, 0xFF, 0x2E, 0x00, 0x00, 0x00, 0x00, 0x00, 0x00, 0x00, 0x05, 0xE8, 0xFF,
    0x54, 0x00, 0x69, 0xFF, 0xC8, 0x00, 0x00, 0x00, 0x00, 0x00, 0x00, 0x00, 0x00, 0x00, 0x87, 0xFF,
    0xB9, 0x00, 0xCE, 0xFF, 0x62, 0x00, 0x00, 0x00, 0x00, 0x00, 0x00, 0x00, 0x00, 0x00, 0x21, 0xFE,
    0xFD, 0x1F, 0x00, 0x00, 0xFF, 0xFF, 0xFF, 0xFF, 0xFF, 0xF7, 0xE6, 0xC1, 0x7E, 0x19, 0x00, 0x00,
    0x00, 0x00, 0x00, 0xFF, 0xFF, 0xC8, 0xBC, 0xBC, 0xC1, 0xDB, 0xFF, 0xFF, 0xF1, 0x3E, 0x00, 0x00,
    0x00, 0x00, 0xFF, 0xFF, 0x30, 0x00, 0x00, 0x00, 0x00, 0x20, 0xCC, 0xFF, 0xDB, 0x00, 0x00, 0x00,
    0x00, 0xFF, 0xFF, 0x30, 0x00, 0x00, 0x00, 0x00, 0x00, 0x30, 0xFF, 0xFF, 0x1D, 0x00, 0x00, 0x00,
    0xFF, 0xFF, 0x30, 0x00, 0x00, 0x00, 0x00, 0x00, 0x0B, 0xFF, 0xFF, 0x27, 0x00, 0x00, 0x00, 0xFF,
    0xFF, 0x30, 0x00, 0x00, 0x00, 0x00, 0x00, 0x34, 0xFF, 0xF2, 0x07, 0x00, 0x00, 0x00, 0xFF, 0xFF,
    0x30, 0x00, 0x00, 0x00, 0x00, 0x15, 0xC4, 0xFF, 0x78, 0x00, 0x00, 0x00, 0x00, 0xFF, 0xFF, 0xC8,
    0xBC, 0xBC, 0xBE, 0xD2, 0xFB, 0xD7, 0x65, 0x00, 0x00, 0x00, 0x00, 0x00, 0xFF, 0xFF, 0xFF, 0xFF,
    0xFF, 0xFF, 0xFF, 0xFF, 0xCB, 0x7D, 0x11, 0x00, 0x00, 0x00, 0x00, 0xFF, 0xFF, 0x30, 0x00, 0x00,
    0x01, 0x10, 0x3B, 0x9F, 0xFF, 0xE4, 0x21, 0x00, 0x00, 0x00, 0xFF, 0xFF, 0x30, 0x00, 0x00, 0x00,
    0x00, 0x00, 0x00, 0x9B, 0xFF, 0xAC, 0x00, 0x00, 0x00, 0xFF, 0xFF, 0x30, 0x00, 0x00, 0x00, 0x00,
    0x00, 0x00, 0x40, 0xFF, 0xED, 0x00, 0x00, 0x00, 0xFF, 0xFF, 0x30, 0x00, 0x00, 0x00, 0x00, 0x00,
    0x00, 0x45, 0xFF, 0xF4, 0x00, 0x00, 0x00, 0xFF, 0xFF, 0x30, 0x00, 0x00, 0x00, 0x00, 0x00, 0x00,
    0x8C, 0xFF, 0xCE, 0x00, 0x00, 0x00, 0xFF, 0xFF, 0x30, 0x00, 0x00, 0x00, 0x00, 0x02, 0x5B, 0xFB,
    0xFF, 0x67, 0x00, 0x00, 0x00, 0xFF, 0xFF, 0xC8, 0xBC, 0xBC, 0xBC, 0xC7, 0xED, 0xFF, 0xFF, 0x9A,
    0x01, 0x00, 0x00, 0x00, 0xFF, 0xFF, 0xFF, 0xFF, 0xFF, 0xFF, 0xF6, 0xE0, 0xA6, 0x44, 0x00, 0x00,
    0x00, 0x00, 0x00, 0x00, 0x00, 0x00, 0x3B, 0x93, 0xD3, 0xED, 0xF9, 0xE3, 0xCA, 0x9E, 0x53, 0x04,
    0x00, 0x00, 0x00, 0x12, 0xB3, 0xFF, 0xFF, 0xF3, 0xCD, 0xC1, 0xD5, 0xFC, 0xFF, 0xDC, 0x04, 0x00,
    0x00, 0x12, 0xD9, 0xFF, 0xDC, 0x52, 0x05, 0x00, 0x00, 0x00, 0x0F, 0x61, 0x49, 0x00, 0x00, 0x00,
    0xAE, 0xFF, 0xD1, 0x13, 0x00, 0x00, 0x00, 0x00, 0x00, 0x00, 0x00, 0x00, 0x00, 0x00, 0x33, 0xFF,
    0xFD, 0x2A, 0x00, 0x00, 0x00, 0x00, 0x00, 0x00, 0x00, 0x00, 0x00, 0x00, 0x00, 0x91, 0xFF, 0xB1,
    0x00, 0x00, 0x00, 0x00, 0x00, 0x00, 0x00, 0x00, 0x00, 0x00, 0x00, 0x00, 0xCF, 0xFF, 0x69, 0x00,
    0x00, 0x00, 0x00, 0x00, 0x00, 0x00, 0x00, 0x00, 0x00, 0x00, 0x00, 0xED, 0xFF, 0x42, 0x00, 0x00,
    0x00, 0x00, 0x00, 0x00, 0x00, 0x00, 0x00, 0x00, 0x00, 0x00, 0xFA, 0xFF, 0x35, 0x00, 0x00, 0x00,
    0x00, 0x00, 0x00, 0x00, 0x00, 0x00, 0x00, 0x00, 0x00, 0xE8, 0xFF, 0x46, 0x00, 0x00, 0x00, 0x00,
    0x00, 0x00, 0x00, 0x00, 0x00, 0x00, 0x00, 0x00, 0xD0, 0xFF, 0x65, 0x00, 0x00, 0x00, 0x00, 0x00,
    0x00, 0x00, 0x00, 0x00, 0x00, 0x00, 0x00, 0x97, 0xFF, 0xAD, 0x00, 0x00, 0x00, 0x00, 0x00, 0x00,
    0x00, 0x00, 0x00, 0x00, 0x00, 0x00, 0x45, 0xFF, 0xF8, 0x25, 0x00, 0x00, 0x00, 0x00, 0x00, 0x00,
    0x00, 0x00, 0x00, 0x00, 0x00, 0x02, 0xC6, 0xFF, 0xC6, 0x0F, 0x00, 0x00, 0x00, 0x00, 0x00, 0x00,
    0x00, 0x00, 0x00, 0x00, 0x00, 0x28, 0xF1, 0xFF, 0xD6, 0x50, 0x03, 0x00, 0x00, 0x00, 0x00, 0x26,
    0x2A, 0x00, 0x00, 0x00, 0x00, 0x29, 0xDA, 0xFF, 0xFF, 0xF1, 0xD1, 0xC2, 0xD4, 0xED, 0xFF, 0x80,
    0x00, 0x00, 0x00, 0x00, 0x00, 0x08, 0x65, 0xB5, 0xE5, 0xFA, 0xFC, 0xF1, 0xD3, 0x9A, 0x35, 0x00,
    0x00, 0x00, 0xFF, 0xFF, 0xFF, 0xFF, 0xFF, 0xFB, 0xE4, 0xCA, 0x8A, 0x32, 0x00, 0x00, 0x00, 0x00,
    0x00, 0x00, 0x00, 0xFF, 0xFF, 0xC8, 0xBC, 0xBC, 0xC5, 0xDD, 0xFB, 0xFF, 0xFF, 0xAB, 0x13, 0x00,
    0x00, 0x00, 0x00, 0x00, 0xFF, 0xFF, 0x30, 0x00, 0x00, 0x00, 0x00, 0x12, 0x63, 0xE6, 0xFF, 0xDE,
    0x13, 0x00, 0x00, 0x00, 0x00, 0xFF, 0xFF, 0x30, 0x00, 0x00, 0x00, 0x00, 0x00, 0x00, 0x11, 0xCB,
    0xFF, 0xB9, 0x00, 0x00, 0x00, 0x00, 0xFF, 0xFF, 0x30, 0x00, 0x00, 0x00, 0x00, 0x00, 0x00, 0x00,
    0x21, 0xF6, 0xFF, 0x49, 0x00, 0x00, 0x00, 0xFF, 0xFF, 0x30, 0x00, 0x00, 0x00, 0x00, 0x00, 0x00,
    0x00, 0x00, 0xAA, 0xFF, 0xA2, 0x00, 0x00, 0x00, 0xFF, 0xFF, 0x30, 0x00, 0x00, 0x00, 0x00, 0x00,
    0x00, 0x00, 0x00, 0x60, 0xFF, 0xD8, 0x00, 0x00, 0x00, 0xFF, 0xFF, 0x30, 0x00, 0x00, 0x00, 0x00,
    0x00, 0x00, 0x00, 0x00, 0x46, 0xFF, 0xF4, 0x00, 0x00, 0x00, 0xFF, 0xFF, 0x30, 0x00, 0x00, 0x00,
    0x00, 0x00, 0x00, 0x00, 0x00, 0x35, 0xFF, 0xFC, 0x00, 0x00, 0x00, 0xFF, 0xFF, 0x30, 0x00, 0x00,
    0x00, 0x00, 0x00, 0x00, 0x00, 0x00, 0x44, 0xFF, 0xEF, 0x00, 0x00, 0x00, 0xFF, 0xFF, 0x30, 0x00,
    0x00, 0x00, 0x00, 0x00, 0x00, 0x00, 0x00, 0x6D, 0xFF, 0xCC, 0x00, 0x00, 0x00, 0xFF, 0xFF, 0x30,
    0x00, 0x00, 0x00, 0x00, 0x00, 0x00, 0x00, 0x00, 0xB6, 0xFF, 0x8F, 0x00, 0x00, 0x00, 0xFF, 0xFF,
    0x30, 0x00, 0x00, 0x00, 0x00, 0x00, 0x00, 0x00, 0x34, 0xFE, 0xFF, 0x32, 0x00, 0x00, 0x00, 0xFF,
    0xFF, 0x30, 0x00, 0x00, 0x00, 0x00, 0x00, 0x00, 0x23, 0xE0, 0xFF, 0x9B, 0x00, 0x00, 0x00, 0x00,
    0xFF, 0xFF, 0x30, 0x00, 0x00, 0x00, 0x00, 0x1D, 0x7C, 0xF1, 0xFF, 0xC8, 0x07, 0x00, 0x00, 0x00,
    0x00, 0xFF, 0xFF, 0xC8, 0xBC, 0xBD, 0xCA, 0xE4, 0xFF, 0xFF, 0xFD, 0x8C, 0x07, 0x00, 0x00, 0x00,
    0x00, 0x00, 0xFF, 0xFF, 0xFF, 0xFF, 0xFF, 0xF2, 0xDA, 0xBC, 0x72, 0x1F, 0x00, 0x00, 0x00, 0x00,
    0x00, 0x00, 0x00, 0xFF, 0xFF, 0xFF, 0xFF, 0xFF, 0xFF, 0xFF, 0xFF, 0xFF, 0x80, 0x00, 0x00, 0x00,
    0xFF, 0xFF, 0xC8, 0xBC, 0xBC, 0xBC, 0xBC, 0xBC, 0xBC, 0x5E, 0x00, 0x00, 0x00, 0xFF, 0xFF, 0x30,
    0x00, 0x00, 0x00, 0x00, 0x00, 0x00, 0x00, 0x00, 0x00, 0x00, 0xFF, 0xFF, 0x30, 0x00, 0x00, 0x00,
    0x00, 0x00, 0x00, 0x00, 0x00, 0x00, 0x00, 0xFF, 0xFF, 0x30, 0x00, 0x00, 0x00, 0x00, 0x00, 0x00,
    0x00, 0x00, 0x00, 0x00, 0xFF, 0xFF, 0x30, 0x00, 0x00, 0x00, 0x00, 0x00, 0x00, 0x00, 0x00, 0x00,
    0x00, 0xFF, 0xFF, 0x30, 0x00, 0x00, 0x00, 0x00, 0x00, 0x00, 0x00, 0x00, 0x00, 0x00, 0xFF, 0xFF,
    0xC8, 0xBC, 0xBC, 0xBC, 0xBC, 0xBC, 0xBC, 0x00, 0x00, 0x00, 0x00, 0xFF, 0xFF, 0xFF, 0xFF, 0xFF,
    0xFF, 0xFF, 0xFF, 0xFF, 0x00, 0x00, 0x00, 0x00, 0xFF, 0xFF, 0x30, 0x00, 0x00, 0x00, 0x00, 0x00,
    0x00, 0x00, 0x00, 0x00, 0x00, 0xFF, 0xFF, 0x30, 0x00, 0x00, 0x00, 0x00, 0x00, 0x00, 0x00, 0x00,
    0x00, 0x00, 0xFF, 0xFF, 0x30, 0x00, 0x00, 0x00, 0x00, 0x00, 0x00, 0x00, 0x00, 0x00, 0x00, 0xFF,
    0xFF, 0x30, 0x00, 0x00, 0x00, 0x00, 0x00, 0x00, 0x00, 0x00, 0x00, 0x00, 0xFF, 0xFF, 0x30, 0x00,
    0x00, 0x00, 0x00, 0x00, 0x00, 0x00, 0x00, 0x00, 0x00, 0xFF, 0xFF, 0x30, 0x00, 0x00, 0x00, 0x00,
    0x00, 0x00, 0x00, 0x00, 0x00, 0x00, 0xFF, 0xFF, 0xC8, 0xBC, 0xBC, 0xBC, 0xBC, 0xBC, 0xBC, 0x5E,
    0x00, 0x00, 0x00, 0xFF, 0xFF, 0xFF, 0xFF, 0xFF, 0xFF, 0xFF, 0xFF, 0xFF, 0x80, 0x00, 0x00, 0x00,
    0xFF, 0xFF, 0xFF, 0xFF, 0xFF, 0xFF, 0xFF, 0xFF, 0xFF, 0x80, 0x00, 0x00, 0xFF, 0xFF, 0xC8, 0xBC,
    0xBC, 0xBC, 0xBC, 0xBC, 0xBC, 0x5E, 0x00, 0x00, 0xFF, 0xFF, 0x30, 0x00, 0x00, 0x00, 0x00, 0x00,
    0x00, 0x00, 0x00, 0x00, 0xFF, 0xFF, 0x30, 0x00, 0x00, 0x00, 0x00, 0x00, 0x00, 0x00, 0x00, 0x00,
    0xFF, 0xFF, 0x30, 0x00, 0x00, 0x00, 0x00, 0x00, 0x00, 0x00, 0x00, 0x00, 0xFF, 0xFF, 0x30, 0x00,
    0x00, 0x00, 0x00, 0x00, 0x00, 0x00, 0x00, 0x00, 0xFF, 0xFF, 0x30, 0x00, 0x00, 0x00, 0x00, 0x00,
    0x00, 0x00, 0x00, 0x00, 0xFF, 0xFF, 0x30, 0x00, 0x00, 0x00, 0x00, 0x00, 0x00, 0x00, 0x00, 0x00,
    0xFF, 0xFF, 0xFF, 0xFF, 0xFF, 0xFF, 0xFF, 0xFF, 0xFF, 0x00, 0x00, 0x00, 0xFF, 0xFF, 0xC8, 0xBC,
    0xBC, 0xBC, 0xBC, 0xBC, 0xBC, 0x00, 0x00, 0x00, 0xFF, 0xFF, 0x30, 0x00, 0x00, 0x00, 0x00, 0x00,
    0x00, 0x00, 0x00, 0x00, 0xFF, 0xFF, 0x30, 0x00, 0x00, 0x00, 0x00, 0x00, 0x00, 0x00, 0x00, 0x00,
    0xFF, 0xFF, 0x30, 0x00, 0x00, 0x00, 0x00, 0x00, 0x00, 0x00, 0x00, 0x00, 0xFF, 0xFF, 0x30, 0x00,
    0x00, 0x00, 0x00, 0x00, 0x00, 0x00, 0x00, 0x00, 0xFF, 0xFF, 0x30, 0x00, 0x00, 0x00, 0x00, 0x00,
    0x00, 0x00, 0x00, 0x00, 0xFF, 0xFF, 0x30, 0x00, 0x00, 0x00, 0x00, 0x00, 0x00, 0x00, 0x00, 0x00,
    0xFF, 0xFF, 0x30, 0x00, 0x00, 0x00, 0x00, 0x00, 0x00, 0x00, 0x00, 0x00, 0x00, 0x00, 0x00, 0x22,
    0x83, 0xC4, 0xEB, 0xFB, 0xF0, 0xD8, 0xBC, 0x7B, 0x31, 0x00, 0x00, 0x00, 0x00, 0x00, 0x04, 0x84,
    0xFD, 0xFF, 0xFB, 0xDE, 0xC3, 0xC8, 0xE9, 0xFF, 0xFF, 0xAB, 0x00, 0x00, 0x00, 0x00, 0x05, 0xBE,
    0xFF, 0xF1, 0x72, 0x14, 0x00, 0x00, 0x00, 0x00, 0x27, 0x7C, 0x30, 0x00, 0x00, 0x00, 0x00, 0x8F,
    0xFF, 0xE0, 0x25, 0x00, 0x00, 0x00, 0x00, 0x00, 0x00, 0x00, 0x00, 0x00, 0x00, 0x00, 0x00, 0x2E,
    0xFF, 0xFD, 0x3C, 0x00, 0x00, 0x00, 0x00, 0x00, 0x00, 0x00, 0x00, 0x00, 0x00, 0x00, 0x00, 0x00,
    0x90, 0xFF, 0xBD, 0x00, 0x00, 0x00, 0x00, 0x00, 0x00, 0x00, 0x00, 0x00, 0x00, 0x00, 0x00, 0x00,
    0x00, 0xCE, 0xFF, 0x6B, 0x00, 0x00, 0x00, 0x00, 0x00, 0x00, 0x00, 0x00, 0x00, 0x00, 0x00, 0x00,
    0x00, 0x00, 0xF2, 0xFF, 0x48, 0x00, 0x00, 0x00, 0x00, 0x00, 0x00, 0x00, 0x00, 0x00, 0x00, 0x00,
    0x00, 0x00, 0x00, 0xFB, 0xFF, 0x35, 0x00, 0x00, 0x00, 0x00, 0x00, 0xC4, 0xFF, 0xFF, 0xFF, 0xFF,
    0xFF, 0x30, 0x00, 0x00, 0xE8, 0xFF, 0x46, 0x00, 0x00, 0x00, 0x00, 0x00, 0x8F, 0xBC, 0xBC, 0xBC,
    0xFF, 0xFF, 0x30, 0x00, 0x00, 0xCF, 0xFF, 0x67, 0x00, 0x00, 0x00, 0x00, 0x00, 0x00, 0x00, 0x00,
    0x00, 0xFF, 0xFF, 0x30, 0x00, 0x00, 0x94, 0xFF, 0xAF, 0x00, 0x00, 0x00, 0x00, 0x00, 0x00, 0x00,
    0x00, 0x00, 0xFF, 0xFF, 0x30, 0x00, 0x00, 0x3E, 0xFF, 0xF9, 0x29, 0x00, 0x00, 0x00, 0x00, 0x00,
    0x00, 0x00, 0x00, 0xFF, 0xFF, 0x30, 0x00, 0x00, 0x01, 0xBC, 0xFF, 0xCB, 0x12, 0x00, 0x00, 0x00,
    0x00, 0x00, 0x00, 0x00, 0xFF, 0xFF, 0x30, 0x00, 0x00, 0x00, 0x1D, 0xEA, 0xFF, 0xDC, 0x5A, 0x08,
    0x00, 0x00, 0x00, 0x00, 0x0C, 0xFF, 0xFF, 0x30, 0x00, 0x00, 0x00, 0x00, 0x1E, 0xCB, 0xFF, 0xFF,
    0xF6, 0xD9, 0xC1, 0xC3, 0xDC, 0xFD, 0xFF, 0xFF, 0x30, 0x00, 0x00, 0x00, 0x00, 0x00, 0x04, 0x58,
    0xAC, 0xDF, 0xF8, 0xFD, 0xF5, 0xE3, 0xC2, 0x8C, 0x53, 0x09, 0x00, 0x00, 0x00, 0xFF, 0xFF, 0x30,
    0x00, 0x00, 0x00, 0x00, 0x00, 0x00, 0x00, 0x00, 0xFF, 0xFF, 0x30, 0x00, 0x00, 0x00, 0x00, 0xFF,
    0xFF, 0x30, 0x00, 0x00, 0x00, 0x00, 0x00, 0x00, 0x00, 0x00, 0xFF, 0xFF, 0x30, 0x00, 0x00, 0x00,
    0x00, 0xFF, 0xFF, 0x30, 0x00, 0x00, 0x00, 0x00, 0x00, 0x00, 0x00, 0x00, 0xFF, 0xFF, 0x30, 0x00,
    0x00, 0x00, 0x00, 0xFF, 0xFF, 0x30, 0x00, 0x00, 0x00, 0x00, 0x00, 0x00, 0x00, 0x00, 0xFF, 0xFF,
    0x30, 0x00, 0x00, 0x00, 0x00, 0xFF, 0xFF, 0x30, 0x00, 0x00, 0x00, 0x00, 0x00, 0x00, 0x00, 0x00,
    0xFF, 0xFF, 0x30, 0x00, 0x00, 0x00, 0x00, 0xFF, 0xFF, 0x30, 0x00, 0x00, 0x00, 0x00, 0x00, 0x00,
    0x00, 0x00, 0xFF, 0xFF, 0x30, 0x00, 0x00, 0x00, 0x00, 0xFF, 0xFF, 0x30, 0x00, 0x00, 0x00, 0x00,
    0x00, 0x00, 0x00, 0x00, 0xFF, 0xFF, 0x30, 0x00, 0x00, 0x00, 0x00, 0xFF, 0xFF, 0xC8, 0xBC, 0xBC,
    0xBC, 0xBC, 0xBC, 0xBC, 0xBC, 0xBC, 0xFF, 0xFF, 0x30, 0x00, 0x00, 0x00, 0x00, 0xFF, 0xFF, 0xFF,
    0xFF, 0xFF, 0xFF, 0xFF, 0xFF, 0xFF, 0xFF, 0xFF, 0xFF, 0xFF, 0x30, 0x00, 0x00, 0x00, 0x00, 0xFF,
    0xFF, 0x30, 0x00, 0x00, 0x00, 0x00, 0x00, 0x00, 0x00, 0x00, 0xFF, 0xFF, 0x30, 0x00, 0x00, 0x00,
    0x00, 0xFF, 0xFF, 0x30, 0x00, 0x00, 0x00, 0x00, 0x00, 0x00, 0x00, 0x00, 0xFF, 0xFF, 0x30, 0x00,
    0x00, 0x00, 0x00, 0xFF, 0xFF, 0x30, 0x00, 0x00, 0x00, 0x00, 0x00, 0x00, 0x00, 0x00, 0xFF, 0xFF,
    0x30, 0x00, 0x00, 0x00, 0x00, 0xFF, 0xFF, 0x30, 0x00, 0x00, 0x00, 0x00, 0x00, 0x00, 0x00, 0x00,
    0xFF, 0xFF, 0x30, 0x00, 0x00, 0x00, 0x00, 0xFF, 0xFF, 0x30, 0x00, 0x00, 0x00, 0x00, 0x00, 0x00,
    0x00, 0x00, 0xFF, 0xFF, 0x30, 0x00, 0x00, 0x00, 0x00, 0xFF, 0xFF, 0x30, 0x00, 0x00, 0x00, 0x00,
    0x00, 0x00, 0x00, 0x00, 0xFF, 0xFF, 0x30, 0x00, 0x00, 0x00, 0x00, 0xFF, 0xFF, 0x30, 0x00, 0x00,
    0x00, 0x00, 0x00, 0x00, 0x00, 0x00, 0xFF, 0xFF, 0x30, 0x00, 0x00, 0x00, 0x00, 0xFF, 0xFF, 0x30,
    0x00, 0x00, 0x00, 0x00, 0x00, 0x00, 0x00, 0x00, 0xFF, 0xFF, 0x30, 0x00, 0x00, 0x00, 0xFF, 0xFF,
    0xFF, 0xFF, 0xFF, 0xFF, 0x00, 0x00, 0x5B, 0x9A, 0xFF, 0xFF, 0xAF, 0x5F, 0x00, 0x00, 0x00, 0x00,
    0xFF, 0xFF, 0x30, 0x00, 0x00, 0x00, 0x00, 0x00, 0xFF, 0xFF, 0x30, 0x00, 0x00, 0x00, 0x00, 0x00,
    0xFF, 0xFF, 0x30, 0x00, 0x00, 0x00, 0x00, 0x00, 0xFF, 0xFF, 0x30, 0x00, 0x00, 0x00, 0x00, 0x00,
    0xFF, 0xFF, 0x30, 0x00, 0x00, 0x00, 0x00, 0x00, 0xFF, 0xFF, 0x30, 0x00, 0x00, 0x00, 0x00, 0x00,
    0xFF, 0xFF, 0x30, 0x00, 0x00, 0x00, 0x00, 0x00, 0xFF, 0xFF, 0x30, 0x00, 0x00, 0x00, 0x00, 0x00,
    0xFF, 0xFF, 0x30, 0x00, 0x00, 0x00, 0x00, 0x00, 0xFF, 0xFF, 0x30, 0x00, 0x00, 0x00, 0x00, 0x00,
    0xFF, 0xFF, 0x30, 0x00, 0x00, 0x00, 0x00, 0x00, 0xFF, 0xFF, 0x30, 0x00, 0x00, 0x00, 0x00, 0x00,
    0xFF, 0xFF, 0x30, 0x00, 0x00, 0x00, 0x58, 0x92, 0xFF, 0xFF, 0xA9, 0x5B, 0x00, 0x00, 0xFF, 0xFF,
    0xFF, 0xFF, 0xFF, 0xFF, 0x00, 0x00, 0x00, 0x00, 0x00, 0xFF, 0xFF, 0x30, 0x00, 0x00, 0x00, 0x00,
    0x00, 0xFF, 0xFF, 0x30, 0x00, 0x00, 0x00, 0x00, 0x00, 0xFF, 0xFF, 0x30, 0x00, 0x00, 0x00, 0x00,
    0x00, 0xFF, 0xFF, 0x30, 0x00, 0x00, 0x00, 0x00, 0x00, 0xFF, 0xFF, 0x30, 0x00, 0x00, 0x00, 0x00,
    0x00, 0xFF, 0xFF, 0x30, 0x00, 0x00, 0x00, 0x00, 0x00, 0xFF, 0xFF, 0x30, 0x00, 0x00, 0x00, 0x00,
    0x00, 0xFF, 0xFF, 0x30, 0x00, 0x00, 0x00, 0x00, 0x00, 0xFF, 0xFF, 0x30, 0x00, 0x00, 0x00, 0x00,
    0x00, 0xFF, 0xFF, 0x30, 0x00, 0x00, 0x00, 0x00, 0x00, 0xFF, 0xFF, 0x30, 0x00, 0x00, 0x00, 0x00,
    0x00, 0xFF, 0xFF, 0x30, 0x00, 0x00, 0x00, 0x00, 0x00, 0xFF, 0xFF, 0x30, 0x00, 0x00, 0x00, 0x00,
    0x00, 0xFF, 0xFF, 0x30, 0x00, 0x00, 0x00, 0x00, 0x00, 0xFF, 0xFF, 0x30, 0x00, 0x00, 0x00, 0x00,
    0x00, 0xFF, 0xFF, 0x30, 0x00, 0x00, 0x00, 0x00, 0x00, 0xFF, 0xFF, 0x2F, 0x00, 0x00, 0x00, 0x00,
    0x06, 0xFF, 0xFF, 0x21, 0x00, 0x00, 0x00, 0x00, 0x32, 0xFF, 0xF8, 0x08, 0x00, 0x25, 0x07, 0x2D,
    0xC7, 0xFF, 0xA9, 0x00, 0x00, 0xFF, 0xFF, 0xFF, 0xFF, 0xDD, 0x1A, 0x00, 0x00, 0x97, 0xB6, 0xA9,
    0x6E, 0x0D, 0x00, 0x00, 0x00, 0x00, 0x00, 0xFF, 0xFF, 0x30, 0x00, 0x00, 0x00, 0x00, 0x00, 0x02,
    0xAA, 0xFF, 0xCA, 0x0C, 0x00, 0x00, 0xFF, 0xFF, 0x30, 0x00, 0x00, 0x00, 0x00, 0x00, 0x93, 0xFF,
    0xD7, 0x14, 0x00, 0x00, 0x00, 0xFF, 0xFF, 0x30, 0x00, 0x00, 0x00, 0x00, 0x7C, 0xFF, 0xE2, 0x1D,
    0x00, 0x00, 0x00, 0x00, 0xFF, 0xFF, 0x30, 0x00, 0x00, 0x00, 0x63, 0xFF, 0xEC, 0x29, 0x00, 0x00,
    0x00, 0x00, 0x00, 0xFF, 0xFF, 0x30, 0x00, 0x00, 0x4E, 0xFC, 0xF4, 0x36, 0x00, 0x00, 0x00, 0x00,
    0x00, 0x00, 0xFF, 0xFF, 0x30, 0x00, 0x3C, 0xF6, 0xF9, 0x45, 0x00, 0x00, 0x00, 0x00, 0x00, 0x00,
    0x00, 0xFF, 0xFF, 0x30, 0x2D, 0xEF, 0xFD, 0x57, 0x00, 0x00, 0x00, 0x00, 0x00, 0x00, 0x00, 0x00,
    0xFF, 0xFF, 0x4F, 0xE5, 0xFF, 0xB4, 0x00, 0x00, 0x00, 0x00, 0x00, 0x00, 0x00, 0x00, 0x00, 0xFF,
    0xFF, 0xEF, 0xFC, 0xFF, 0xFF, 0x4E, 0x00, 0x00, 0x00, 0x00, 0x00, 0x00, 0x00, 0x00, 0xFF, 0xFF,
    0xF2, 0x46, 0x99, 0xFF, 0xED, 0x1C, 0x00, 0x00, 0x00, 0x00, 0x00, 0x00, 0x00, 0xFF, 0xFF, 0x47,
    0x00, 0x08, 0xD0, 0xFF, 0xC2, 0x03, 0x00, 0x00, 0x00, 0x00, 0x00, 0x00, 0xFF, 0xFF, 0x30, 0x00,
    0x00, 0x26, 0xF3, 0xFF, 0x83, 0x00, 0x00, 0x00, 0x00, 0x00, 0x00, 0xFF, 0xFF, 0x30, 0x00, 0x00,
    0x00, 0x5A, 0xFF, 0xFD, 0x42, 0x00, 0x00, 0x00, 0x00, 0x00, 0xFF, 0xFF, 0x30, 0x00, 0x00, 0x00,
    0x00, 0x9B, 0xFF, 0xE6, 0x15, 0x00, 0x00, 0x00, 0x00, 0xFF, 0xFF, 0x30, 0x00, 0x00, 0x00, 0x00,
    0x09, 0xD2, 0xFF, 0xB7, 0x01, 0x00, 0x00, 0x00, 0xFF, 0xFF, 0x30, 0x00, 0x00, 0x00, 0x00, 0x00,
    0x27, 0xF3, 0xFF, 0x75, 0x00, 0x00, 0x00, 0xFF, 0xFF, 0x30, 0x00, 0x00, 0x00, 0x00, 0x00, 0x00,
    0x5C, 0xFF, 0xFA, 0x36, 0x00, 0x00, 0xFF, 0xFF, 0x30, 0x00, 0x00, 0x00, 0x00, 0x00, 0x00, 0x00,
    0x00, 0x00, 0xFF, 0xFF, 0x30, 0x00, 0x00, 0x00, 0x00, 0x00, 0x00, 0x00, 0x00, 0x00, 0xFF, 0xFF,
    0x30, 0x00, 0x00, 0x00, 0x00, 0x00, 0x00, 0x00, 0x00, 0x00, 0xFF, 0xFF, 0x30, 0x00, 0x00, 0x00,
    0x00, 0x00, 0x00, 0x00, 0x00, 0x00, 0xFF, 0xFF, 0x30, 0x00, 0x00, 0x00, 0x00, 0x00, 0x00, 0x00,
    0x00, 0x00, 0xFF, 0xFF, 0x30, 0x00, 0x00, 0x00, 0x00, 0x00, 0x00, 0x00, 0x00, 0x00, 0xFF, 0xFF,
    0x30, 0x00, 0x00, 0x00, 0x00, 0x00, 0x00, 0x00, 0x00, 0x00, 0xFF, 0xFF, 0x30, 0x00, 0x00, 0x00,
    0x00, 0x00, 0x00, 0x00, 0x00, 0x00, 0xFF, 0xFF, 0x30, 0x00, 0x00, 0x00, 0x00, 0x00, 0x00, 0x00,
    0x00, 0x00, 0xFF, 0xFF, 0x30, 0x00, 0x00, 0x00, 0x00, 0x00, 0x00, 0x00, 0x00, 0x00, 0xFF, 0xFF,
    0x30, 0x00, 0x00, 0x00, 0x00, 0x00, 0x00, 0x00, 0x00, 0x00, 0xFF, 0xFF, 0x30, 0x00, 0x00, 0x00,
    0x00, 0x00, 0x00, 0x00, 0x00, 0x00, 0xFF, 0xFF, 0x30, 0x00, 0x00, 0x00, 0x00, 0x00, 0x00, 0x00,
    0x00, 0x00, 0xFF, 0xFF, 0x30, 0x00, 0x00, 0x00, 0x00, 0x00, 0x00, 0x00, 0x00, 0x00, 0xFF, 0xFF,
    0x30, 0x00, 0x00, 0x00, 0x00, 0x00, 0x00, 0x00, 0x00, 0x00, 0xFF, 0xFF, 0xEC, 0xE8, 0xE8, 0xE8,
    0xE8, 0xE8, 0xE8, 0x74, 0x00, 0x00, 0xFF, 0xFF, 0xFF, 0xFF, 0xFF, 0xFF, 0xFF, 0xFF, 0xFF, 0x80,
    0x00, 0x00, 0xFF, 0xFF, 0xFF, 0x9A, 0x00, 0x00, 0x00, 0x00, 0x00, 0x00, 0x00, 0x00, 0x00, 0x45,
    0xFF, 0xFF, 0xFF, 0x30, 0x00, 0x00, 0x00, 0x00, 0xFF, 0xFF, 0xFF, 0xF0, 0x08, 0x00, 0x00, 0x00,
    0x00, 0x00, 0x00, 0x00, 0x00, 0xA5, 0xFF, 0xFF, 0xFF, 0x30, 0x00, 0x00, 0x00, 0x00, 0xFF, 0xFF,
    0xC7, 0xFF, 0x58, 0x00, 0x00, 0x00, 0x00, 0x00, 0x00, 0x00, 0x0E, 0xF6, 0xC6, 0xFF, 0xFF, 0x30,
    0x00, 0x00, 0x00, 0x00, 0xFF, 0xFF, 0x70, 0xFF, 0xB7, 0x00, 0x00, 0x00, 0x00, 0x00, 0x00, 0x00,
    0x66, 0xFF, 0x66, 0xFF, 0xFF, 0x30, 0x00, 0x00, 0x00, 0x00, 0xFF, 0xFF, 0x31, 0xE1, 0xFC, 0x19,
    0x00, 0x00, 0x00, 0x00, 0x00, 0x00, 0xC7, 0xF7, 0x10, 0xFF, 0xFF, 0x30, 0x00, 0x00, 0x00, 0x00,
    0xFF, 0xFF, 0x30, 0x85, 0xFF, 0x75, 0x00, 0x00, 0x00, 0x00, 0x00, 0x27, 0xFF, 0xA9, 0x00, 0xFF,
    0xFF, 0x30, 0x00, 0x00, 0x00, 0x00, 0xFF, 0xFF, 0x30, 0x28, 0xFF, 0xD3, 0x00, 0x00, 0x00, 0x00,
    0x00, 0x88, 0xFF, 0x4A, 0x00, 0xFF, 0xFF, 0x30, 0x00, 0x00, 0x00, 0x00, 0xFF, 0xFF, 0x30, 0x00,
    0xCA, 0xFF, 0x32, 0x00, 0x00, 0x00, 0x03, 0xE5, 0xE8, 0x04, 0x00, 0xFF, 0xFF, 0x30, 0x00, 0x00,
    0x00, 0x00, 0xFF, 0xFF, 0x30, 0x00, 0x6C, 0xFF, 0x91, 0x00, 0x00, 0x00, 0x49, 0xFF, 0x8E, 0x00,
    0x00, 0xFF, 0xFF, 0x30, 0x00, 0x00, 0x00, 0x00, 0xFF, 0xFF, 0x30, 0x00, 0x14, 0xFA, 0xEB, 0x05,
    0x00, 0x00, 0xA9, 0xFF, 0x2F, 0x00, 0x00, 0xFF, 0xFF, 0x30, 0x00, 0x00, 0x00, 0x00, 0xFF, 0xFF,
    0x30, 0x00, 0x00, 0xB1, 0xFF, 0x4F, 0x00, 0x11, 0xF8, 0xD1, 0x00, 0x00, 0x00, 0xFF, 0xFF, 0x30,
    0x00, 0x00, 0x00, 0x00, 0xFF, 0xFF, 0x30, 0x00, 0x00, 0x53, 0xFF, 0xAD, 0x00, 0x6A, 0xFF, 0x72,
    0x00, 0x00, 0x00, 0xFF, 0xFF, 0x30, 0x00, 0x00, 0x00, 0x00, 0xFF, 0xFF, 0x30, 0x00, 0x00, 0x07,
    0xEE, 0xF9, 0x13, 0xCB, 0xFC, 0x18, 0x00, 0x00, 0x00, 0xFF, 0xFF, 0x30, 0x00, 0x00, 0x00, 0x00,
    0xFF, 0xFF, 0x30, 0x00, 0x00, 0x00, 0x98, 0xFF, 0x98, 0xFF, 0xB6, 0x00, 0x00, 0x00, 0x00, 0xFF,
    0xFF, 0x30, 0x00, 0x00, 0x00, 0x00, 0xFF, 0xFF, 0x30, 0x00, 0x00, 0x00, 0x3A, 0xFF, 0xFF, 0xFF,
    0x57, 0x00, 0x00, 0x00, 0x00, 0xFF, 0xFF, 0x30, 0x00, 0x00, 0x00, 0x00, 0xFF, 0xFF, 0x30, 0x00,
    0x00, 0x00, 0x00, 0xDB, 0xFF, 0xF0, 0x08, 0x00, 0x00, 0x00, 0x00, 0xFF, 0xFF, 0x30, 0x00, 0x00,
    0x00, 0x00, 0xFF, 0xFF, 0x30, 0x00, 0x00, 0x00, 0x00, 0x7F, 0xFF, 0x9B, 0x00, 0x00, 0x00, 0x00,
    0x00, 0xFF, 0xFF, 0x30, 0x00, 0x00, 0x00, 0x00, 0xFF, 0xFF, 0xF4, 0x20, 0x00, 0x00, 0x00, 0x00,
    0x00, 0x00, 0x00, 0x30, 0xFF, 0xFF, 0x00, 0x00, 0x00, 0x00, 0xFF, 0xFF, 0xFF, 0xB7, 0x00, 0x00,
    0x00, 0x00, 0x00, 0x00, 0x00, 0x30, 0xFF, 0xFF, 0x00, 0x00, 0x00, 0x00, 0xFF, 0xFF, 0xFE, 0xFF,
    0x5B, 0x00, 0x00, 0x00, 0x00, 0x00, 0x00, 0x30, 0xFF, 0xFF, 0x00, 0x00, 0x00, 0x00, 0xFF, 0xFF,
    0x9B, 0xFF, 0xEA, 0x13, 0x00, 0x00, 0x00, 0x00, 0x00, 0x30, 0xFF, 0xFF, 0x00, 0x00, 0x00, 0x00,
    0xFF, 0xFF, 0x32, 0xCA, 0xFF, 0xA1, 0x00, 0x00, 0x00, 0x00, 0x00, 0x30, 0xFF, 0xFF, 0x00, 0x00,
    0x00, 0x00, 0xFF, 0xFF, 0x30, 0x2D, 0xFA, 0xFF, 0x45, 0x00, 0x00, 0x00, 0x00, 0x30, 0xFF, 0xFF,
    0x00, 0x00, 0x00, 0x00, 0xFF, 0xFF, 0x30, 0x00, 0x84, 0xFF, 0xDD, 0x0A, 0x00, 0x00, 0x00, 0x30,
    0xFF, 0xFF, 0x00, 0x00, 0x00, 0x00, 0xFF, 0xFF, 0x30, 0x00, 0x07, 0xD7, 0xFF, 0x8A, 0x00, 0x00,
    0x00, 0x30, 0xFF, 0xFF, 0x00, 0x00, 0x00, 0x00, 0xFF, 0xFF, 0x30, 0x00, 0x00, 0x3C, 0xFE, 0xFC,
    0x31, 0x00, 0x00, 0x30, 0xFF, 0xFF, 0x00, 0x00, 0x00, 0x00, 0xFF, 0xFF, 0x30, 0x00, 0x00, 0x00,
    0x96, 0xFF, 0xCD, 0x03, 0x00, 0x30, 0xFF, 0xFF, 0x00, 0x00, 0x00, 0x00, 0xFF, 0xFF, 0x30, 0x00,
    0x00, 0x00, 0x0E, 0xE3, 0xFF, 0x73, 0x00, 0x30, 0xFF, 0xFF, 0x00, 0x00, 0x00, 0x00, 0xFF, 0xFF,
    0x30, 0x00, 0x00, 0x00, 0x00, 0x4D, 0xFF, 0xF5, 0x21, 0x30, 0xFF, 0xFF, 0x00, 0x00, 0x00, 0x00,
    0xFF, 0xFF, 0x30, 0x00, 0x00, 0x00, 0x00, 0x00, 0xA9, 0xFF, 0xBA, 0x30, 0xFF, 0xFF, 0x00, 0x00,
    0x00, 0x00, 0xFF, 0xFF, 0x30, 0x00, 0x00, 0x00, 0x00, 0x00, 0x16, 0xED, 0xFF, 0x8C, 0xFF, 0xFF,
    0x00, 0x00, 0x00, 0x00, 0xFF, 0xFF, 0x30, 0x00, 0x00, 0x00, 0x00, 0x00, 0x00, 0x60, 0xFF, 0xFD,
    0xFF, 0xFF, 0x00, 0x00, 0x00, 0x00, 0xFF, 0xFF, 0x30, 0x00, 0x00, 0x00, 0x00, 0x00, 0x00, 0x00,
    0xBA, 0xFF, 0xFF, 0xFF, 0x00, 0x00, 0x00, 0x00, 0xFF, 0xFF, 0x30, 0x00, 0x00, 0x00, 0x00, 0x00,
    0x00, 0x00, 0x21, 0xF5, 0xFF, 0xFF, 0x00, 0x00, 0x00, 0x00, 0x00, 0x00, 0x07, 0x64, 0xB4, 0xE3,
    0xF8, 0xF9, 0xE3, 0xB3, 0x5F, 0x05, 0x00, 0x00, 0x00, 0x00, 0x00, 0x00, 0x00, 0x29, 0xDA, 0xFF,
    0xFF, 0xE9, 0xCB, 0xC6, 0xE2, 0xFF, 0xFF, 0xD3, 0x22, 0x00, 0x00, 0x00, 0x00, 0x00, 0x2B, 0xF1,
    0xFF, 0xBC, 0x3A, 0x00, 0x00, 0x00, 0x00, 0x2A, 0xB2, 0xFF, 0xED, 0x22, 0x00, 0x00, 0x00, 0x02,
    0xC8, 0xFF, 0xAA, 0x04, 0x00, 0x00, 0x00, 0x00, 0x00, 0x00, 0x01, 0xA5, 0xFF, 0xBF, 0x01, 0x00,
    0x00, 0x49, 0xFF, 0xEF, 0x14, 0x00, 0x00, 0x00, 0x00, 0x00, 0x00, 0x00, 0x00, 0x11, 0xF0, 0xFF,
    0x40, 0x00, 0x00, 0x9A, 0xFF, 0x9E, 0x00, 0x00, 0x00, 0x00, 0x00, 0x00, 0x00, 0x00, 0x00, 0x00,
    0x9B, 0xFF, 0x94, 0x00, 0x00, 0xD2, 0xFF, 0x5E, 0x00, 0x00, 0x00, 0x00, 0x00, 0x00, 0x00, 0x00,
    0x00, 0x00, 0x5F, 0xFF, 0xCF, 0x00, 0x00, 0xEA, 0xFF, 0x43, 0x00, 0x00, 0x00, 0x00, 0x00, 0x00,
    0x00, 0x00, 0x00, 0x00, 0x3F, 0xFF, 0xE7, 0x00, 0x00, 0xFB, 0xFF, 0x34, 0x00, 0x00, 0x00, 0x00,
    0x00, 0x00, 0x00, 0x00, 0x00, 0x00, 0x34, 0xFF, 0xFA, 0x00, 0x00, 0xEF, 0xFF, 0x44, 0x00, 0x00,
    0x00, 0x00, 0x00, 0x00, 0x00, 0x00, 0x00, 0x00, 0x45, 0xFF, 0xED, 0x00, 0x00, 0xD4, 0xFF, 0x5F,
    0x00, 0x00, 0x00, 0x00, 0x00, 0x00, 0x00, 0x00, 0x00, 0x00, 0x60, 0xFF, 0xD1, 0x00, 0x00, 0x9E,
    0xFF, 0xA0, 0x00, 0x00, 0x00, 0x00, 0x00, 0x00, 0x00, 0x00, 0x00, 0x00, 0xA4, 0xFF, 0x98, 0x00,
    0x00, 0x4B, 0xFF, 0xF0, 0x15, 0x00, 0x00, 0x00, 0x00, 0x00, 0x00, 0x00, 0x00, 0x17, 0xF1, 0xFF,
    0x40, 0x00, 0x00, 0x02, 0xD1, 0xFF, 0xAB, 0x04, 0x00, 0x00, 0x00, 0x00, 0x00, 0x00, 0x04, 0xAE,
    0xFF, 0xC4, 0x00, 0x00, 0x00, 0x00, 0x2E, 0xF2, 0xFF, 0xBD, 0x39, 0x00, 0x00, 0x00, 0x00, 0x37,
    0xBD, 0xFF, 0xED, 0x23, 0x00, 0x00, 0x00, 0x00, 0x00, 0x31, 0xDB, 0xFF, 0xFF, 0xE8, 0xCA, 0xC9,
    0xE7, 0xFF, 0xFF, 0xD5, 0x28, 0x00, 0x00, 0x00, 0x00, 0x00, 0x00, 0x00, 0x05, 0x60, 0xAE, 0xE1,
    0xF6, 0xF6, 0xE0, 0xAD, 0x5C, 0x03, 0x00, 0x00, 0x00, 0x00, 0x00, 0x00, 0xFF, 0xFF, 0xFF, 0xFF,
    0xFE, 0xF2, 0xD9, 0xA5, 0x48, 0x00, 0x00, 0x00, 0x00, 0x00, 0xFF, 0xFF, 0xC8, 0xBC, 0xBE, 0xCD,
    0xF4, 0xFF, 0xFF, 0xA4, 0x03, 0x00, 0x00, 0x00, 0xFF, 0xFF, 0x30, 0x00, 0x00, 0x00, 0x06, 0x64,
    0xF8, 0xFF, 0x70, 0x00, 0x00, 0x00, 0xFF, 0xFF, 0x30, 0x00, 0x00, 0x00, 0x00, 0x00, 0x7E, 0xFF,
    0xD2, 0x00, 0x00, 0x00, 0xFF, 0xFF, 0x30, 0x00, 0x00, 0x00, 0x00, 0x00, 0x3A, 0xFF, 0xF7, 0x00,
    0x00, 0x00, 0xFF, 0xFF, 0x30, 0x00, 0x00, 0x00, 0x00, 0x00, 0x42, 0xFF, 0xEE, 0x00, 0x00, 0x00,
    0xFF, 0xFF, 0x30, 0x00, 0x00, 0x00, 0x00, 0x00, 0x8E, 0xFF, 0xB4, 0x00, 0x00, 0x00, 0xFF, 0xFF,
    0x30, 0x00, 0x00, 0x00, 0x0E, 0x7B, 0xFD, 0xFD, 0x3D, 0x00, 0x00, 0x00, 0xFF, 0xFF, 0xC8, 0xBC,
    0xC3, 0xD7, 0xFC, 0xFF, 0xF6, 0x60, 0x00, 0x00, 0x00, 0x00, 0xFF, 0xFF, 0xFF, 0xFF, 0xFA, 0xEB,
    0xC5, 0x84, 0x1D, 0x00, 0x00, 0x00, 0x00, 0x00, 0xFF, 0xFF, 0x30, 0x00, 0x00, 0x00, 0x00, 0x00,
    0x00, 0x00, 0x00, 0x00, 0x00, 0x00, 0xFF, 0xFF, 0x30, 0x00, 0x00, 0x00, 0x00, 0x00, 0x00, 0x00,
    0x00, 0x00, 0x00, 0x00, 0xFF, 0xFF, 0x30, 0x00, 0x00, 0x00, 0x00, 0x00, 0x00, 0x00, 0x00, 0x00,
    0x00, 0x00, 0xFF, 0xFF, 0x30, 0x00, 0x00, 0x00, 0x00, 0x00, 0x00, 0x00, 0x00, 0x00, 0x00, 0x00,
    0xFF, 0xFF, 0x30, 0x00, 0x00, 0x00, 0x00, 0x00, 0x00, 0x00, 0x00, 0x00, 0x00, 0x00, 0xFF, 0xFF,
    0x30, 0x00, 0x00, 0x00, 0x00, 0x00, 0x00, 0x00, 0x00, 0x00, 0x00, 0x00, 0xFF, 0xFF, 0x30, 0x00,
    0x00, 0x00, 0x00, 0x00, 0x00, 0x00, 0x00, 0x00, 0x00, 0x00, 0x00, 0x00, 0x07, 0x64, 0xB4, 0xE3,
    0xF8, 0xF9, 0xE3, 0xB3, 0x5F, 0x05, 0x00, 0x00, 0x00, 0x00, 0x00, 0x00, 0x00, 0x29, 0xDA, 0xFF,
    0xFF, 0xE9, 0xCB, 0xC6, 0xE2, 0xFF, 0xFF, 0xD3, 0x22, 0x00, 0x00, 0x00, 0x00, 0x00, 0x2B, 0xF1,
    0xFF, 0xBC, 0x3A, 0x00, 0x00, 0x00, 0x00, 0x2A, 0xB2, 0xFF, 0xED, 0x22, 0x00, 0x00, 0x00, 0x02,
    0xC8, 0xFF, 0xAA, 0x04, 0x00, 0x00, 0x00, 0x00, 0x00, 0x00, 0x01, 0xA5, 0xFF, 0xBF, 0x01, 0x00,
    0x00, 0x49, 0xFF, 0xEF, 0x14, 0x00, 0x00, 0x00, 0x00, 0x00, 0x00, 0x00, 0x00, 0x11, 0xF0, 0xFF,
    0x40, 0x00, 0x00, 0x9A, 0xFF, 0x9E, 0x00, 0x00, 0x00, 0x00, 0x00, 0x00, 0x00, 0x00, 0x00, 0x00,
    0x9B, 0xFF, 0x94, 0x00, 0x00, 0xD2, 0xFF, 0x5E, 0x00, 0x00, 0x00, 0x00, 0x00, 0x00, 0x00, 0x00,
    0x00, 0x00, 0x5F, 0xFF, 0xCF, 0x00, 0x00, 0xEA, 0xFF, 0x43, 0x00, 0x00, 0x00, 0x00, 0x00, 0x00,
    0x00, 0x00, 0x00, 0x00, 0x3F, 0xFF, 0xE7, 0x00, 0x00, 0xFB, 0xFF, 0x34, 0x00, 0x00, 0x00, 0x00,
    0x00, 0x00, 0x00, 0x00, 0x00, 0x00, 0x34, 0xFF, 0xFA, 0x00, 0x00, 0xEF, 0xFF, 0x44, 0x00, 0x00,
    0x00, 0x00, 0x00, 0x00, 0x00, 0x00, 0x00, 0x00, 0x45, 0xFF, 0xEC, 0x00, 0x00, 0xD4, 0xFF, 0x5F,
    0x00, 0x00, 0x00, 0x00, 0x00, 0x00, 0x00, 0x00, 0x00, 0x00, 0x60, 0xFF, 0xD2, 0x00, 0x00, 0x9E,
    0xFF, 0xA0, 0x00, 0x00, 0x00, 0x00, 0x00, 0x00, 0x00, 0x00, 0x00, 0x00, 0xA4, 0xFF, 0x98, 0x00,
    0x00, 0x4B, 0xFF, 0xF0, 0x15, 0x00, 0x00, 0x00, 0x00, 0x00, 0x00, 0x00, 0x00, 0x17, 0xF1, 0xFF,
    0x46, 0x00, 0x00, 0x02, 0xD1, 0xFF, 0xAB, 0x04, 0x00, 0x00, 0x00, 0x00, 0x00, 0x00, 0x04, 0xAE,
    0xFF, 0xCC, 0x00, 0x00, 0x00, 0x00, 0x2E, 0xF2, 0xFF, 0xBD, 0x39, 0x00, 0x00, 0x00, 0x00, 0x37,
    0xBD, 0xFF, 0xF2, 0x27, 0x00, 0x00, 0x00, 0x00, 0x00, 0x31, 0xDA, 0xFF, 0xFF, 0xE8, 0xCA, 0xC9,
    0xE7, 0xFF, 0xFF, 0xDD, 0x2F, 0x00, 0x00, 0x00, 0x00, 0x00, 0x00, 0x00, 0x04, 0x5F, 0xAD, 0xE0,
    0xF5, 0xFF, 0xFF, 0xFF, 0x75, 0x06, 0x00, 0x00, 0x00, 0x00, 0x00, 0x00, 0x00, 0x00, 0x00, 0x00,
    0x00, 0x00, 0x00, 0x15, 0xDD, 0xFF, 0xCD, 0x0E, 0x00, 0x00, 0x00, 0x00, 0x00, 0x00, 0x00, 0x00,
    0x00, 0x00, 0x00, 0x00, 0x00, 0x00, 0x28, 0xEF, 0xFF, 0xC2, 0x09, 0x00, 0x00, 0x00, 0x00, 0x00,
    0x00, 0x00, 0x00, 0x00, 0x00, 0x00, 0x00, 0x00, 0x00, 0x42, 0xFA, 0xFF, 0xB6, 0x05, 0x00, 0x00,
    0x00, 0x00, 0x00, 0x00, 0x00, 0x00, 0x00, 0x00, 0x00, 0x00, 0x00, 0x00, 0x62, 0xFF, 0xFF, 0xA9,
    0x02, 0x00, 0x00, 0x00, 0xFF, 0xFF, 0xFF, 0xFF, 0xFF, 0xF2, 0xDD, 0xA6, 0x50, 0x00, 0x00, 0x00,
    0x00, 0x00, 0x00, 0xFF, 0xFF, 0xC8, 0xBC, 0xBD, 0xC9, 0xEF, 0xFF, 0xFF, 0xB1, 0x04, 0x00, 0x00,
    0x00, 0x00, 0xFF, 0xFF, 0x30, 0x00, 0x00, 0x00, 0x02, 0x53, 0xF3, 0xFF, 0x76, 0x00, 0x00, 0x00,
    0x00, 0xFF, 0xFF, 0x30, 0x00, 0x00, 0x00, 0x00, 0x00, 0x75, 0xFF, 0xD3, 0x00, 0x00, 0x00, 0x00,
    0xFF, 0xFF, 0x30, 0x00, 0x00, 0x00, 0x00, 0x00, 0x3C, 0xFF, 0xF4, 0x00, 0x00, 0x00, 0x00, 0xFF,
    0xFF, 0x30, 0x00, 0x00, 0x00, 0x00, 0x00, 0x49, 0xFF, 0xEF, 0x00, 0x00, 0x00, 0x00, 0xFF, 0xFF,
    0x30, 0x00, 0x00, 0x00, 0x00, 0x00, 0x8E, 0xFF, 0xB9, 0x00, 0x00, 0x00, 0x00, 0xFF, 0xFF, 0x30,
    0x00, 0x00, 0x00, 0x03, 0x5E, 0xFC, 0xFD, 0x3E, 0x00, 0x00, 0x00, 0x00, 0xFF, 0xFF, 0xC8, 0xBC,
    0xBC, 0xC6, 0xED, 0xFF, 0xE9, 0x55, 0x00, 0x00, 0x00, 0x00, 0x00, 0xFF, 0xFF, 0xFF, 0xFF, 0xFF,
    0xFF, 0xFF, 0xD6, 0x0B, 0x00, 0x00, 0x00, 0x00, 0x00, 0x00, 0xFF, 0xFF, 0x30, 0x00, 0x00, 0x1E,
    0xF5, 0xFF, 0x45, 0x00, 0x00, 0x00, 0x00, 0x00, 0x00, 0xFF, 0xFF, 0x30, 0x00, 0x00, 0x00, 0x7D,
    0xFF, 0xDA, 0x07, 0x00, 0x00, 0x00, 0x00, 0x00, 0xFF, 0xFF, 0x30, 0x00, 0x00, 0x00, 0x07, 0xDC,
    0xFF, 0x7F, 0x00, 0x00, 0x00, 0x00, 0x00, 0xFF, 0xFF, 0x30, 0x00, 0x00, 0x00, 0x00, 0x4C, 0xFF,
    0xF8, 0x24, 0x00, 0x00, 0x00, 0x00, 0xFF, 0xFF, 0x30, 0x00, 0x00, 0x00, 0x00, 0x00, 0xB4, 0xFF,
    0xBA, 0x00, 0x00, 0x00, 0x00, 0xFF, 0xFF, 0x30, 0x00, 0x00, 0x00, 0x00, 0x00, 0x24, 0xF8, 0xFF,
    0x57, 0x00, 0x00, 0x00, 0xFF, 0xFF, 0x30, 0x00, 0x00, 0x00, 0x00, 0x00, 0x00, 0x84, 0xFF, 0xE6,
    0x0E, 0x00, 0x00, 0x01, 0x5A, 0xB3, 0xE6, 0xFA, 0xF6, 0xE0, 0xB4, 0x6E, 0x1E, 0x00, 0x00, 0x0A,
    0xBC, 0xFF, 0xFE, 0xD7, 0xC0, 0xCA, 0xEF, 0xFF, 0xFF, 0x58, 0x00, 0x00, 0x8D, 0xFF, 0xD9, 0x27,
    0x00, 0x00, 0x00, 0x00, 0x32, 0x7D, 0x07, 0x00, 0x00, 0xE4, 0xFF, 0x50, 0x00, 0x00, 0x00, 0x00,
    0x00, 0x00, 0x00, 0x00, 0x00, 0x00, 0xF9, 0xFF, 0x3B, 0x00, 0x00, 0x00, 0x00, 0x00, 0x00, 0x00,
    0x00, 0x00, 0x00, 0xD5, 0xFF, 0x94, 0x00, 0x00, 0x00, 0x00, 0x00, 0x00, 0x00, 0x00, 0x00, 0x00,
    0x6E, 0xFF, 0xFF, 0xA0, 0x20, 0x00, 0x00, 0x00, 0x00, 0x00, 0x00, 0x00, 0x00, 0x01, 0x96, 0xFF,
    0xFF, 0xFD, 0xB9, 0x58, 0x07, 0x00, 0x00, 0x00, 0x00, 0x00, 0x00, 0x00, 0x42, 0xBC, 0xFE, 0xFF,
    0xFF, 0xEB, 0x76, 0x05, 0x00, 0x00, 0x00, 0x00, 0x00, 0x00, 0x00, 0x22, 0x7E, 0xE1, 0xFF, 0xFF,
    0xC9, 0x0D, 0x00, 0x00, 0x00, 0x00, 0x00, 0x00, 0x00, 0x00, 0x04, 0x6B, 0xF9, 0xFF, 0x94, 0x00,
    0x00, 0x00, 0x00, 0x00, 0x00, 0x00, 0x00, 0x00, 0x00, 0x75, 0xFF, 0xE6, 0x00, 0x00, 0x00, 0x00,
    0x00, 0x00, 0x00, 0x00, 0x00, 0x00, 0x38, 0xFF, 0xF5, 0x00, 0x00, 0x00, 0x00, 0x00, 0x00, 0x00,
    0x00, 0x00, 0x00, 0x63, 0xFF, 0xD1, 0x00, 0x00, 0x88, 0x36, 0x03, 0x00, 0x00, 0x00, 0x00, 0x48,
    0xEB, 0xFF, 0x65, 0x00, 0x00, 0xFF, 0xFF, 0xF7, 0xD3, 0xC1, 0xC5, 0xE9, 0xFF, 0xFE, 0x8E, 0x00,
    0x00, 0x00, 0x6A, 0xB2, 0xDB, 0xF2, 0xFC, 0xF2, 0xD8, 0x99, 0x35, 0x00, 0x00, 0x00, 0x00, 0xFF,
    0xFF, 0xFF, 0xFF, 0xFF, 0xFF, 0xFF, 0xFF, 0xFF, 0xFF, 0xFF, 0xFF, 0xFF, 0x00, 0x00, 0xBC, 0xBC,
    0xBC, 0xBC, 0xBC, 0xFF, 0xFF, 0xC8, 0xBC, 0xBC, 0xBC, 0xBC, 0xBC, 0x00, 0x00, 0x00, 0x00, 0x00,
    0x00, 0x00, 0xFF, 0xFF, 0x30, 0x00, 0x00, 0x00, 0x00, 0x00, 0x00, 0x00, 0x00, 0x00, 0x00, 0x00,
    0x00, 0xFF, 0xFF, 0x30, 0x00, 0x00, 0x00, 0x00, 0x00, 0x00, 0x00, 0x00, 0x00, 0x00, 0x00, 0x00,
    0xFF, 0xFF, 0x30, 0x00, 0x00, 0x00, 0x00, 0x00, 0x00, 0x00, 0x00, 0x00, 0x00, 0x00, 0x00, 0xFF,
    0xFF, 0x30, 0x00, 0x00, 0x00, 0x00, 0x00, 0x00, 0x00, 0x00, 0x00, 0x00, 0x00, 0x00, 0xFF, 0xFF,
    0x30, 0x00, 0x00, 0x00, 0x00, 0x00, 0x00, 0x00, 0x00, 0x00, 0x00, 0x00, 0x00, 0xFF, 0xFF, 0x30,
    0x00, 0x00, 0x00, 0x00, 0x00, 0x00, 0x00, 0x00, 0x00, 0x00, 0x00, 0x00, 0xFF, 0xFF, 0x30, 0x00,
    0x00, 0x00, 0x00, 0x00, 0x00, 0x00, 0x00, 0x00, 0x00, 0x00, 0x00, 0xFF, 0xFF, 0x30, 0x00, 0x00,
    0x00, 0x00, 0x00, 0x00, 0x00, 0x00, 0x00, 0x00, 0x00, 0x00, 0xFF, 0xFF, 0x30, 0x00, 0x00, 0x00,
    0x00, 0x00, 0x00, 0x00, 0x00, 0x00, 0x00, 0x00, 0x00, 0xFF, 0xFF, 0x30, 0x00, 0x00, 0x00, 0x00,
    0x00, 0x00, 0x00, 0x00, 0x00, 0x00, 0x00, 0x00, 0xFF, 0xFF, 0x30, 0x00, 0x00, 0x00, 0x00, 0x00,
    0x00, 0x00, 0x00, 0x00, 0x00, 0x00, 0x00, 0xFF, 0xFF, 0x30, 0x00, 0x00, 0x00, 0x00, 0x00, 0x00,
    0x00, 0x00, 0x00, 0x00, 0x00, 0x00, 0xFF, 0xFF, 0x30, 0x00, 0x00, 0x00, 0x00, 0x00, 0x00, 0x00,
    0x00, 0x00, 0x00, 0x00, 0x00, 0xFF, 0xFF, 0x30, 0x00, 0x00, 0x00, 0x00, 0x00, 0x00, 0x00, 0x00,
    0x00, 0x00, 0x00, 0x00, 0xFF, 0xFF, 0x30, 0x00, 0x00, 0x00, 0x00, 0x00, 0x00, 0x00, 0x00, 0xFF,
    0xFF, 0x30, 0x00, 0x00, 0x00, 0x00, 0x00, 0x00, 0x00, 0x00, 0xFF, 0xFF, 0x30, 0x00, 0x00, 0x00,
    0xFF, 0xFF, 0x30, 0x00, 0x00, 0x00, 0x00, 0x00, 0x00, 0x00, 0x00, 0xFF, 0xFF, 0x30, 0x00, 0x00,
    0x00, 0xFF, 0xFF, 0x30, 0x00, 0x00, 0x00, 0x00, 0x00, 0x00, 0x00, 0x00, 0xFF, 0xFF, 0x30, 0x00,
    0x00, 0x00, 0xFF, 0xFF, 0x30, 0x00, 0x00, 0x00, 0x00, 0x00, 0x00, 0x00, 0x00, 0xFF, 0xFF, 0x30,
    0x00, 0x00, 0x00, 0xFF, 0xFF, 0x30, 0x00, 0x00, 0x00, 0x00, 0x00, 0x00, 0x00, 0x00, 0xFF, 0xFF,
    0x30, 0x00, 0x00, 0x00, 0xFF, 0xFF, 0x30, 0x00, 0x00, 0x00, 0x00, 0x00, 0x00, 0x00, 0x00, 0xFF,
    0xFF, 0x30, 0x00, 0x00, 0x00, 0xFF, 0xFF, 0x30, 0x00, 0x00, 0x00, 0x00, 0x00, 0x00, 0x00, 0x00,
    0xFF, 0xFF, 0x30, 0x00, 0x00, 0x00, 0xFF, 0xFF, 0x30, 0x00, 0x00, 0x00, 0x00, 0x00, 0x00, 0x00,
    0x00, 0xFF, 0xFF, 0x30, 0x00, 0x00, 0x00, 0xFF, 0xFF, 0x30, 0x00, 0x00, 0x00, 0x00, 0x00, 0x00,
    0x00, 0x00, 0xFF, 0xFF, 0x30, 0x00, 0x00, 0x00, 0xFF, 0xFF, 0x30, 0x00, 0x00, 0x00, 0x00, 0x00,
    0x00, 0x00, 0x00, 0xFF, 0xFF, 0x30, 0x00, 0x00, 0x00, 0xFF, 0xFF, 0x30, 0x00, 0x00, 0x00, 0x00,
    0x00, 0x00, 0x00, 0x00, 0xFF, 0xFF, 0x2F, 0x00, 0x00, 0x00, 0xF3, 0xFF, 0x39, 0x00, 0x00, 0x00,
    0x00, 0x00, 0x00, 0x00, 0x0E, 0xFF, 0xFF, 0x1D, 0x00, 0x00, 0x00, 0xCC, 0xFF, 0x65, 0x00, 0x00,
    0x00, 0x00, 0x00, 0x00, 0x00, 0x3C, 0xFF, 0xF5, 0x04, 0x00, 0x00, 0x00, 0x7B, 0xFF, 0xCF, 0x04,
    0x00, 0x00, 0x00, 0x00, 0x00, 0x00, 0xA9, 0xFF, 0xA4, 0x00, 0x00, 0x00, 0x00, 0x0F, 0xE2, 0xFF,
    0xB0, 0x1D, 0x00, 0x00, 0x00, 0x11, 0x91, 0xFF, 0xF3, 0x24, 0x00, 0x00, 0x00, 0x00, 0x00, 0x2D,
    0xE1, 0xFF, 0xFD, 0xD6, 0xC0, 0xD1, 0xF9, 0xFF, 0xE9, 0x43, 0x00, 0x00, 0x00, 0x00, 0x00, 0x00,
    0x00, 0x0E, 0x76, 0xC4, 0xED, 0xFB, 0xE8, 0xC9, 0x78, 0x16, 0x00, 0x00, 0x00, 0x00, 0xD2, 0xFF,
    0x6C, 0x00, 0x00, 0x00, 0x00, 0x00, 0x00, 0x00, 0x00, 0x13, 0xFA, 0xFF, 0x39, 0x76, 0xFF, 0xC7,
    0x00, 0x00, 0x00, 0x00, 0x00, 0x00, 0x00, 0x00, 0x68, 0xFF, 0xDC, 0x00, 0x1B, 0xFD, 0xFF, 0x23,
    0x00, 0x00, 0x00, 0x00, 0x00, 0x00, 0x00, 0xC3, 0xFF, 0x81, 0x00, 0x00, 0xBE, 0xFF, 0x7D, 0x00,
    0x00, 0x00, 0x00, 0x00, 0x00, 0x1E, 0xFE, 0xFF, 0x25, 0x00, 0x00, 0x61, 0xFF, 0xD8, 0x00, 0x00,
    0x00, 0x00, 0x00, 0x00, 0x78, 0xFF, 0xC8, 0x00, 0x00, 0x00, 0x0E, 0xF6, 0xFF, 0x33, 0x00, 0x00,
    0x00, 0x00, 0x00, 0xD3, 0xFF, 0x6C, 0x00, 0x00, 0x00, 0x00, 0xA9, 0xFF, 0x8E, 0x00, 0x00, 0x00,
    0x00, 0x2D, 0xFF, 0xFB, 0x15, 0x00, 0x00, 0x00, 0x00, 0x4D, 0xFF, 0xE6, 0x02, 0x00, 0x00, 0x00,
    0x88, 0xFF, 0xB4, 0x00, 0x00, 0x00, 0x00, 0x00, 0x05, 0xEB, 0xFF, 0x44, 0x00, 0x00, 0x01, 0xE0,
    0xFF, 0x57, 0x00, 0x00, 0x00, 0x00, 0x00, 0x00, 0x94, 0xFF, 0x9F, 0x00, 0x00, 0x3D, 0xFF, 0xF2,
    0x09, 0x00, 0x00, 0x00, 0x00, 0x00, 0x00, 0x38, 0xFF, 0xF1, 0x09, 0x00, 0x97, 0xFF, 0x9F, 0x00,
    0x00, 0x00, 0x00, 0x00, 0x00, 0x00, 0x00, 0xDB, 0xFF, 0x53, 0x03, 0xEB, 0xFF, 0x43, 0x00, 0x00,
    0x00, 0x00, 0x00, 0x00, 0x00, 0x00, 0x7F, 0xFF, 0xA6, 0x41, 0xFF, 0xE4, 0x02, 0x00, 0x00, 0x00,
    0x00, 0x00, 0x00, 0x00, 0x00, 0x23, 0xFF, 0xEB, 0x8A, 0xFF, 0x8A, 0x00, 0x00, 0x00, 0x00, 0x00,
    0x00, 0x00, 0x00, 0x00, 0x00, 0xC7, 0xFF, 0xE8, 0xFF, 0x2E, 0x00, 0x00, 0x00, 0x00, 0x00, 0x00,
    0x00, 0x00, 0x00, 0x00, 0x6B, 0xFF, 0xFF, 0xD2, 0x00, 0x00, 0x00, 0x00, 0x00, 0x00, 0x00, 0x00,
    0x00, 0x00, 0x00, 0x14, 0xFA, 0xFF, 0x76, 0x00, 0x00, 0x00, 0x00, 0x00, 0x00, 0x96, 0xFF, 0xAC,
    0x00, 0x00, 0x00, 0x00, 0x00, 0x00, 0x32, 0xFF, 0xFF, 0x56, 0x00, 0x00, 0x00, 0x00, 0x00, 0x00,
    0x61, 0xFF, 0xE1, 0x00, 0x52, 0xFF, 0xEC, 0x01, 0x00, 0x00, 0x00, 0x00, 0x00, 0x7D, 0xFF, 0xFF,
    0xA5, 0x00, 0x00, 0x00, 0x00, 0x00, 0x00, 0xA2, 0xFF, 0x9C, 0x00, 0x10, 0xFC, 0xFF, 0x2F, 0x00,
    0x00, 0x00, 0x00, 0x00, 0xC8, 0xFF, 0xF4, 0xEE, 0x04, 0x00, 0x00, 0x00, 0x00, 0x00, 0xE3, 0xFF,
    0x57, 0x00, 0x00, 0xC9, 0xFF, 0x70, 0x00, 0x00, 0x00, 0x00, 0x15, 0xFD, 0xDF, 0xB5, 0xFF, 0x41,
    0x00, 0x00, 0x00, 0x00, 0x25, 0xFF, 0xFE, 0x14, 0x00, 0x00, 0x84, 0xFF, 0xB2, 0x00, 0x00, 0x00,
    0x00, 0x5F, 0xFF, 0xA2, 0x73, 0xFF, 0x8F, 0x00, 0x00, 0x00, 0x00, 0x66, 0xFF, 0xCE, 0x00, 0x00,
    0x00, 0x40, 0xFF, 0xF0, 0x03, 0x00, 0x00, 0x00, 0xAA, 0xFF, 0x5E, 0x2D, 0xFF, 0xDD, 0x00, 0x00,
    0x00, 0x00, 0xA7, 0xFF, 0x89, 0x00, 0x00, 0x00, 0x06, 0xF4, 0xFF, 0x35, 0x00, 0x00, 0x04, 0xF0,
    0xFE, 0x17, 0x00, 0xE2, 0xFF, 0x2B, 0x00, 0x00, 0x00, 0xE7, 0xFF, 0x45, 0x00, 0x00, 0x00, 0x00,
    0xB7, 0xFF, 0x76, 0x00, 0x00, 0x40, 0xFF, 0xCA, 0x00, 0x00, 0x96, 0xFF, 0x79, 0x00, 0x00, 0x2A,
    0xFF, 0xF7, 0x08, 0x00, 0x00, 0x00, 0x00, 0x72, 0xFF, 0xB7, 0x00, 0x00, 0x8B, 0xFF, 0x7F, 0x00,
    0x00, 0x49, 0xFF, 0xC7, 0x00, 0x00, 0x6B, 0xFF, 0xBB, 0x00, 0x00, 0x00, 0x00, 0x00, 0x2E, 0xFF,
    0xF4, 0x05, 0x00, 0xD7, 0xFF, 0x34, 0x00, 0x00, 0x07, 0xF4, 0xFE, 0x17, 0x00, 0xAC, 0xFF, 0x76,
    0x00, 0x00, 0x00, 0x00, 0x00, 0x01, 0xE8, 0xFF, 0x3A, 0x20, 0xFF, 0xE8, 0x01, 0x00, 0x00, 0x00,
    0xB0, 0xFF, 0x61, 0x01, 0xEB, 0xFF, 0x32, 0x00, 0x00, 0x00, 0x00, 0x00, 0x00, 0xA5, 0xFF, 0x78,
    0x65, 0xFF, 0x9F, 0x00, 0x00, 0x00, 0x00, 0x63, 0xFF, 0xA6, 0x2C, 0xFF, 0xEB, 0x01, 0x00, 0x00,
    0x00, 0x00, 0x00, 0x00, 0x60, 0xFF, 0xB1, 0xA3, 0xFF, 0x54, 0x00, 0x00, 0x00, 0x00, 0x17, 0xFE,
    0xE4, 0x66, 0xFF, 0xA8, 0x00, 0x00, 0x00, 0x00, 0x00, 0x00, 0x00, 0x1C, 0xFF, 0xDF, 0xD4, 0xFA,
    0x0E, 0x00, 0x00, 0x00, 0x00, 0x00, 0xC9, 0xFF, 0xB0, 0xFF, 0x64, 0x00, 0x00, 0x00, 0x00, 0x00,
    0x00, 0x00, 0x00, 0xD7, 0xFE, 0xFA, 0xBE, 0x00, 0x00, 0x00, 0x00, 0x00, 0x00, 0x7C, 0xFF, 0xF8,
    0xFF, 0x1F, 0x00, 0x00, 0x00, 0x00, 0x00, 0x00, 0x00, 0x00, 0x93, 0xFF, 0xFF, 0x73, 0x00, 0x00,
    0x00, 0x00, 0x00, 0x00, 0x2F, 0xFF, 0xFF, 0xDA, 0x00, 0x00, 0x00, 0x00, 0x00, 0x00, 0x00, 0x00,
    0x00, 0x4E, 0xFF, 0xFF, 0x29, 0x00, 0x00, 0x00, 0x00, 0x00, 0x00, 0x00, 0xE1, 0xFF, 0x96, 0x00,
    0x00, 0x00, 0x00, 0x00, 0x3A, 0xFD, 0xFB, 0x30, 0x00, 0x00, 0x00, 0x00, 0x00, 0x00, 0x18, 0xF0,
    0xFE, 0x3D, 0x00, 0x91, 0xFF, 0xCA, 0x02, 0x00, 0x00, 0x00, 0x00, 0x00, 0xAB, 0xFF, 0x93, 0x00,
    0x00, 0x0B, 0xDE, 0xFF, 0x6E, 0x00, 0x00, 0x00, 0x00, 0x4C, 0xFF, 0xDF, 0x0C, 0x00, 0x00, 0x00,
    0x43, 0xFF, 0xF3, 0x1D, 0x00, 0x00, 0x0C, 0xE2, 0xFF, 0x44, 0x00, 0x00, 0x00, 0x00, 0x00, 0x9A,
    0xFF, 0xB1, 0x00, 0x00, 0x91, 0xFF, 0x9B, 0x00, 0x00, 0x00, 0x00, 0x00, 0x00, 0x0E, 0xE3, 0xFF,
    0x52, 0x35, 0xFD, 0xE4, 0x0F, 0x00, 0x00, 0x00, 0x00, 0x00, 0x00, 0x00, 0x4B, 0xFF, 0xE5, 0xD1,
    0xFF, 0x4B, 0x00, 0x00, 0x00, 0x00, 0x00, 0x00, 0x00, 0x00, 0x00, 0xA4, 0xFF, 0xFF, 0xA3, 0x00,
    0x00, 0x00, 0x00, 0x00, 0x00, 0x00, 0x00, 0x00, 0x00, 0x76, 0xFF, 0xFF, 0x83, 0x00, 0x00, 0x00,
    0x00, 0x00, 0x00, 0x00, 0x00, 0x00, 0x21, 0xF5, 0xF3, 0xF6, 0xFA, 0x2C, 0x00, 0x00, 0x00, 0x00,
    0x00, 0x00, 0x00, 0x00, 0xBB, 0xFF, 0x6F, 0x7B, 0xFF, 0xC8, 0x02, 0x00, 0x00, 0x00, 0x00, 0x00,
    0x00, 0x60, 0xFF, 0xCC, 0x03, 0x06, 0xD7, 0xFF, 0x6F, 0x00, 0x00, 0x00, 0x00, 0x00, 0x16, 0xED,
    0xFC, 0x32, 0x00, 0x00, 0x40, 0xFF, 0xF4, 0x1F, 0x00, 0x00, 0x00, 0x00, 0xA9, 0xFF, 0x8F, 0x00,
    0x00, 0x00, 0x00, 0xA3, 0xFF, 0xB7, 0x00, 0x00, 0x00, 0x4D, 0xFF, 0xE3, 0x0C, 0x00, 0x00, 0x00,
    0x00, 0x16, 0xEF, 0xFF, 0x5C, 0x00, 0x0D, 0xE3, 0xFF, 0x4F, 0x00, 0x00, 0x00, 0x00, 0x00, 0x00,
    0x68, 0xFF, 0xEC, 0x15, 0x96, 0xFF, 0xAF, 0x00, 0x00, 0x00, 0x00, 0x00, 0x00, 0x00, 0x02, 0xC8,
    0xFF, 0xA5, 0x73, 0xFF, 0xE0, 0x07, 0x00, 0x00, 0x00, 0x00, 0x00, 0x00, 0x00, 0xB5, 0xFF, 0x9D,
    0x07, 0xE0, 0xFF, 0x70, 0x00, 0x00, 0x00, 0x00, 0x00, 0x00, 0x3D, 0xFF, 0xF6, 0x1B, 0x00, 0x5C,
    0xFF, 0xEA, 0x0D, 0x00, 0x00, 0x00, 0x00, 0x00, 0xC5, 0xFF, 0x85, 0x00, 0x00, 0x01, 0xCE, 0xFF,
    0x81, 0x00, 0x00, 0x00, 0x00, 0x4F, 0xFF, 0xEA, 0x0E, 0x00, 0x00, 0x00, 0x44, 0xFF, 0xF3, 0x15,
    0x00, 0x00, 0x02, 0xD4, 0xFF, 0x6C, 0x00, 0x00, 0x00, 0x00, 0x00, 0xB9, 0xFF, 0x91, 0x00, 0x00,
    0x61, 0xFF, 0xDB, 0x05, 0x00, 0x00, 0x00, 0x00, 0x00, 0x30, 0xFE, 0xF9, 0x20, 0x07, 0xE1, 0xFF,
    0x53, 0x00, 0x00, 0x00, 0x00, 0x00, 0x00, 0x00, 0xA3, 0xFF, 0xA2, 0x72, 0xFF, 0xC6, 0x00, 0x00,
    0x00, 0x00, 0x00, 0x00, 0x00, 0x00, 0x1E, 0xF8, 0xFD, 0xF0, 0xFF, 0x3B, 0x00, 0x00, 0x00, 0x00,
    0x00, 0x00, 0x00, 0x00, 0x00, 0x8C, 0xFF, 0xFF, 0xAE, 0x00, 0x00, 0x00, 0x00, 0x00, 0x00, 0x00,
    0x00, 0x00, 0x00, 0x11, 0xFF, 0xFF, 0x3B, 0x00, 0x00, 0x00, 0x00, 0x00, 0x00, 0x00, 0x00, 0x00,
    0x00, 0x00, 0xFF, 0xFF, 0x30, 0x00, 0x00, 0x00, 0x00, 0x00, 0x00, 0x00, 0x00, 0x00, 0x00, 0x00,
    0xFF, 0xFF, 0x30, 0x00, 0x00, 0x00, 0x00, 0x00, 0x00, 0x00, 0x00, 0x00, 0x00, 0x00, 0xFF, 0xFF,
    0x30, 0x00, 0x00, 0x00, 0x00, 0x00, 0x00, 0x00, 0x00, 0x00, 0x00, 0x00, 0xFF, 0xFF, 0x30, 0x00,
    0x00, 0x00, 0x00, 0x00, 0x00, 0x00, 0x00, 0x00, 0x00, 0x00, 0xFF, 0xFF, 0x30, 0x00, 0x00, 0x00,
    0x00, 0x00, 0x00, 0x00, 0x00, 0x00, 0x00, 0x00, 0xFF, 0xFF, 0x30, 0x00, 0x00, 0x00, 0x00, 0x00,
    0x00, 0xFF, 0xFF, 0xFF, 0xFF, 0xFF, 0xFF, 0xFF, 0xFF, 0xFF, 0xFF, 0xFF, 0x00, 0x00, 0x00, 0xBC,
    0xBC, 0xBC, 0xBC, 0xBC, 0xBC, 0xBC, 0xBC, 0xE5, 0xFF, 0xE9, 0x00, 0x00, 0x00, 0x00, 0x00, 0x00,
    0x00, 0x00, 0x00, 0x00, 0x13, 0xEC, 0xFF, 0x58, 0x00, 0x00, 0x00, 0x00, 0x00, 0x00, 0x00, 0x00,
    0x00, 0x00, 0x9E, 0xFF, 0xB6, 0x00, 0x00, 0x00, 0x00, 0x00, 0x00, 0x00, 0x00, 0x00, 0x00, 0x3C,
    0xFE, 0xF4, 0x1F, 0x00, 0x00, 0x00, 0x00, 0x00, 0x00, 0x00, 0x00, 0x00, 0x04, 0xD3, 0xFF, 0x71,
    0x00, 0x00, 0x00, 0x00, 0x00, 0x00, 0x00, 0x00, 0x00, 0x00, 0x75, 0xFF, 0xCB, 0x03, 0x00, 0x00,
    0x00, 0x00, 0x00, 0x00, 0x00, 0x00, 0x00, 0x1D, 0xF4, 0xFB, 0x30, 0x00, 0x00, 0x00, 0x00, 0x00,
    0x00, 0x00, 0x00, 0x00, 0x00, 0xAF, 0xFF, 0x8A, 0x00, 0x00, 0x00, 0x00, 0x00, 0x00, 0x00, 0x00,
    0x00, 0x00, 0x4C, 0xFF, 0xDD, 0x0A, 0x00, 0x00, 0x00, 0x00, 0x00, 0x00, 0x00, 0x00, 0x00, 0x09,
    0xDF, 0xFF, 0x45, 0x00, 0x00, 0x00, 0x00, 0x00, 0x00, 0x00, 0x00, 0x00, 0x00, 0x87, 0xFF, 0xA3,
    0x00, 0x00, 0x00, 0x00, 0x00, 0x00, 0x00, 0x00, 0x00, 0x00, 0x29, 0xFA, 0xEC, 0x14, 0x00, 0x00,
    0x00, 0x00, 0x00, 0x00, 0x00, 0x00, 0x00, 0x00, 0xC0, 0xFF, 0x5E, 0x00, 0x00, 0x00, 0x00, 0x00,
    0x00, 0x00, 0x00, 0x00, 0x00, 0x5E, 0xFF, 0xBB, 0x00, 0x00, 0x00, 0x00, 0x00, 0x00, 0x00, 0x00,
    0x00, 0x00, 0x00, 0xE9, 0xFF, 0xD2, 0xBC, 0xBC, 0xBC, 0xBC, 0xBC, 0xBC, 0xBC, 0xBC, 0xBC, 0x00,
    0x00, 0xFF, 0xFF, 0xFF, 0xFF, 0xFF, 0xFF, 0xFF, 0xFF, 0xFF, 0xFF, 0xFF, 0xFF, 0x00, 0x00, 0x00,
    0xFF, 0xFF, 0xFF, 0xFF, 0xFF, 0x80, 0x00, 0x00, 0xFF, 0xFF, 0xC8, 0xBC, 0xBC, 0x5E, 0x00, 0x00,
    0xFF, 0xFF, 0x30, 0x00, 0x00, 0x00, 0x00, 0x00, 0xFF, 0xFF, 0x30, 0x00, 0x00, 0x00, 0x00, 0x00,
    0xFF, 0xFF, 0x30, 0x00, 0x00, 0x00, 0x00, 0x00, 0xFF, 0xFF, 0x30, 0x00, 0x00, 0x00, 0x00, 0x00,
    0xFF, 0xFF, 0x30, 0x00, 0x00, 0x00, 0x00, 0x00, 0xFF, 0xFF, 0x30, 0x00, 0x00, 0x00, 0x00, 0x00,
    0xFF, 0xFF, 0x30, 0x00, 0x00, 0x00, 0x00, 0x00, 0xFF, 0xFF, 0x30, 0x00, 0x00, 0x00, 0x00, 0x00,
    0xFF, 0xFF, 0x30, 0x00, 0x00, 0x00, 0x00, 0x00, 0xFF, 0xFF, 0x30, 0x00, 0x00, 0x00, 0x00, 0x00,
    0xFF, 0xFF, 0x30, 0x00, 0x00, 0x00, 0x00, 0x00, 0xFF, 0xFF, 0x30, 0x00, 0x00, 0x00, 0x00, 0x00,
    0xFF, 0xFF, 0x30, 0x00, 0x00, 0x00, 0x00, 0x00, 0xFF, 0xFF, 0x30, 0x00, 0x00, 0x00, 0x00, 0x00,
    0xFF, 0xFF, 0x30, 0x00, 0x00, 0x00, 0x00, 0x00, 0xFF, 0xFF, 0x30, 0x00, 0x00, 0x00, 0x00, 0x00,
    0xFF, 0xFF, 0x30, 0x00, 0x00, 0x00, 0x00, 0x00, 0xFF, 0xFF, 0xFF, 0xFF, 0xFF, 0x80, 0x00, 0x00,
    0xBC, 0xBC, 0xBC, 0xBC, 0xBC, 0x5E, 0x94, 0xFF, 0x7B, 0x00, 0x00, 0x00, 0x00, 0x00, 0x00, 0x34,
    0xFF, 0xDB, 0x00, 0x00, 0x00, 0x00, 0x00, 0x00, 0x00, 0xD3, 0xFF, 0x3D, 0x00, 0x00, 0x00, 0x00,
    0x00, 0x00, 0x74, 0xFF, 0x9E, 0x00, 0x00, 0x00, 0x00, 0x00, 0x00, 0x17, 0xFB, 0xF3, 0x0B, 0x00,
    0x00, 0x00, 0x00, 0x00, 0x00, 0xB3, 0xFF, 0x5F, 0x00, 0x00, 0x00, 0x00, 0x00, 0x00, 0x53, 0xFF,
    0xC0, 0x00, 0x00, 0x00, 0x00, 0x00, 0x00, 0x06, 0xEC, 0xFE, 0x22, 0x00, 0x00, 0x00, 0x00, 0x00,
    0x00, 0x92, 0xFF, 0x81, 0x00, 0x00, 0x00, 0x00, 0x00, 0x00, 0x32, 0xFF, 0xE0, 0x01, 0x00, 0x00,
    0x00, 0x00, 0x00, 0x00, 0xD1, 0xFF, 0x43, 0x00, 0x00, 0x00, 0x00, 0x00, 0x00, 0x72, 0xFF, 0xA3,
    0x00, 0x00, 0x00, 0x00, 0x00, 0x00, 0x16, 0xFB, 0xF6, 0x0E, 0x00, 0x00, 0x00, 0x00, 0x00, 0x00,
    0xB1, 0xFF, 0x65, 0x00, 0x00, 0x00, 0x00, 0x00, 0x00, 0x51, 0xFF, 0xC5, 0x00, 0x00, 0x00, 0x00,
    0x00, 0x00, 0x05, 0xEB, 0xFF, 0x27, 0x00, 0x00, 0x00, 0x00, 0x00, 0x00, 0x90, 0xFF, 0x87, 0x80,
    0xFF, 0xFF, 0xFF, 0xFF, 0xFF, 0x30, 0x00, 0x5E, 0xBC, 0xBC, 0xBC, 0xFF, 0xFF, 0x30, 0x00, 0x00,
    0x00, 0x00, 0x00, 0xFF, 0xFF, 0x30, 0x00, 0x00, 0x00, 0x00, 0x00, 0xFF, 0xFF, 0x30, 0x00, 0x00,
    0x00, 0x00, 0x00, 0xFF, 0xFF, 0x30, 0x00, 0x00, 0x00, 0x00, 0x00, 0xFF, 0xFF, 0x30, 0x00, 0x00,
    0x00, 0x00, 0x00, 0xFF, 0xFF, 0x30, 0x00, 0x00, 0x00, 0x00, 0x00, 0xFF, 0xFF, 0x30, 0x00, 0x00,
    0x00, 0x00, 0x00, 0xFF, 0xFF, 0x30, 0x00, 0x00, 0x00, 0x00, 0x00, 0xFF, 0xFF, 0x30, 0x00, 0x00,
    0x00, 0x00, 0x00, 0xFF, 0xFF, 0x30, 0x00, 0x00, 0x00, 0x00, 0x00, 0xFF, 0xFF, 0x30, 0x00, 0x00,
    0x00, 0x00, 0x00, 0xFF, 0xFF, 0x30, 0x00, 0x00, 0x00, 0x00, 0x00, 0xFF, 0xFF, 0x30, 0x00, 0x00,
    0x00, 0x00, 0x00, 0xFF, 0xFF, 0x30, 0x00, 0x00, 0x00, 0x00, 0x00, 0xFF, 0xFF, 0x30, 0x00, 0x00,
    0x00, 0x00, 0x00, 0xFF, 0xFF, 0x30, 0x00, 0x00, 0x00, 0x00, 0x00, 0xFF, 0xFF, 0x30, 0x00, 0x00,
    0x00, 0x00, 0x00, 0xFF, 0xFF, 0x30, 0x00, 0x80, 0xFF, 0xFF, 0xFF, 0xFF, 0xFF, 0x30, 0x00, 0x5E,
    0xBC, 0xBC, 0xBC, 0xBC, 0xBC, 0x23, 0x00, 0x00, 0x00, 0x00, 0x00, 0x00, 0x3B, 0xFF, 0x74, 0x00,
    0x00, 0x00, 0x00, 0x00, 0x00, 0x00, 0x00, 0x00, 0x00, 0x00, 0xB2, 0xFF, 0xEB, 0x0C, 0x00, 0x00,
    0x00, 0x00, 0x00, 0x00, 0x00, 0x00, 0x00, 0x29, 0xFE, 0xBF, 0xFF, 0x7A, 0x00, 0x00, 0x00, 0x00,
    0x00, 0x00, 0x00, 0x00, 0x00, 0x9F, 0xFA, 0x1A, 0xC4, 0xED, 0x0E, 0x00, 0x00, 0x00, 0x00, 0x00,
    0x00, 0x00, 0x1B, 0xFA, 0xA3, 0x00, 0x46, 0xFF, 0x7F, 0x00, 0x00, 0x00, 0x00, 0x00, 0x00, 0x00,
    0x8C, 0xFF, 0x33, 0x00, 0x00, 0xC7, 0xF0, 0x11, 0x00, 0x00, 0x00, 0x00, 0x00, 0x10, 0xF2, 0xC2,
    0x00, 0x00, 0x00, 0x49, 0xFF, 0x84, 0x00, 0x00, 0x00, 0x00, 0x00, 0x79, 0xFF, 0x51, 0x00, 0x00,
    0x00, 0x00, 0xCA, 0xF2, 0x13, 0x00, 0x00, 0x00, 0x07, 0xE7, 0xDE, 0x02, 0x00, 0x00, 0x00, 0x00,
    0x4C, 0xFF, 0x89, 0x00, 0x00, 0x00, 0x66, 0xFF, 0x70, 0x00, 0x00, 0x00, 0x00, 0x00, 0x00, 0xCD,
    0xF4, 0x16, 0x00, 0x02, 0xDA, 0xF2, 0x0E, 0x00, 0x00, 0x00, 0x00, 0x00, 0x00, 0x4F, 0xFF, 0x8E,
    0x00, 0x00, 0x00, 0x00, 0x00, 0x00, 0x00, 0x00, 0x00, 0x00, 0x00, 0x00, 0x00, 0x00, 0x00, 0x00,
    0x00, 0x00, 0x00, 0x00, 0x00, 0x00, 0x00, 0x00, 0x00, 0x00, 0x00, 0x00, 0x00, 0x00, 0x00, 0x00,
    0x00, 0x00, 0x00, 0x00, 0x00, 0x00, 0x00, 0x00, 0x00, 0x00, 0x00, 0x00, 0x00, 0x00, 0x00, 0x00,
    0x00, 0x00, 0x00, 0x00, 0x00, 0x00, 0x00, 0x00, 0x00, 0x00, 0x00, 0x00, 0x00, 0x00, 0x00, 0x00,
    0x00, 0x00, 0x00, 0x00, 0x00, 0x00, 0x00, 0x00, 0x00, 0x00, 0x00, 0x00, 0x00, 0x00, 0x00, 0x00,
    0x00, 0x00, 0x00, 0x00, 0x00, 0x00, 0x00, 0x00, 0x00, 0x00, 0x00, 0x00, 0x00, 0x00, 0x00, 0x00,
    0x00, 0x00, 0x00, 0x00, 0x00, 0x00, 0x00, 0x00, 0x00, 0x00, 0x00, 0xBC, 0xBC, 0xBC, 0xBC, 0xBC,
    0xBC, 0xBC, 0xBC, 0xBC, 0xBC, 0xBC, 0xFF, 0xFF, 0xFF, 0xFF, 0xFF, 0xFF, 0xFF, 0xFF, 0xFF, 0xFF,
    0xFF, 0x03, 0xD5, 0xFF, 0xBE, 0x00, 0x00, 0x00, 0x00, 0x29, 0xEF, 0xFF, 0x4C, 0x00, 0x00, 0x00,
    0x00, 0x3D, 0xF5, 0xDF, 0x0C, 0x00, 0x00, 0x00, 0x00, 0x3E, 0xEF, 0x99, 0x00, 0x00, 0x00, 0x00,
    0x00, 0x00, 0x00, 0x00, 0x00, 0x00, 0x00, 0x00, 0x00, 0x00, 0x00, 0x00, 0x00, 0x00, 0x00, 0x00,
    0x00, 0x00, 0x00, 0x00, 0x00, 0x00, 0x00, 0x00, 0x00, 0x00, 0x00, 0x00, 0x00, 0x00, 0x00, 0x00,
    0x00, 0x00, 0x00, 0x00, 0x00, 0x00, 0x00, 0x00, 0x00, 0x00, 0x00, 0x00, 0x00, 0x00, 0x00, 0x00,
    0x00, 0x00, 0x00, 0x00, 0x00, 0x00, 0x00, 0x00, 0x00, 0x00, 0x00, 0x00, 0x00, 0x00, 0x00, 0x00,
    0x00, 0x00, 0x00, 0x00, 0x00, 0x00, 0x00, 0x00, 0x00, 0x00, 0x00, 0x00, 0x00, 0x00, 0x00, 0x00,
    0x00, 0x00, 0x00, 0x00, 0x00, 0x00, 0x00, 0x00, 0x00, 0x00, 0x00, 0x00, 0x00, 0x00, 0x00, 0x00,
    0x00, 0x06, 0x5C, 0xB1, 0xE5, 0xFA, 0xF2, 0xC5, 0x5C, 0x00, 0x00, 0x00, 0x00, 0x00, 0x67, 0xFF,
    0xFE, 0xD6, 0xC3, 0xE7, 0xFF, 0xFF, 0x72, 0x00, 0x00, 0x00, 0x00, 0x0E, 0x7D, 0x1C, 0x00, 0x00,
    0x04, 0x9D, 0xFF, 0xEC, 0x01, 0x00, 0x00, 0x00, 0x00, 0x00, 0x00, 0x00, 0x00, 0x00, 0x22, 0xFF,
    0xFF, 0x20, 0x00, 0x00, 0x00, 0x00, 0x00, 0x00, 0x00, 0x00, 0x00, 0x04, 0xFF, 0xFF, 0x2F, 0x00,
    0x00, 0x00, 0x00, 0x38, 0x80, 0xA7, 0xB7, 0xBC, 0xBC, 0xFF, 0xFF, 0x30, 0x00, 0x00, 0x0C, 0xB3,
    0xFF, 0xFF, 0xFF, 0xFF, 0xFF, 0xFF, 0xFF, 0xFF, 0x30, 0x00, 0x00, 0x94, 0xFF, 0xF5, 0x6B, 0x22,
    0x07, 0x00, 0x00, 0xFF, 0xFF, 0x30, 0x00, 0x00, 0xEA, 0xFF, 0x6B, 0x00, 0x00, 0x00, 0x00, 0x0B,
    0xFF, 0xFF, 0x30, 0x00, 0x00, 0xF7, 0xFF, 0x3C, 0x00, 0x00, 0x00, 0x00, 0x50, 0xFF, 0xFF, 0x30,
    0x00, 0x00, 0xCF, 0xFF, 0x98, 0x02, 0x00, 0x00, 0x49, 0xE7, 0xFE, 0xFF, 0x30, 0x00, 0x00, 0x59,
    0xFF, 0xFF, 0xE3, 0xC4, 0xE4, 0xFF, 0x81, 0xC2, 0xFF, 0x30, 0x00, 0x00, 0x00, 0x56, 0xCA, 0xF6,
    0xF7, 0xCD, 0x57, 0x00, 0x8B, 0xFF, 0x30, 0x00, 0x00, 0x00, 0xFF, 0xFF, 0x30, 0x00, 0x00, 0x00,
    0x00, 0x00, 0x00, 0x00, 0x00, 0x00, 0x00, 0x00, 0x00, 0xFF, 0xFF, 0x30, 0x00, 0x00, 0x00, 0x00,
    0x00, 0x00, 0x00, 0x00, 0x00, 0x00, 0x00, 0x00, 0xFF, 0xFF, 0x30, 0x00, 0x00, 0x00, 0x00, 0x00,
    0x00, 0x00, 0x00, 0x00, 0x00, 0x00, 0x00, 0xFF, 0xFF, 0x30, 0x00, 0x00, 0x00, 0x00, 0x00, 0x00,
    0x00, 0x00, 0x00, 0x00, 0x00, 0x00, 0xFF, 0xFF, 0x30, 0x00, 0x00, 0x00, 0x00, 0x00, 0x00, 0x00,
    0x00, 0x00, 0x00, 0x00, 0x00, 0xFF, 0xFF, 0x2F, 0x4C, 0xC1, 0xF0, 0xF5, 0xC9, 0x60, 0x01, 0x00,
    0x00, 0x00, 0x00, 0x00, 0xFF, 0xFF, 0x96, 0xFF, 0xE4, 0xC3, 0xD8, 0xFF, 0xFF, 0x9A, 0x00, 0x00,
    0x00, 0x00, 0x00, 0xFF, 0xFF, 0xFC, 0x60, 0x01, 0x00, 0x00, 0x49, 0xF7, 0xFF, 0x54, 0x00, 0x00,
    0x00, 0x00, 0xFF, 0xFF, 0xA4, 0x00, 0x00, 0x00, 0x00, 0x00, 0x89, 0xFF, 0xC1, 0x00, 0x00, 0x00,
    0x00, 0xFF, 0xFF, 0x5A, 0x00, 0x00, 0x00, 0x00, 0x00, 0x34, 0xFF, 0xF9, 0x06, 0x00, 0x00, 0x00,
    0xFF, 0xFF, 0x3C, 0x00, 0x00, 0x00, 0x00, 0x00, 0x0E, 0xFF, 0xFF, 0x20, 0x00, 0x00, 0x00, 0xFF,
    0xFF, 0x32, 0x00, 0x00, 0x00, 0x00, 0x00, 0x03, 0xFF, 0xFF, 0x2B, 0x00, 0x00, 0x00, 0xFF, 0xFF,
    0x3D, 0x00, 0x00, 0x00, 0x00, 0x00, 0x0F, 0xFF, 0xFF, 0x1A, 0x00, 0x00, 0x00, 0xFF, 0xFF, 0x61,
    0x00, 0x00, 0x00, 0x00, 0x00, 0x38, 0xFF, 0xF8, 0x05, 0x00, 0x00, 0x00, 0xFF, 0xFF, 0xAF, 0x00,
    0x00, 0x00, 0x00, 0x00, 0x8F, 0xFF, 0xB8, 0x00, 0x00, 0x00, 0x00, 0xFF, 0xFF, 0xFE, 0x64, 0x00,
    0x00, 0x00, 0x4E, 0xFA, 0xFF, 0x4D, 0x00, 0x00, 0x00, 0x00, 0xFF, 0xF4, 0x7D, 0xFF, 0xE4, 0xC1,
    0xD7, 0xFF, 0xFF, 0x99, 0x00, 0x00, 0x00, 0x00, 0x00, 0xFF, 0xBB, 0x00, 0x51, 0xC4, 0xF2, 0xF2,
    0xC8, 0x60, 0x00, 0x00, 0x00, 0x00, 0x00, 0x00, 0x00, 0x1B, 0x89, 0xD6, 0xF4, 0xF0, 0xD5, 0x9B,
    0x0F, 0x00, 0x00, 0x3D, 0xEC, 0xFF, 0xF0, 0xC8, 0xD2, 0xF6, 0xE2, 0x02, 0x00, 0x14, 0xE7, 0xFF,
    0x92, 0x0A, 0x00, 0x00, 0x09, 0x28, 0x00, 0x00, 0x76, 0xFF, 0xCA, 0x00, 0x00, 0x00, 0x00, 0x00,
    0x00, 0x00, 0x00, 0xC7, 0xFF, 0x6D, 0x00, 0x00, 0x00, 0x00, 0x00, 0x00, 0x00, 0x00, 0xE7, 0xFF,
    0x41, 0x00, 0x00, 0x00, 0x00, 0x00, 0x00, 0x00, 0x00, 0xFA, 0xFF, 0x34, 0x00, 0x00, 0x00, 0x00,
    0x00, 0x00, 0x00, 0x00, 0xEA, 0xFF, 0x41, 0x00, 0x00, 0x00, 0x00, 0x00, 0x00, 0x00, 0x00, 0xCE,
    0xFF, 0x6D, 0x00, 0x00, 0x00, 0x00, 0x00, 0x00, 0x00, 0x00, 0x84, 0xFF, 0xC8, 0x00, 0x00, 0x00,
    0x00, 0x00, 0x00, 0x00, 0x00, 0x1F, 0xF1, 0xFF, 0x8D, 0x08, 0x00, 0x00, 0x03, 0x48, 0x00, 0x00,
    0x00, 0x4F, 0xF5, 0xFF, 0xEE, 0xC5, 0xD1, 0xF0, 0xFF, 0x00, 0x00, 0x00, 0x00, 0x27, 0x97, 0xDC,
    0xF8, 0xF7, 0xD4, 0x85, 0x00, 0x00, 0x00, 0x00, 0x00, 0x00, 0x00, 0x00, 0x00, 0x00, 0x00, 0xFF,
    0xFF, 0x30, 0x00, 0x00, 0x00, 0x00, 0x00, 0x00, 0x00, 0x00, 0x00, 0x00, 0x00, 0xFF, 0xFF, 0x30,
    0x00, 0x00, 0x00, 0x00, 0x00, 0x00, 0x00, 0x00, 0x00, 0x00, 0x00, 0xFF, 0xFF, 0x30, 0x00, 0x00,
    0x00, 0x00, 0x00, 0x00, 0x00, 0x00, 0x00, 0x00, 0x00, 0xFF, 0xFF, 0x30, 0x00, 0x00, 0x00, 0x00,
    0x00, 0x00, 0x00, 0x00, 0x00, 0x00, 0x00, 0xFF, 0xFF, 0x30, 0x00, 0x00, 0x00, 0x00, 0x43, 0xBA,
    0xF0, 0xF1, 0xCA, 0x64, 0x03, 0xF7, 0xFF, 0x30, 0x00, 0x00, 0x00, 0x69, 0xFE, 0xFF, 0xE3, 0xC2,
    0xDD, 0xFF, 0xA2, 0xE8, 0xFF, 0x30, 0x00, 0x00, 0x28, 0xFA, 0xFF, 0x7E, 0x01, 0x00, 0x00, 0x47,
    0xF6, 0xFF, 0xFF, 0x30, 0x00, 0x00, 0x90, 0xFF, 0xD1, 0x00, 0x00, 0x00, 0x00, 0x00, 0x87, 0xFF,
    0xFF, 0x30, 0x00, 0x00, 0xD0, 0xFF, 0x72, 0x00, 0x00, 0x00, 0x00, 0x00, 0x35, 0xFF, 0xFF, 0x30,
    0x00, 0x00, 0xF1, 0xFF, 0x4B, 0x00, 0x00, 0x00, 0x00, 0x00, 0x0F, 0xFF, 0xFF, 0x30, 0x00, 0x00,
    0xFC, 0xFF, 0x35, 0x00, 0x00, 0x00, 0x00, 0x00, 0x02, 0xFF, 0xFF, 0x30, 0x00, 0x00, 0xF2, 0xFF,
    0x3D, 0x00, 0x00, 0x00, 0x00, 0x00, 0x07, 0xFF, 0xFF, 0x30, 0x00, 0x00, 0xD2, 0xFF, 0x65, 0x00,
    0x00, 0x00, 0x00, 0x00, 0x26, 0xFF, 0xFF, 0x30, 0x00, 0x00, 0x96, 0xFF, 0xBA, 0x00, 0x00, 0x00,
    0x00, 0x00, 0x72, 0xFF, 0xFF, 0x30, 0x00, 0x00, 0x2F, 0xFC, 0xFF, 0x71, 0x00, 0x00, 0x00, 0x3A,
    0xEE, 0xFF, 0xFF, 0x30, 0x00, 0x00, 0x00, 0x76, 0xFF, 0xFF, 0xE1, 0xC1, 0xD9, 0xFF, 0x98, 0xD6,
    0xFF, 0x30, 0x00, 0x00, 0x00, 0x00, 0x4B, 0xBF, 0xF2, 0xF1, 0xCA, 0x61, 0x02, 0xAA, 0xFF, 0x30,
    0x00, 0x00, 0x00, 0x00, 0x1A, 0x8B, 0xD9, 0xF6, 0xE8, 0xB6, 0x48, 0x00, 0x00, 0x00, 0x00, 0x00,
    0x33, 0xE8, 0xFF, 0xED, 0xC7, 0xD7, 0xFF, 0xFF, 0x80, 0x00, 0x00, 0x00, 0x0B, 0xDF, 0xFF, 0x7B,
    0x04, 0x00, 0x00, 0x3E, 0xF1, 0xFE, 0x40, 0x00, 0x00, 0x6F, 0xFF, 0xAE, 0x00, 0x00, 0x00, 0x00,
    0x00, 0x7A, 0xFF, 0xAC, 0x00, 0x00, 0xC0, 0xFF, 0x58, 0x00, 0x00, 0x00, 0x00, 0x00, 0x3C, 0xFF,
    0xE4, 0x00, 0x00, 0xE6, 0xFF, 0xFF, 0xFF, 0xFF, 0xFF, 0xFF, 0xFF, 0xFF, 0xFF, 0xFC, 0x00, 0x00,
    0xF9, 0xFF, 0xC9, 0xBC, 0xBC, 0xBC, 0xBC, 0xBC, 0xBC, 0xBC, 0xBC, 0x00, 0x00, 0xE9, 0xFF, 0x3D,
    0x00, 0x00, 0x00, 0x00, 0x00, 0x00, 0x00, 0x00, 0x00, 0x00, 0xC6, 0xFF, 0x6D, 0x00, 0x00, 0x00,
    0x00, 0x00, 0x00, 0x00, 0x00, 0x00, 0x00, 0x72, 0xFF, 0xD4, 0x05, 0x00, 0x00, 0x00, 0x00, 0x00,
    0x00, 0x00, 0x00, 0x00, 0x10, 0xE0, 0xFF, 0xAF, 0x17, 0x00, 0x00, 0x00, 0x08, 0x53, 0x3D, 0x00,
    0x00, 0x00, 0x31, 0xE1, 0xFF, 0xFB, 0xCE, 0xBF, 0xD0, 0xF7, 0xFF, 0x6C, 0x00, 0x00, 0x00, 0x00,
    0x10, 0x79, 0xCB, 0xED, 0xFC, 0xEE, 0xC5, 0x7A, 0x1B, 0x00, 0x00, 0x00, 0x00, 0x00, 0x32, 0xAB,
    0xE7, 0xFA, 0xEA, 0xC2, 0x22, 0x00, 0x00, 0x00, 0x3A, 0xF9, 0xFF, 0xEB, 0xC4, 0xD3, 0xE6, 0x05,
    0x00, 0x00, 0x00, 0xB8, 0xFF, 0xB8, 0x09, 0x00, 0x00, 0x01, 0x00, 0x00, 0x00, 0x00, 0xED, 0xFF,
    0x4A, 0x00, 0x00, 0x00, 0x00, 0x00, 0x00, 0x00, 0x01, 0xFF, 0xFF, 0x31, 0x00, 0x00, 0x00, 0x00,
    0x00, 0x00, 0x7F, 0xDE, 0xFF, 0xFF, 0xFF, 0xFF, 0xFF, 0xFF, 0x00, 0x00, 0x00, 0xBC, 0xBC, 0xFF,
    0xFF, 0xC8, 0xBC, 0xBC, 0xBC, 0x00, 0x00, 0x00, 0x00, 0x00, 0xFF, 0xFF, 0x30, 0x00, 0x00, 0x00,
    0x00, 0x00, 0x00, 0x00, 0x00, 0xFF, 0xFF, 0x30, 0x00, 0x00, 0x00, 0x00, 0x00, 0x00, 0x00, 0x00,
    0xFF, 0xFF, 0x30, 0x00, 0x00, 0x00, 0x00, 0x00, 0x00, 0x00, 0x00, 0xFF, 0xFF, 0x30, 0x00, 0x00,
    0x00, 0x00, 0x00, 0x00, 0x00, 0x00, 0xFF, 0xFF, 0x30, 0x00, 0x00, 0x00, 0x00, 0x00, 0x00, 0x00,
    0x00, 0xFF, 0xFF, 0x30, 0x00, 0x00, 0x00, 0x00, 0x00, 0x00, 0x00, 0x00, 0xFF, 0xFF, 0x30, 0x00,
    0x00, 0x00, 0x00, 0x00, 0x00, 0x00, 0x00, 0xFF, 0xFF, 0x30, 0x00, 0x00, 0x00, 0x00, 0x00, 0x00,
    0x00, 0x00, 0xFF, 0xFF, 0x30, 0x00, 0x00, 0x00, 0x00, 0x00, 0x00, 0x00, 0x00, 0xFF, 0xFF, 0x30,
    0x00, 0x00, 0x00, 0x00, 0x00, 0x00, 0x00, 0x00, 0xFF, 0xFF, 0x30, 0x00, 0x00, 0x00, 0x00, 0x00,
    0x00, 0x00, 0x00, 0x42, 0xBB, 0xF0, 0xF4, 0xCB, 0x64, 0x01, 0xAD, 0xFF, 0x30, 0x00, 0x00, 0x00,
    0x61, 0xFE, 0xFF, 0xE5, 0xC4, 0xE1, 0xFF, 0x9F, 0xD7, 0xFF, 0x30, 0x00, 0x00, 0x20, 0xF6, 0xFF,
    0x82, 0x03, 0x00, 0x00, 0x53, 0xF7, 0xFF, 0xFF, 0x30, 0x00, 0x00, 0x87, 0xFF, 0xC6, 0x00, 0x00,
    0x00, 0x00, 0x00, 0x88, 0xFF, 0xFF, 0x30, 0x00, 0x00, 0xCC, 0xFF, 0x6C, 0x00, 0x00, 0x00, 0x00,
    0x00, 0x35, 0xFF, 0xFF, 0x30, 0x00, 0x00, 0xF1, 0xFF, 0x41, 0x00, 0x00, 0x00, 0x00, 0x00, 0x11,
    0xFF, 0xFF, 0x30, 0x00, 0x00, 0xFC, 0xFF, 0x33, 0x00, 0x00, 0x00, 0x00, 0x00, 0x02, 0xFF, 0xFF,
    0x30, 0x00, 0x00, 0xF2, 0xFF, 0x3D, 0x00, 0x00, 0x00, 0x00, 0x00, 0x07, 0xFF, 0xFF, 0x30, 0x00,
    0x00, 0xD0, 0xFF, 0x66, 0x00, 0x00, 0x00, 0x00, 0x00, 0x24, 0xFF, 0xFF, 0x30, 0x00, 0x00, 0x90,
    0xFF, 0xBC, 0x00, 0x00, 0x00, 0x00, 0x00, 0x72, 0xFF, 0xFF, 0x30, 0x00, 0x00, 0x29, 0xFB, 0xFF,
    0x76, 0x01, 0x00, 0x00, 0x3C, 0xEF, 0xFF, 0xFF, 0x30, 0x00, 0x00, 0x00, 0x70, 0xFF, 0xFF, 0xE2,
    0xC0, 0xD8, 0xFF, 0x95, 0xFC, 0xFF, 0x30, 0x00, 0x00, 0x00, 0x00, 0x4A, 0xBE, 0xF2, 0xF6, 0xCE,
    0x67, 0x01, 0xFF, 0xFF, 0x30, 0x00, 0x00, 0x00, 0x00, 0x00, 0x00, 0x00, 0x00, 0x00, 0x00, 0x08,
    0xFF, 0xFF, 0x2A, 0x00, 0x00, 0x00, 0x00, 0x00, 0x00, 0x00, 0x00, 0x00, 0x00, 0x29, 0xFF, 0xFF,
    0x14, 0x00, 0x00, 0x00, 0x00, 0x00, 0x00, 0x00, 0x00, 0x00, 0x00, 0x84, 0xFF, 0xE1, 0x00, 0x00,
    0x00, 0x00, 0x9D, 0x37, 0x01, 0x00, 0x00, 0x00, 0x4B, 0xF6, 0xFF, 0x81, 0x00, 0x00, 0x00, 0x00,
    0xFC, 0xFF, 0xF2, 0xCC, 0xC0, 0xDA, 0xFF, 0xFF, 0xC2, 0x07, 0x00, 0x00, 0x00, 0x00, 0x54, 0xA2,
    0xD5, 0xEA, 0xFA, 0xEA, 0xC3, 0x6B, 0x04, 0x00, 0x00, 0x00, 0x00, 0x00, 0xFF, 0xFF, 0x30, 0x00,
    0x00, 0x00, 0x00, 0x00, 0x00, 0x00, 0x00, 0x00, 0x00, 0x00, 0x00, 0xFF, 0xFF, 0x30, 0x00, 0x00,
    0x00, 0x00, 0x00, 0x00, 0x00, 0x00, 0x00, 0x00, 0x00, 0x00, 0xFF, 0xFF, 0x30, 0x00, 0x00, 0x00,
    0x00, 0x00, 0x00, 0x00, 0x00, 0x00, 0x00, 0x00, 0x00, 0xFF, 0xFF, 0x30, 0x00, 0x00, 0x00, 0x00,
    0x00, 0x00, 0x00, 0x00, 0x00, 0x00, 0x00, 0x00, 0xFF, 0xFF, 0x30, 0x00, 0x00, 0x00, 0x00, 0x00,
    0x00, 0x00, 0x00, 0x00, 0x00, 0x00, 0x00, 0xFF, 0xFF, 0x2B, 0x39, 0xAC, 0xE3, 0xF8, 0xE2, 0xA0,
    0x23, 0x00, 0x00, 0x00, 0x00, 0x00, 0xFF, 0xFF, 0x77, 0xFD, 0xEE, 0xC8, 0xD2, 0xF9, 0xFF, 0xF0,
    0x23, 0x00, 0x00, 0x00, 0x00, 0xFF, 0xFF, 0xFF, 0x7C, 0x06, 0x00, 0x00, 0x24, 0xDF, 0xFF, 0xA0,
    0x00, 0x00, 0x00, 0x00, 0xFF, 0xFF, 0xB6, 0x00, 0x00, 0x00, 0x00, 0x00, 0x67, 0xFF, 0xE3, 0x00,
    0x00, 0x00, 0x00, 0xFF, 0xFF, 0x62, 0x00, 0x00, 0x00, 0x00, 0x00, 0x3B, 0xFF, 0xFA, 0x00, 0x00,
    0x00, 0x00, 0xFF, 0xFF, 0x3E, 0x00, 0x00, 0x00, 0x00, 0x00, 0x30, 0xFF, 0xFF, 0x00, 0x00, 0x00,
    0x00, 0xFF, 0xFF, 0x31, 0x00, 0x00, 0x00, 0x00, 0x00, 0x30, 0xFF, 0xFF, 0x00, 0x00, 0x00, 0x00,
    0xFF, 0xFF, 0x30, 0x00, 0x00, 0x00, 0x00, 0x00, 0x30, 0xFF, 0xFF, 0x00, 0x00, 0x00, 0x00, 0xFF,
    0xFF, 0x30, 0x00, 0x00, 0x00, 0x00, 0x00, 0x30, 0xFF, 0xFF, 0x00, 0x00, 0x00, 0x00, 0xFF, 0xFF,
    0x30, 0x00, 0x00, 0x00, 0x00, 0x00, 0x30, 0xFF, 0xFF, 0x00, 0x00, 0x00, 0x00, 0xFF, 0xFF, 0x30,
    0x00, 0x00, 0x00, 0x00, 0x00, 0x30, 0xFF, 0xFF, 0x00, 0x00, 0x00, 0x00, 0xFF, 0xFF, 0x30, 0x00,
    0x00, 0x00, 0x00, 0x00, 0x30, 0xFF, 0xFF, 0x00, 0x00, 0x00, 0x00, 0xFF, 0xFF, 0x30, 0x00, 0x00,
    0x00, 0x00, 0x00, 0x30, 0xFF, 0xFF, 0x00, 0x00, 0x00, 0x00, 0xB0, 0xD3, 0x08, 0x00, 0x00, 0x00,
    0xF8, 0xFF, 0x26, 0x00, 0x00, 0x00, 0x8A, 0xAB, 0x03, 0x00, 0x00, 0x00, 0x00, 0x00, 0x00, 0x00,
    0x00, 0x00, 0x00, 0x00, 0x00, 0x00, 0x00, 0x00, 0xFF, 0xFF, 0x30, 0x00, 0x00, 0x00, 0xFF, 0xFF,
    0x30, 0x00, 0x00, 0x00, 0xFF, 0xFF, 0x30, 0x00, 0x00, 0x00, 0xFF, 0xFF, 0x30, 0x00, 0x00, 0x00,
    0xFF, 0xFF, 0x30, 0x00, 0x00, 0x00, 0xFF, 0xFF, 0x30, 0x00, 0x00, 0x00, 0xFF, 0xFF, 0x30, 0x00,
    0x00, 0x00, 0xFF, 0xFF, 0x30, 0x00, 0x00, 0x00, 0xFF, 0xFF, 0x30, 0x00, 0x00, 0x00, 0xFF, 0xFF,
    0x30, 0x00, 0x00, 0x00, 0xFF, 0xFF, 0x30, 0x00, 0x00, 0x00, 0xFF, 0xFF, 0x30, 0x00, 0x00, 0x00,
    0xFF, 0xFF, 0x30, 0x00, 0x00, 0x00, 0x00, 0x00, 0xB0, 0xD3, 0x08, 0x00, 0x00, 0x00, 0x00, 0x00,
    0xF8, 0xFF, 0x26, 0x00, 0x00, 0x00, 0x00, 0x00, 0x8A, 0xAB, 0x03, 0x00, 0x00, 0x00, 0x00, 0x00,
    0x00, 0x00, 0x00, 0x00, 0x00, 0x00, 0x00, 0x00, 0x00, 0x00, 0x00, 0x00, 0x00, 0x00, 0x00, 0x00,
    0xFF, 0xFF, 0x30, 0x00, 0x00, 0x00, 0x00, 0x00, 0xFF, 0xFF, 0x30, 0x00, 0x00, 0x00, 0x00, 0x00,
    0xFF, 0xFF, 0x30, 0x00, 0x00, 0x00, 0x00, 0x00, 0xFF, 0xFF, 0x30, 0x00, 0x00, 0x00, 0x00, 0x00,
    0xFF, 0xFF, 0x30, 0x00, 0x00, 0x00, 0x00, 0x00, 0xFF, 0xFF, 0x30, 0x00, 0x00, 0x00, 0x00, 0x00,
    0xFF, 0xFF, 0x30, 0x00, 0x00, 0x00, 0x00, 0x00, 0xFF, 0xFF, 0x30, 0x00, 0x00, 0x00, 0x00, 0x00,
    0xFF, 0xFF, 0x30, 0x00, 0x00, 0x00, 0x00, 0x00, 0xFF, 0xFF, 0x30, 0x00, 0x00, 0x00, 0x00, 0x00,
    0xFF, 0xFF, 0x30, 0x00, 0x00, 0x00, 0x00, 0x00, 0xFF, 0xFF, 0x30, 0x00, 0x00, 0x00, 0x00, 0x00,
    0xFF, 0xFF, 0x30, 0x00, 0x00, 0x00, 0x00, 0x00, 0xFF, 0xFF, 0x30, 0x00, 0x00, 0x00, 0x00, 0x00,
    0xFF, 0xFF, 0x30, 0x00, 0x00, 0x00, 0x00, 0x0A, 0xFF, 0xFF, 0x25, 0x00, 0x00, 0x00, 0x00, 0x57,
    0xFF, 0xF5, 0x08, 0x00, 0x76, 0xCB, 0xCA, 0xFD, 0xFF, 0x92, 0x00, 0x00, 0x64, 0xED, 0xFA, 0xDF,
    0x83, 0x05, 0x00, 0x00, 0x00, 0x00, 0xFF, 0xFF, 0x30, 0x00, 0x00, 0x00, 0x00, 0x00, 0x00, 0x00,
    0x00, 0x00, 0x00, 0xFF, 0xFF, 0x30, 0x00, 0x00, 0x00, 0x00, 0x00, 0x00, 0x00, 0x00, 0x00, 0x00,
    0xFF, 0xFF, 0x30, 0x00, 0x00, 0x00, 0x00, 0x00, 0x00, 0x00, 0x00, 0x00, 0x00, 0xFF, 0xFF, 0x30,
    0x00, 0x00, 0x00, 0x00, 0x00, 0x00, 0x00, 0x00, 0x00, 0x00, 0xFF, 0xFF, 0x30, 0x00, 0x00, 0x00,
    0x00, 0x00, 0x00, 0x00, 0x00, 0x00, 0x00, 0xFF, 0xFF, 0x30, 0x00, 0x00, 0x00, 0x00, 0x96, 0xFF,
    0xCF, 0x0F, 0x00, 0x00, 0xFF, 0xFF, 0x30, 0x00, 0x00, 0x00, 0x85, 0xFF, 0xD9, 0x16, 0x00, 0x00,
    0x00, 0xFF, 0xFF, 0x30, 0x00, 0x00, 0x72, 0xFF, 0xE1, 0x1D, 0x00, 0x00, 0x00, 0x00, 0xFF, 0xFF,
    0x30, 0x00, 0x61, 0xFE, 0xE9, 0x26, 0x00, 0x00, 0x00, 0x00, 0x00, 0xFF, 0xFF, 0x30, 0x4B, 0xFC,
    0xEF, 0x2F, 0x00, 0x00, 0x00, 0x00, 0x00, 0x00, 0xFF, 0xFF, 0x56, 0xF0, 0xFF, 0x5B, 0x00, 0x00,
    0x00, 0x00, 0x00, 0x00, 0x00, 0xFF, 0xFF, 0xEF, 0xFF, 0xFF, 0xD1, 0x08, 0x00, 0x00, 0x00, 0x00,
    0x00, 0x00, 0xFF, 0xFF, 0xDE, 0x36, 0xD7, 0xFF, 0x98, 0x00, 0x00, 0x00, 0x00, 0x00, 0x00, 0xFF,
    0xFF, 0x37, 0x00, 0x2E, 0xF7, 0xFF, 0x57, 0x00, 0x00, 0x00, 0x00, 0x00, 0xFF, 0xFF, 0x30, 0x00,
    0x00, 0x69, 0xFF, 0xF2, 0x24, 0x00, 0x00, 0x00, 0x00, 0xFF, 0xFF, 0x30, 0x00, 0x00, 0x00, 0xAB,
    0xFF, 0xCE, 0x07, 0x00, 0x00, 0x00, 0xFF, 0xFF, 0x30, 0x00, 0x00, 0x00, 0x10, 0xDF, 0xFF, 0x94,
    0x00, 0x00, 0x00, 0xFF, 0xFF, 0x30, 0x00, 0x00, 0x00, 0x00, 0x37, 0xFA, 0xFF, 0x54, 0x00, 0x00,
    0xFF, 0xFF, 0x30, 0x00, 0x00, 0x00, 0xFF, 0xFF, 0x30, 0x00, 0x00, 0x00, 0xFF, 0xFF, 0x30, 0x00,
    0x00, 0x00, 0xFF, 0xFF, 0x30, 0x00, 0x00, 0x00, 0xFF, 0xFF, 0x30, 0x00, 0x00, 0x00, 0xFF, 0xFF,
    0x30, 0x00, 0x00, 0x00, 0xFF, 0xFF, 0x30, 0x00, 0x00, 0x00, 0xFF, 0xFF, 0x30, 0x00, 0x00, 0x00,
    0xFF, 0xFF, 0x30, 0x00, 0x00, 0x00, 0xFF, 0xFF, 0x30, 0x00, 0x00, 0x00, 0xFF, 0xFF, 0x30, 0x00,
    0x00, 0x00, 0xFF, 0xFF, 0x30, 0x00, 0x00, 0x00, 0xFF, 0xFF, 0x30, 0x00, 0x00, 0x00, 0xFF, 0xFF,
    0x30, 0x00, 0x00, 0x00, 0xFF, 0xFF, 0x30, 0x00, 0x00, 0x00, 0xFF, 0xFF, 0x30, 0x00, 0x00, 0x00,
    0xFF, 0xFF, 0x30, 0x00, 0x00, 0x00, 0xFF, 0xFF, 0x30, 0x00, 0x00, 0x00, 0xFF, 0xD9, 0x00, 0x48,
    0xBF, 0xEF, 0xF1, 0xC6, 0x56, 0x00, 0x01, 0x62, 0xC7, 0xF3, 0xF5, 0xCA, 0x5A, 0x00, 0x00, 0x00,
    0x00, 0x00, 0xFF, 0xFC, 0x6D, 0xFF, 0xDF, 0xC3, 0xE8, 0xFF, 0xFF, 0x61, 0x9D, 0xFF, 0xDE, 0xC4,
    0xEA, 0xFF, 0xFF, 0x65, 0x00, 0x00, 0x00, 0x00, 0xFF, 0xFF, 0xFC, 0x5B, 0x00, 0x00, 0x04, 0xAC,
    0xFF, 0xFA, 0xFB, 0x52, 0x00, 0x00, 0x07, 0xB0, 0xFF, 0xE0, 0x00, 0x00, 0x00, 0x00, 0xFF, 0xFF,
    0xA4, 0x00, 0x00, 0x00, 0x00, 0x2C, 0xFF, 0xFF, 0xA6, 0x00, 0x00, 0x00, 0x00, 0x2F, 0xFF, 0xFF,
    0x18, 0x00, 0x00, 0x00, 0xFF, 0xFF, 0x5B, 0x00, 0x00, 0x00, 0x00, 0x06, 0xFF, 0xFF, 0x57, 0x00,
    0x00, 0x00, 0x00, 0x09, 0xFF, 0xFF, 0x2C, 0x00, 0x00, 0x00, 0xFF, 0xFF, 0x3B, 0x00, 0x00, 0x00,
    0x00, 0x00, 0xFF, 0xFF, 0x3B, 0x00, 0x00, 0x00, 0x00, 0x00, 0xFF, 0xFF, 0x30, 0x00, 0x00, 0x00,
    0xFF, 0xFF, 0x30, 0x00, 0x00, 0x00, 0x00, 0x00, 0xFF, 0xFF, 0x30, 0x00, 0x00, 0x00, 0x00, 0x00,
    0xFF, 0xFF, 0x30, 0x00, 0x00, 0x00, 0xFF, 0xFF, 0x30, 0x00, 0x00, 0x00, 0x00, 0x00, 0xFF, 0xFF,
    0x30, 0x00, 0x00, 0x00, 0x00, 0x00, 0xFF, 0xFF, 0x30, 0x00, 0x00, 0x00, 0xFF, 0xFF, 0x30, 0x00,
    0x00, 0x00, 0x00, 0x00, 0xFF, 0xFF, 0x30, 0x00, 0x00, 0x00, 0x00, 0x00, 0xFF, 0xFF, 0x30, 0x00,
    0x00, 0x00, 0xFF, 0xFF, 0x30, 0x00, 0x00, 0x00, 0x00, 0x00, 0xFF, 0xFF, 0x30, 0x00, 0x00, 0x00,
    0x00, 0x00, 0xFF, 0xFF, 0x30, 0x00, 0x00, 0x00, 0xFF, 0xFF, 0x30, 0x00, 0x00, 0x00, 0x00, 0x00,
    0xFF, 0xFF, 0x30, 0x00, 0x00, 0x00, 0x00, 0x00, 0xFF, 0xFF, 0x30, 0x00, 0x00, 0x00, 0xFF, 0xFF,
    0x30, 0x00, 0x00, 0x00, 0x00, 0x00, 0xFF, 0xFF, 0x30, 0x00, 0x00, 0x00, 0x00, 0x00, 0xFF, 0xFF,
    0x30, 0x00, 0x00, 0x00, 0xFF, 0xFF, 0x30, 0x00, 0x00, 0x00, 0x00, 0x00, 0xFF, 0xFF, 0x30, 0x00,
    0x00, 0x00, 0x00, 0x00, 0xFF, 0xFF, 0x30, 0x00, 0x00, 0x00, 0xFF, 0xD9, 0x00, 0x37, 0xAB, 0xE3,
    0xFA, 0xE4, 0xA3, 0x27, 0x00, 0x00, 0x00, 0x00, 0x00, 0xFF, 0xFC, 0x63, 0xFC, 0xEC, 0xC5, 0xD2,
    0xF9, 0xFF, 0xF2, 0x2A, 0x00, 0x00, 0x00, 0x00, 0xFF, 0xFF, 0xFF, 0x74, 0x03, 0x00, 0x00, 0x24,
    0xDF, 0xFF, 0xA7, 0x00, 0x00, 0x00, 0x00, 0xFF, 0xFF, 0xB5, 0x00, 0x00, 0x00, 0x00, 0x00, 0x67,
    0xFF, 0xE5, 0x00, 0x00, 0x00, 0x00, 0xFF, 0xFF, 0x61, 0x00, 0x00, 0x00, 0x00, 0x00, 0x3B, 0xFF,
    0xFB, 0x00, 0x00, 0x00, 0x00, 0xFF, 0xFF, 0x3B, 0x00, 0x00, 0x00, 0x00, 0x00, 0x30, 0xFF, 0xFF,
    0x00, 0x00, 0x00, 0x00, 0xFF, 0xFF, 0x30, 0x00, 0x00, 0x00, 0x00, 0x00, 0x30, 0xFF, 0xFF, 0x00,
    0x00, 0x00, 0x00, 0xFF, 0xFF, 0x30, 0x00, 0x00, 0x00, 0x00, 0x00, 0x30, 0xFF, 0xFF, 0x00, 0x00,
    0x00, 0x00, 0xFF, 0xFF, 0x30, 0x00, 0x00, 0x00, 0x00, 0x00, 0x30, 0xFF, 0xFF, 0x00, 0x00, 0x00,
    0x00, 0xFF, 0xFF, 0x30, 0x00, 0x00, 0x00, 0x00, 0x00, 0x30, 0xFF, 0xFF, 0x00, 0x00, 0x00, 0x00,
    0xFF, 0xFF, 0x30, 0x00, 0x00, 0x00, 0x00, 0x00, 0x30, 0xFF, 0xFF, 0x00, 0x00, 0x00, 0x00, 0xFF,
    0xFF, 0x30, 0x00, 0x00, 0x00, 0x00, 0x00, 0x30, 0xFF, 0xFF, 0x00, 0x00, 0x00, 0x00, 0xFF, 0xFF,
    0x30, 0x00, 0x00, 0x00, 0x00, 0x00, 0x30, 0xFF, 0xFF, 0x00, 0x00, 0x00, 0x00, 0x00, 0x16, 0x7F,
    0xD1, 0xF0, 0xF1, 0xD0, 0x7C, 0x12, 0x00, 0x00, 0x00, 0x00, 0x00, 0x34, 0xE6, 0xFF, 0xF3, 0xC6,
    0xCC, 0xF6, 0xFF, 0xE0, 0x2E, 0x00, 0x00, 0x00, 0x0F, 0xE1, 0xFF, 0x96, 0x09, 0x00, 0x00, 0x12,
    0xA8, 0xFF, 0xDB, 0x0B, 0x00, 0x00, 0x73, 0xFF, 0xD8, 0x01, 0x00, 0x00, 0x00, 0x00, 0x04, 0xD7,
    0xFF, 0x6C, 0x00, 0x00, 0xC5, 0xFF, 0x73, 0x00, 0x00, 0x00, 0x00, 0x00, 0x00, 0x75, 0xFF, 0xC2,
    0x00, 0x00, 0xE8, 0xFF, 0x4B, 0x00, 0x00, 0x00, 0x00, 0x00, 0x00, 0x43, 0xFF, 0xE6, 0x00, 0x00,
    0xFB, 0xFF, 0x35, 0x00, 0x00, 0x00, 0x00, 0x00, 0x00, 0x35, 0xFF, 0xFA, 0x00, 0x00, 0xED, 0xFF,
    0x44, 0x00, 0x00, 0x00, 0x00, 0x00, 0x00, 0x44, 0xFF, 0xED, 0x00, 0x00, 0xC1, 0xFF, 0x74, 0x00,
    0x00, 0x00, 0x00, 0x00, 0x00, 0x75, 0xFF, 0xC2, 0x00, 0x00, 0x6F, 0xFF, 0xD5, 0x03, 0x00, 0x00,
    0x00, 0x00, 0x03, 0xD5, 0xFF, 0x75, 0x00, 0x00, 0x0A, 0xDC, 0xFF, 0xA3, 0x10, 0x00, 0x00, 0x11,
    0xA6, 0xFF, 0xE4, 0x0F, 0x00, 0x00, 0x00, 0x2A, 0xE2, 0xFF, 0xF4, 0xCA, 0xCB, 0xF5, 0xFF, 0xEA,
    0x34, 0x00, 0x00, 0x00, 0x00, 0x00, 0x11, 0x83, 0xD3, 0xF6, 0xF5, 0xD4, 0x88, 0x16, 0x00, 0x00,
    0x00, 0x00, 0x00, 0xFF, 0xDF, 0x00, 0x45, 0xC2, 0xF4, 0xF5, 0xCA, 0x62, 0x01, 0x00, 0x00, 0x00,
    0x00, 0x00, 0xFF, 0xFD, 0x74, 0xFF, 0xE5, 0xC3, 0xDC, 0xFF, 0xFF, 0x9E, 0x00, 0x00, 0x00, 0x00,
    0x00, 0xFF, 0xFF, 0xFC, 0x61, 0x01, 0x00, 0x00, 0x56, 0xFC, 0xFF, 0x57, 0x00, 0x00, 0x00, 0x00,
    0xFF, 0xFF, 0xA1, 0x00, 0x00, 0x00, 0x00, 0x00, 0xA0, 0xFF, 0xC3, 0x00, 0x00, 0x00, 0x00, 0xFF,
    0xFF, 0x55, 0x00, 0x00, 0x00, 0x00, 0x00, 0x40, 0xFF, 0xFA, 0x07, 0x00, 0x00, 0x00, 0xFF, 0xFF,
    0x39, 0x00, 0x00, 0x00, 0x00, 0x00, 0x1A, 0xFF, 0xFF, 0x20, 0x00, 0x00, 0x00, 0xFF, 0xFF, 0x31,
    0x00, 0x00, 0x00, 0x00, 0x00, 0x05, 0xFF, 0xFF, 0x2B, 0x00, 0x00, 0x00, 0xFF, 0xFF, 0x3E, 0x00,
    0x00, 0x00, 0x00, 0x00, 0x13, 0xFF, 0xFF, 0x1A, 0x00, 0x00, 0x00, 0xFF, 0xFF, 0x62, 0x00, 0x00,
    0x00, 0x00, 0x00, 0x42, 0xFF, 0xF7, 0x05, 0x00, 0x00, 0x00, 0xFF, 0xFF, 0xB1, 0x00, 0x00, 0x00,
    0x00, 0x00, 0x9E, 0xFF, 0xB7, 0x00, 0x00, 0x00, 0x00, 0xFF, 0xFF, 0xFE, 0x6D, 0x02, 0x00, 0x00,
    0x60, 0xFE, 0xFF, 0x4B, 0x00, 0x00, 0x00, 0x00, 0xFF, 0xFF, 0x92, 0xFF, 0xE7, 0xC4, 0xDD, 0xFF,
    0xFF, 0x97, 0x00, 0x00, 0x00, 0x00, 0x00, 0xFF, 0xFF, 0x25, 0x4E, 0xC0, 0xEC, 0xF1, 0xC7, 0x5E,
    0x00, 0x00, 0x00, 0x00, 0x00, 0x00, 0xFF, 0xFF, 0x2F, 0x00, 0x00, 0x00, 0x00, 0x00, 0x00, 0x00,
    0x00, 0x00, 0x00, 0x00, 0x00, 0xFF, 0xFF, 0x30, 0x00, 0x00, 0x00, 0x00, 0x00, 0x00, 0x00, 0x00,
    0x00, 0x00, 0x00, 0x00, 0xFF, 0xFF, 0x30, 0x00, 0x00, 0x00, 0x00, 0x00, 0x00, 0x00, 0x00, 0x00,
    0x00, 0x00, 0x00, 0xFF, 0xFF, 0x30, 0x00, 0x00, 0x00, 0x00, 0x00, 0x00, 0x00, 0x00, 0x00, 0x00,
    0x00, 0x00, 0xFF, 0xFF, 0x30, 0x00, 0x00, 0x00, 0x00, 0x00, 0x00, 0x00, 0x00, 0x00, 0x00, 0x00,
    0x00, 0xFF, 0xFF, 0x30, 0x00, 0x00, 0x00, 0x00, 0x00, 0x00, 0x00, 0x00, 0x00, 0x00, 0x00, 0x00,
    0x00, 0x40, 0xB5, 0xEA, 0xF5, 0xCF, 0x66, 0x00, 0xA9, 0xFF, 0x30, 0x00, 0x00, 0x00, 0x63, 0xFD,
    0xFF, 0xE3, 0xC2, 0xDD, 0xFF, 0x99, 0xD1, 0xFF, 0x30, 0x00, 0x00, 0x22, 0xF7, 0xFF, 0x7B, 0x01,
    0x00, 0x00, 0x47, 0xF6, 0xFF, 0xFF, 0x30, 0x00, 0x00, 0x88, 0xFF, 0xCE, 0x00, 0x00, 0x00, 0x00,
    0x00, 0x85, 0xFF, 0xFF, 0x30, 0x00, 0x00, 0xCE, 0xFF, 0x71, 0x00, 0x00, 0x00, 0x00, 0x00, 0x34,
    0xFF, 0xFF, 0x30, 0x00, 0x00, 0xEB, 0xFF, 0x4B, 0x00, 0x00, 0x00, 0x00, 0x00, 0x0E, 0xFF, 0xFF,
    0x30, 0x00, 0x00, 0xFB, 0xFF, 0x36, 0x00, 0x00, 0x00, 0x00, 0x00, 0x01, 0xFF, 0xFF, 0x30, 0x00,
    0x00, 0xF2, 0xFF, 0x48, 0x00, 0x00, 0x00, 0x00, 0x00, 0x09, 0xFF, 0xFF, 0x30, 0x00, 0x00, 0xD2,
    0xFF, 0x6B, 0x00, 0x00, 0x00, 0x00, 0x00, 0x25, 0xFF, 0xFF, 0x30, 0x00, 0x00, 0x94, 0xFF, 0xC8,
    0x00, 0x00, 0x00, 0x00, 0x00, 0x6F, 0xFF, 0xFF, 0x30, 0x00, 0x00, 0x2D, 0xFC, 0xFF, 0x73, 0x01,
    0x00, 0x00, 0x3E, 0xED, 0xFF, 0xFF, 0x30, 0x00, 0x00, 0x00, 0x73, 0xFF, 0xFF, 0xE3, 0xC2, 0xDB,
    0xFF, 0x91, 0xF3, 0xFF, 0x30, 0x00, 0x00, 0x00, 0x00, 0x4B, 0xBF, 0xF3, 0xF4, 0xCC, 0x62, 0x00,
    0xFF, 0xFF, 0x30, 0x00, 0x00, 0x00, 0x00, 0x00, 0x00, 0x00, 0x00, 0x00, 0x00, 0x00, 0xFF, 0xFF,
    0x30, 0x00, 0x00, 0x00, 0x00, 0x00, 0x00, 0x00, 0x00, 0x00, 0x00, 0x00, 0xFF, 0xFF, 0x30, 0x00,
    0x00, 0x00, 0x00, 0x00, 0x00, 0x00, 0x00, 0x00, 0x00, 0x00, 0xFF, 0xFF, 0x30, 0x00, 0x00, 0x00,
    0x00, 0x00, 0x00, 0x00, 0x00, 0x00, 0x00, 0x00, 0xFF, 0xFF, 0x30, 0x00, 0x00, 0x00, 0x00, 0x00,
    0x00, 0x00, 0x00, 0x00, 0x00, 0x00, 0xFF, 0xFF, 0x30, 0x00, 0x00, 0x00, 0x00, 0x00, 0x00, 0x00,
    0x00, 0x00, 0x00, 0x00, 0xFF, 0xFF, 0x30, 0x00, 0x00, 0x00, 0xFF, 0xD7, 0x00, 0x1E, 0xA9, 0xF0,
    0xFB, 0x77, 0x00, 0x00, 0xFF, 0xF0, 0x2F, 0xF1, 0xFB, 0xC9, 0xC8, 0x55, 0x00, 0x00, 0xFF, 0xFF,
    0xE3, 0xC9, 0x22, 0x00, 0x00, 0x00, 0x00, 0x00, 0xFF, 0xFF, 0xE8, 0x0F, 0x00, 0x00, 0x00, 0x00,
    0x00, 0x00, 0xFF, 0xFF, 0x71, 0x00, 0x00, 0x00, 0x00, 0x00, 0x00, 0x00, 0xFF, 0xFF, 0x3B, 0x00,
    0x00, 0x00, 0x00, 0x00, 0x00, 0x00, 0xFF, 0xFF, 0x30, 0x00, 0x00, 0x00, 0x00, 0x00, 0x00, 0x00,
    0xFF, 0xFF, 0x30, 0x00, 0x00, 0x00, 0x00, 0x00, 0x00, 0x00, 0xFF, 0xFF, 0x30, 0x00, 0x00, 0x00,
    0x00, 0x00, 0x00, 0x00, 0xFF, 0xFF, 0x30, 0x00, 0x00, 0x00, 0x00, 0x00, 0x00, 0x00, 0xFF, 0xFF,
    0x30, 0x00, 0x00, 0x00, 0x00, 0x00, 0x00, 0x00, 0xFF, 0xFF, 0x30, 0x00, 0x00, 0x00, 0x00, 0x00,
    0x00, 0x00, 0xFF, 0xFF, 0x30, 0x00, 0x00, 0x00, 0x00, 0x00, 0x00, 0x00, 0x33, 0xA1, 0xDA, 0xF6,
    0xEC, 0xD1, 0x9A, 0x41, 0x00, 0x00, 0x5A, 0xFD, 0xFF, 0xE6, 0xC3, 0xD6, 0xF7, 0xFF, 0x9A, 0x00,
    0x00, 0xDE, 0xFF, 0x89, 0x02, 0x00, 0x00, 0x07, 0x4F, 0x1F, 0x00, 0x00, 0xF7, 0xFF, 0x41, 0x00,
    0x00, 0x00, 0x00, 0x00, 0x00, 0x00, 0x00, 0xBF, 0xFF, 0xD1, 0x32, 0x00, 0x00, 0x00, 0x00, 0x00,
    0x00, 0x00, 0x23, 0xD9, 0xFF, 0xFF, 0xC0, 0x59, 0x06, 0x00, 0x00, 0x00, 0x00, 0x00, 0x08, 0x6D,
    0xDA, 0xFF, 0xFF, 0xE7, 0x69, 0x01, 0x00, 0x00, 0x00, 0x00, 0x00, 0x01, 0x43, 0xB5, 0xFF, 0xFF,
    0x8F, 0x00, 0x00, 0x00, 0x00, 0x00, 0x00, 0x00, 0x00, 0x6A, 0xFF, 0xFC, 0x11, 0x00, 0x00, 0x00,
    0x00, 0x00, 0x00, 0x00, 0x0D, 0xFF, 0xFF, 0x25, 0x00, 0x85, 0x27, 0x00, 0x00, 0x00, 0x03, 0x7D,
    0xFF, 0xEF, 0x06, 0x00, 0xFF, 0xFF, 0xE6, 0xC4, 0xC7, 0xE9, 0xFF, 0xFD, 0x5F, 0x00, 0x00, 0x5A,
    0xB3, 0xE6, 0xFA, 0xF7, 0xE0, 0xA4, 0x36, 0x00, 0x00, 0x00, 0x00, 0x00, 0x73, 0xFF, 0x00, 0x00,
    0x00, 0x00, 0x00, 0x00, 0x00, 0x00, 0xC0, 0xFF, 0x00, 0x00, 0x00, 0x00, 0x00, 0x00, 0x00, 0x1B,
    0xFB, 0xFF, 0x00, 0x00, 0x00, 0x00, 0x00, 0x00, 0x93, 0xF5, 0xFF, 0xFF, 0xFF, 0xFF, 0xFF, 0xFF,
    0x00, 0x00, 0xBC, 0xC8, 0xFF, 0xFF, 0xBC, 0xBC, 0xBC, 0xBC, 0x00, 0x00, 0x00, 0x30, 0xFF, 0xFF,
    0x00, 0x00, 0x00, 0x00, 0x00, 0x00, 0x00, 0x30, 0xFF, 0xFF, 0x00, 0x00, 0x00, 0x00, 0x00, 0x00,
    0x00, 0x30, 0xFF, 0xFF, 0x00, 0x00, 0x00, 0x00, 0x00, 0x00, 0x00, 0x30, 0xFF, 0xFF, 0x00, 0x00,
    0x00, 0x00, 0x00, 0x00, 0x00, 0x30, 0xFF, 0xFF, 0x00, 0x00, 0x00, 0x00, 0x00, 0x00, 0x00, 0x30,
    0xFF, 0xFF, 0x00, 0x00, 0x00, 0x00, 0x00, 0x00, 0x00, 0x30, 0xFF, 0xFF, 0x00, 0x00, 0x00, 0x00,
    0x00, 0x00, 0x00, 0x25, 0xFF, 0xFF, 0x12, 0x00, 0x00, 0x00, 0x00, 0x00, 0x00, 0x09, 0xF6, 0xFF,
    0x7F, 0x00, 0x00, 0x00, 0x00, 0x00, 0x00, 0x00, 0x8F, 0xFF, 0xFF, 0xD9, 0xC3, 0xE3, 0x00, 0x00,
    0x00, 0x00, 0x04, 0x79, 0xD8, 0xF9, 0xEF, 0xC4, 0x00, 0x00, 0x00, 0xFF, 0xFF, 0x30, 0x00, 0x00,
    0x00, 0x00, 0x00, 0x30, 0xFF, 0xFF, 0x00, 0x00, 0x00, 0x00, 0xFF, 0xFF, 0x30, 0x00, 0x00, 0x00,
    0x00, 0x00, 0x30, 0xFF, 0xFF, 0x00, 0x00, 0x00, 0x00, 0xFF, 0xFF, 0x30, 0x00, 0x00, 0x00, 0x00,
    0x00, 0x30, 0xFF, 0xFF, 0x00, 0x00, 0x00, 0x00, 0xFF, 0xFF, 0x30, 0x00, 0x00, 0x00, 0x00, 0x00,
    0x30, 0xFF, 0xFF, 0x00, 0x00, 0x00, 0x00, 0xFF, 0xFF, 0x30, 0x00, 0x00, 0x00, 0x00, 0x00, 0x30,
    0xFF, 0xFF, 0x00, 0x00, 0x00, 0x00, 0xFF, 0xFF, 0x30, 0x00, 0x00, 0x00, 0x00, 0x00, 0x30, 0xFF,
    0xFF, 0x00, 0x00, 0x00, 0x00, 0xFF, 0xFF, 0x30, 0x00, 0x00, 0x00, 0x00, 0x00, 0x31, 0xFF, 0xFF,
    0x00, 0x00, 0x00, 0x00, 0xFF, 0xFF, 0x30, 0x00, 0x00, 0x00, 0x00, 0x00, 0x3E, 0xFF, 0xFF, 0x00,
    0x00, 0x00, 0x00, 0xFB, 0xFF, 0x39, 0x00, 0x00, 0x00, 0x00, 0x00, 0x64, 0xFF, 0xFF, 0x00, 0x00,
    0x00, 0x00, 0xE5, 0xFF, 0x63, 0x00, 0x00, 0x00, 0x00, 0x00, 0xBA, 0xFF, 0xFF, 0x00, 0x00, 0x00,
    0x00, 0xA5, 0xFF, 0xDB, 0x20, 0x00, 0x00, 0x06, 0x7E, 0xFF, 0xFF, 0xFF, 0x00, 0x00, 0x00, 0x00,
    0x27, 0xF2, 0xFF, 0xF9, 0xD0, 0xC8, 0xEE, 0xFE, 0x71, 0xFE, 0xFF, 0x00, 0x00, 0x00, 0x00, 0x00,
    0x25, 0xA2, 0xE3, 0xF9, 0xE7, 0xB3, 0x42, 0x00, 0xE1, 0xFF, 0x00, 0x00, 0xD0, 0xFF, 0x6D, 0x00,
    0x00, 0x00, 0x00, 0x00, 0x00, 0x3E, 0xFF, 0xF3, 0x0B, 0x71, 0xFF, 0xC8, 0x00, 0x00, 0x00, 0x00,
    0x00, 0x00, 0x99, 0xFF, 0x9F, 0x00, 0x15, 0xFA, 0xFF, 0x24, 0x00, 0x00, 0x00, 0x00, 0x06, 0xED,
    0xFF, 0x3F, 0x00, 0x00, 0xB1, 0xFF, 0x7E, 0x00, 0x00, 0x00, 0x00, 0x4F, 0xFF, 0xDD, 0x01, 0x00,
    0x00, 0x51, 0xFF, 0xD9, 0x00, 0x00, 0x00, 0x00, 0xAB, 0xFF, 0x7E, 0x00, 0x00, 0x00, 0x05, 0xEB,
    0xFF, 0x35, 0x00, 0x00, 0x0E, 0xF7, 0xFE, 0x1F, 0x00, 0x00, 0x00, 0x00, 0x91, 0xFF, 0x90, 0x00,
    0x00, 0x61, 0xFF, 0xBD, 0x00, 0x00, 0x00, 0x00, 0x00, 0x30, 0xFF, 0xE8, 0x03, 0x00, 0xBC, 0xFF,
    0x5D, 0x00, 0x00, 0x00, 0x00, 0x00, 0x00, 0xD0, 0xFF, 0x44, 0x19, 0xFD, 0xF2, 0x0A, 0x00, 0x00,
    0x00, 0x00, 0x00, 0x00, 0x71, 0xFF, 0x97, 0x6C, 0xFF, 0x9C, 0x00, 0x00, 0x00, 0x00, 0x00, 0x00,
    0x00, 0x15, 0xFA, 0xE0, 0xB7, 0xFF, 0x3C, 0x00, 0x00, 0x00, 0x00, 0x00, 0x00, 0x00, 0x00, 0xB1,
    0xFF, 0xFC, 0xDB, 0x00, 0x00, 0x00, 0x00, 0x00, 0x00, 0x00, 0x00, 0x00, 0x50, 0xFF, 0xFF, 0x7C,
    0x00, 0x00, 0x00, 0x00, 0x00, 0x9A, 0xFF, 0x94, 0x00, 0x00, 0x00, 0x00, 0x00, 0xDB, 0xFF, 0xC1,
    0x00, 0x00, 0x00, 0x00, 0x00, 0xB2, 0xFF, 0x74, 0x54, 0xFF, 0xD5, 0x00, 0x00, 0x00, 0x00, 0x2B,
    0xFF, 0xFF, 0xFC, 0x12, 0x00, 0x00, 0x00, 0x03, 0xF0, 0xFF, 0x2E, 0x11, 0xFD, 0xFF, 0x17, 0x00,
    0x00, 0x00, 0x7A, 0xFF, 0xCD, 0xFF, 0x5B, 0x00, 0x00, 0x00, 0x36, 0xFF, 0xE7, 0x00, 0x00, 0xC9,
    0xFF, 0x57, 0x00, 0x00, 0x00, 0xC9, 0xFF, 0x58, 0xFF, 0xA8, 0x00, 0x00, 0x00, 0x78, 0xFF, 0xA2,
    0x00, 0x00, 0x83, 0xFF, 0x98, 0x00, 0x00, 0x19, 0xFE, 0xD5, 0x08, 0xF7, 0xF0, 0x05, 0x00, 0x00,
    0xBB, 0xFF, 0x5C, 0x00, 0x00, 0x3E, 0xFF, 0xD9, 0x00, 0x00, 0x67, 0xFF, 0x8D, 0x00, 0xB5, 0xFF,
    0x42, 0x00, 0x06, 0xF6, 0xFE, 0x17, 0x00, 0x00, 0x05, 0xF3, 0xFF, 0x1B, 0x00, 0xB7, 0xFF, 0x3E,
    0x00, 0x68, 0xFF, 0x8F, 0x00, 0x3F, 0xFF, 0xCF, 0x00, 0x00, 0x00, 0x00, 0xB3, 0xFF, 0x5C, 0x0D,
    0xF8, 0xEA, 0x03, 0x00, 0x1C, 0xFF, 0xDC, 0x00, 0x81, 0xFF, 0x89, 0x00, 0x00, 0x00, 0x00, 0x6D,
    0xFF, 0x9A, 0x4F, 0xFF, 0x9C, 0x00, 0x00, 0x00, 0xCE, 0xFF, 0x25, 0xC1, 0xFF, 0x43, 0x00, 0x00,
    0x00, 0x00, 0x28, 0xFF, 0xD2, 0x8A, 0xFF, 0x4B, 0x00, 0x00, 0x00, 0x81, 0xFF, 0x70, 0xF6, 0xF5,
    0x07, 0x00, 0x00, 0x00, 0x00, 0x00, 0xE2, 0xFB, 0xCE, 0xF3, 0x07, 0x00, 0x00, 0x00, 0x34, 0xFF,
    0xCF, 0xFF, 0xB7, 0x00, 0x00, 0x00, 0x00, 0x00, 0x00, 0x9D, 0xFF, 0xFF, 0xA9, 0x00, 0x00, 0x00,
    0x00, 0x01, 0xE6, 0xFF, 0xFF, 0x71, 0x00, 0x00, 0x00, 0x00, 0x00, 0x00, 0x57, 0xFF, 0xFF, 0x58,
    0x00, 0x00, 0x00, 0x00, 0x00, 0x9A, 0xFF, 0xFF, 0x2B, 0x00, 0x00, 0x00, 0x17, 0xEA, 0xFF, 0x61,
    0x00, 0x00, 0x00, 0x00, 0x00, 0xB1, 0xFF, 0xAE, 0x00, 0x00, 0x4F, 0xFF, 0xF1, 0x1D, 0x00, 0x00,
    0x00, 0x5D, 0xFF, 0xE7, 0x14, 0x00, 0x00, 0x00, 0x9C, 0xFF, 0xBA, 0x00, 0x00, 0x19, 0xEE, 0xFF,
    0x48, 0x00, 0x00, 0x00, 0x00, 0x0C, 0xDC, 0xFF, 0x68, 0x00, 0xB3, 0xFF, 0x94, 0x00, 0x00, 0x00,
    0x00, 0x00, 0x00, 0x39, 0xFC, 0xF3, 0x7E, 0xFF, 0xD7, 0x09, 0x00, 0x00, 0x00, 0x00, 0x00, 0x00,
    0x00, 0x82, 0xFF, 0xFF, 0xFA, 0x33, 0x00, 0x00, 0x00, 0x00, 0x00, 0x00, 0x00, 0x00, 0x1B, 0xFC,
    0xFF, 0xC4, 0x00, 0x00, 0x00, 0x00, 0x00, 0x00, 0x00, 0x00, 0x00, 0xB3, 0xFF, 0xF9, 0xFF, 0x61,
    0x00, 0x00, 0x00, 0x00, 0x00, 0x00, 0x00, 0x68, 0xFF, 0xD9, 0x3C, 0xFB, 0xF3, 0x23, 0x00, 0x00,
    0x00, 0x00, 0x00, 0x26, 0xF5, 0xFC, 0x38, 0x00, 0x81, 0xFF, 0xC7, 0x03, 0x00, 0x00, 0x00, 0x04,
    0xCA, 0xFF, 0x85, 0x00, 0x00, 0x05, 0xCE, 0xFF, 0x7F, 0x00, 0x00, 0x00, 0x83, 0xFF, 0xD0, 0x06,
    0x00, 0x00, 0x00, 0x2D, 0xF9, 0xFB, 0x38, 0x00, 0x39, 0xFC, 0xF9, 0x2E, 0x00, 0x00, 0x00, 0x00,
    0x00, 0x7A, 0xFF, 0xDC, 0x0C, 0x12, 0xF7, 0xFF, 0x33, 0x00, 0x00, 0x00, 0x00, 0x00, 0x00, 0x7D,
    0xFF, 0xC8, 0x00, 0xA6, 0xFF, 0x92, 0x00, 0x00, 0x00, 0x00, 0x00, 0x00, 0xD6, 0xFF, 0x69, 0x00,
    0x41, 0xFF, 0xEC, 0x05, 0x00, 0x00, 0x00, 0x00, 0x30, 0xFF, 0xF8, 0x11, 0x00, 0x01, 0xDB, 0xFF,
    0x51, 0x00, 0x00, 0x00, 0x00, 0x8A, 0xFF, 0xAB, 0x00, 0x00, 0x00, 0x79, 0xFF, 0xB0, 0x00, 0x00,
    0x00, 0x01, 0xE2, 0xFF, 0x4D, 0x00, 0x00, 0x00, 0x18, 0xFB, 0xFA, 0x15, 0x00, 0x00, 0x3D, 0xFF,
    0xE9, 0x04, 0x00, 0x00, 0x00, 0x00, 0xB0, 0xFF, 0x6F, 0x00, 0x00, 0x97, 0xFF, 0x8F, 0x00, 0x00,
    0x00, 0x00, 0x00, 0x4B, 0xFF, 0xCD, 0x00, 0x03, 0xEB, 0xFF, 0x30, 0x00, 0x00, 0x00, 0x00, 0x00,
    0x03, 0xE3, 0xFF, 0x26, 0x42, 0xFF, 0xD1, 0x00, 0x00, 0x00, 0x00, 0x00, 0x00, 0x00, 0x83, 0xFF,
    0x78, 0x93, 0xFF, 0x73, 0x00, 0x00, 0x00, 0x00, 0x00, 0x00, 0x00, 0x20, 0xFE, 0xBD, 0xE0, 0xFC,
    0x18, 0x00, 0x00, 0x00, 0x00, 0x00, 0x00, 0x00, 0x00, 0xBA, 0xFE, 0xFF, 0xB5, 0x00, 0x00, 0x00,
    0x00, 0x00, 0x00, 0x00, 0x00, 0x00, 0x55, 0xFF, 0xFF, 0x56, 0x00, 0x00, 0x00, 0x00, 0x00, 0x00,
    0x00, 0x00, 0x00, 0x32, 0xFF, 0xEF, 0x08, 0x00, 0x00, 0x00, 0x00, 0x00, 0x00, 0x00, 0x00, 0x00,
    0x92, 0xFF, 0x99, 0x00, 0x00, 0x00, 0x00, 0x00, 0x00, 0x00, 0x00, 0x00, 0x15, 0xF3, 0xFF, 0x30,
    0x00, 0x00, 0x00, 0x00, 0x00, 0x00, 0x00, 0x00, 0x0C, 0xB9, 0xFF, 0xB0, 0x00, 0x00, 0x00, 0x00,
    0x00, 0x00, 0x00, 0xCE, 0xC1, 0xED, 0xFF, 0xE5, 0x1B, 0x00, 0x00, 0x00, 0x00, 0x00, 0x00, 0x00,
    0xE7, 0xFC, 0xEB, 0xA4, 0x1B, 0x00, 0x00, 0x00, 0x00, 0x00, 0x00, 0x00, 0x00, 0xFF, 0xFF, 0xFF,
    0xFF, 0xFF, 0xFF, 0xFF, 0xFF, 0xFF, 0x00, 0x00, 0xBC, 0xBC, 0xBC, 0xBC, 0xBC, 0xBC, 0xDB, 0xFF,
    0xF6, 0x00, 0x00, 0x00, 0x00, 0x00, 0x00, 0x00, 0x0A, 0xDA, 0xFF, 0x68, 0x00, 0x00, 0x00, 0x00,
    0x00, 0x00, 0x00, 0x92, 0xFF, 0xAE, 0x00, 0x00, 0x00, 0x00, 0x00, 0x00, 0x00, 0x41, 0xFE, 0xE3,
    0x12, 0x00, 0x00, 0x00, 0x00, 0x00, 0x00, 0x0D, 0xDF, 0xFC, 0x3E, 0x00, 0x00, 0x00, 0x00, 0x00,
    0x00, 0x00, 0x9B, 0xFF, 0x81, 0x00, 0x00, 0x00, 0x00, 0x00, 0x00, 0x00, 0x48, 0xFF, 0xC3, 0x03,
    0x00, 0x00, 0x00, 0x00, 0x00, 0x00, 0x10, 0xE4, 0xEF, 0x1E, 0x00, 0x00, 0x00, 0x00, 0x00, 0x00,
    0x00, 0xA3, 0xFF, 0x54, 0x00, 0x00, 0x00, 0x00, 0x00, 0x00, 0x00, 0x4F, 0xFF, 0x9A, 0x00, 0x00,
    0x00, 0x00, 0x00, 0x00, 0x00, 0x00, 0xE9, 0xFF, 0xC5, 0xBC, 0xBC, 0xBC, 0xBC, 0xBC, 0xBC, 0x00,
    0x00, 0xFF, 0xFF, 0xFF, 0xFF, 0xFF, 0xFF, 0xFF, 0xFF, 0xFF, 0x00, 0x00, 0x00, 0x00, 0x00, 0x00,
    0x23, 0x96, 0xD9, 0xF5, 0x00, 0x00, 0x00, 0x00, 0x00, 0x3B, 0xF4, 0xFF, 0xF7, 0xD1, 0x00, 0x00,
    0x00, 0x00, 0x00, 0xC8, 0xFF, 0xB3, 0x0C, 0x00, 0x00, 0x00, 0x00, 0x00, 0x00, 0xF8, 0xFF, 0x3E,
    0x00, 0x00, 0x00, 0x00, 0x00, 0x00, 0x00, 0xFF, 0xFF, 0x30, 0x00, 0x00, 0x00, 0x00, 0x00, 0x00,
    0x00, 0xFF, 0xFF, 0x30, 0x00, 0x00, 0x00, 0x00, 0x00, 0x00, 0x00, 0xFF, 0xFF, 0x30, 0x00, 0x00,
    0x00, 0x00, 0x00, 0x00, 0x0D, 0xFF, 0xFF, 0x23, 0x00, 0x00, 0x00, 0x00, 0x00, 0x03, 0x87, 0xFF,
    0xDA, 0x02, 0x00, 0x00, 0x00, 0x00, 0xC3, 0xE9, 0xFA, 0xB7, 0x25, 0x00, 0x00, 0x00, 0x00, 0x00,
    0xFF, 0xFF, 0xD8, 0x73, 0x05, 0x00, 0x00, 0x00, 0x00, 0x00, 0x08, 0x37, 0xC6, 0xFF, 0xAC, 0x00,
    0x00, 0x00, 0x00, 0x00, 0x00, 0x00, 0x24, 0xFF, 0xFF, 0x15, 0x00, 0x00, 0x00, 0x00, 0x00, 0x00,
    0x01, 0xFF, 0xFF, 0x2F, 0x00, 0x00, 0x00, 0x00, 0x00, 0x00, 0x00, 0xFF, 0xFF, 0x30, 0x00, 0x00,
    0x00, 0x00, 0x00, 0x00, 0x00, 0xFF, 0xFF, 0x30, 0x00, 0x00, 0x00, 0x00, 0x00, 0x00, 0x00, 0xFF,
    0xFF, 0x30, 0x00, 0x00, 0x00, 0x00, 0x00, 0x00, 0x00, 0xEC, 0xFF, 0x50, 0x00, 0x00, 0x00, 0x00,
    0x00, 0x00, 0x00, 0xA5, 0xFF, 0xDA, 0x41, 0x12, 0x00, 0x00, 0x00, 0x00, 0x00, 0x18, 0xD5, 0xFF,
    0xFF, 0xFF, 0x00, 0x00, 0x00, 0x00, 0x00, 0x00, 0x05, 0x5B, 0x99, 0xB3, 0x00, 0x00, 0x00, 0x00,
    0x00, 0x00, 0x00, 0xFF, 0xFF, 0x30, 0x00, 0x00, 0x00, 0x00, 0x00, 0x00, 0x00, 0x00, 0x00, 0x00,
    0x00, 0xFF, 0xFF, 0x30, 0x00, 0x00, 0x00, 0x00, 0x00, 0x00, 0x00, 0x00, 0x00, 0x00, 0x00, 0xFF,
    0xFF, 0x30, 0x00, 0x00, 0x00, 0x00, 0x00, 0x00, 0x00, 0x00, 0x00, 0x00, 0x00, 0xFF, 0xFF, 0x30,
    0x00, 0x00, 0x00, 0x00, 0x00, 0x00, 0x00, 0x00, 0x00, 0x00, 0x00, 0xFF, 0xFF, 0x30, 0x00, 0x00,
    0x00, 0x00, 0x00, 0x00, 0x00, 0x00, 0x00, 0x00, 0x00, 0xFF, 0xFF, 0x30, 0x00, 0x00, 0x00, 0x00,
    0x00, 0x00, 0x00, 0x00, 0x00, 0x00, 0x00, 0xFF, 0xFF, 0x30, 0x00, 0x00, 0x00, 0x00, 0x00, 0x00,
    0x00, 0x00, 0x00, 0x00, 0x00, 0xFF, 0xFF, 0x30, 0x00, 0x00, 0x00, 0x00, 0x00, 0x00, 0x00, 0x00,
    0x00, 0x00, 0x00, 0xFF, 0xFF, 0x30, 0x00, 0x00, 0x00, 0x00, 0x00, 0x00, 0x00, 0x00, 0x00, 0x00,
    0x00, 0xFF, 0xFF, 0x30, 0x00, 0x00, 0x00, 0x00, 0x00, 0x00, 0x00, 0x00, 0x00, 0x00, 0x00, 0xFF,
    0xFF, 0x30, 0x00, 0x00, 0x00, 0x00, 0x00, 0x00, 0x00, 0x00, 0x00, 0x00, 0x00, 0xFF, 0xFF, 0x30,
    0x00, 0x00, 0x00, 0x00, 0x00, 0x00, 0x00, 0x00, 0x00, 0x00, 0x00, 0xFF, 0xFF, 0x30, 0x00, 0x00,
    0x00, 0x00, 0x00, 0x00, 0x00, 0x00, 0x00, 0x00, 0x00, 0xFF, 0xFF, 0x30, 0x00, 0x00, 0x00, 0x00,
    0x00, 0x00, 0x00, 0x00, 0x00, 0x00, 0x00, 0xFF, 0xFF, 0x30, 0x00, 0x00, 0x00, 0x00, 0x00, 0x00,
    0x00, 0x00, 0x00, 0x00, 0x00, 0xFF, 0xFF, 0x30, 0x00, 0x00, 0x00, 0x00, 0x00, 0x00, 0x00, 0x00,
    0x00, 0x00, 0x00, 0xFF, 0xFF, 0x30, 0x00, 0x00, 0x00, 0x00, 0x00, 0x00, 0x00, 0x00, 0x00, 0x00,
    0x00, 0xFF, 0xFF, 0x30, 0x00, 0x00, 0x00, 0x00, 0x00, 0x00, 0x00, 0x00, 0x00, 0x00, 0x00, 0xFF,
    0xFF, 0x30, 0x00, 0x00, 0x00, 0x00, 0x00, 0x00, 0x00, 0x00, 0x00, 0x00, 0x00, 0xFF, 0xFF, 0x30,
    0x00, 0x00, 0x00, 0x00, 0x00, 0x00, 0x00, 0x00, 0x00, 0x00, 0x00, 0xFF, 0xFF, 0x30, 0x00, 0x00,
    0x00, 0x00, 0x00, 0x00, 0x00, 0x00, 0x00, 0x00, 0x00, 0xFF, 0xFF, 0x30, 0x00, 0x00, 0x00, 0x00,
    0x00, 0x00, 0x00, 0x00, 0x00, 0x00, 0x00, 0xFF, 0xFF, 0x30, 0x00, 0x00, 0x00, 0x00, 0x00, 0x00,
    0x00, 0x00, 0x00, 0x00, 0x00, 0xFF, 0xFF, 0x30, 0x00, 0x00, 0x00, 0x00, 0x00, 0x7D, 0xEB, 0xB8,
    0x4F, 0x00, 0x00, 0x00, 0x00, 0x00, 0x63, 0xE9, 0xFF, 0xFF, 0x74, 0x00, 0x00, 0x00, 0x00, 0x00,
    0x00, 0x7E, 0xFF, 0xF3, 0x08, 0x00, 0x00, 0x00, 0x00, 0x00, 0x0C, 0xFF, 0xFF, 0x27, 0x00, 0x00,
    0x00, 0x00, 0x00, 0x00, 0xFF, 0xFF, 0x30, 0x00, 0x00, 0x00, 0x00, 0x00, 0x00, 0xFF, 0xFF, 0x30,
    0x00, 0x00, 0x00, 0x00, 0x00, 0x00, 0xFF, 0xFF, 0x30, 0x00, 0x00, 0x00, 0x00, 0x00, 0x00, 0xF5,
    0xFF, 0x3D, 0x00, 0x00, 0x00, 0x00, 0x00, 0x00, 0xB5, 0xFF, 0xAB, 0x08, 0x00, 0x00, 0x00, 0x00,
    0x00, 0x1A, 0xB0, 0xF9, 0xF3, 0xCD, 0x00, 0x00, 0x00, 0x00, 0x00, 0x5D, 0xC9, 0xFF, 0xFF, 0x00,
    0x00, 0x00, 0x00, 0x7E, 0xFF, 0xD9, 0x45, 0x13, 0x00, 0x00, 0x00, 0x00, 0xE5, 0xFF, 0x4F, 0x00,
    0x00, 0x00, 0x00, 0x00, 0x00, 0xFF, 0xFF, 0x30, 0x00, 0x00, 0x00, 0x00, 0x00, 0x00, 0xFF, 0xFF,
    0x30, 0x00, 0x00, 0x00, 0x00, 0x00, 0x00, 0xFF, 0xFF, 0x30, 0x00, 0x00, 0x00, 0x00, 0x00, 0x01,
    0xFF, 0xFF, 0x2F, 0x00, 0x00, 0x00, 0x00, 0x00, 0x20, 0xFF, 0xFF, 0x1C, 0x00, 0x00, 0x00, 0x05,
    0x2E, 0xC5, 0xFF, 0xD5, 0x01, 0x00, 0x00, 0x00, 0x80, 0xFF, 0xFF, 0xEC, 0x34, 0x00, 0x00, 0x00,
    0x00, 0x5B, 0xA6, 0x70, 0x12, 0x00, 0x00, 0x00, 0x00, 0x00, 0x00, 0x42, 0xC3, 0xF7, 0xEC, 0xC3,
    0x73, 0x18, 0x00, 0x00, 0x11, 0xA6, 0x00, 0x00, 0xFC, 0xF6, 0xC5, 0xD6, 0xFD, 0xFF, 0xFD, 0xD3,
    0xC4, 0xF5, 0xFB, 0x00, 0x00, 0xA7, 0x12, 0x00, 0x00, 0x19, 0x73, 0xC4, 0xEE, 0xF8, 0xC2, 0x33,
    0x00, 0x00, 0x00, 0x00, 0x00, 0x00, 0x00, 0x00, 0x00, 0x00, 0x00, 0x00, 0x00, 0x00, 0x00, 0x00,
    0x00, 0x00, 0x00, 0x00, 0x00, 0x00, 0x00, 0x00, 0x00, 0x00, 0x00, 0x00, 0x00, 0x00, 0x00, 0x00,
    0x00, 0x00, 0x00, 0x00, 0x00, 0x00, 0x00, 0x00, 0x00, 0x00, 0x00, 0x00, 0x00, 0x00, 0x00, 0x00,
    0x00, 0x00, 0x00, 0x00, 0x00, 0x00, 0x00, 0x00, 0x00, 0x00, 0x00, 0x00, 0x00, 0x00, 0x00, 0x00,
    0x00, 0x00, 0x00, 0x00, 0x00, 0x00, 0x00, 0x00, 0x00, 0x00, 0x00, 0x00, 0x00, 0x00, 0x00, 0x00,
    0x00, 0x00, 0x00, 0x00, 0x00, 0x00, 0x00, 0x00, 0x00, 0x00, 0x00, 0x00, 0x00, 0x00, 0x00, 0x00,
    0x00, 0x00, 0x00, 0x00, 0x00, 0x0E, 0x7F, 0x80, 0x4F, 0x00, 0x00, 0x00, 0x00, 0x00, 0x00, 0x00,
    0x00, 0x00, 0x00, 0x00, 0x00, 0x00, 0x00, 0x99, 0xFF, 0xE0, 0x1D, 0x00, 0x00, 0x00, 0x00, 0x00,
    0x00, 0x00, 0x00, 0x00, 0x00, 0x00, 0x00, 0x00, 0x52, 0xFF, 0xD7, 0x1E, 0x00, 0x00, 0x00, 0x00,
    0x00, 0x00, 0x00, 0x00, 0x00, 0x00, 0x00, 0x00, 0x00, 0x21, 0xF1, 0xB9, 0x12, 0x00, 0x00, 0x00,
    0x00, 0x00, 0x00, 0x00, 0x00, 0x00, 0x00, 0x00, 0x00, 0x00, 0x00, 0x00, 0x00, 0x00, 0x00, 0x00,
    0x00, 0x00, 0x00, 0x00, 0x00, 0x00, 0x00, 0x00, 0x00, 0x00, 0x00, 0x00, 0x00, 0x00, 0x00, 0x00,
    0x00, 0x00, 0x00, 0x00, 0x00, 0x00, 0x00, 0x00, 0x00, 0x00, 0x00, 0x00, 0x07, 0x64, 0xB4, 0xE3,
    0xF8, 0xF9, 0xE3, 0xB3, 0x5F, 0x05, 0x00, 0x00, 0x00, 0x00, 0x00, 0x00, 0x00, 0x29, 0xDA, 0xFF,
    0xFF, 0xE9, 0xCB, 0xC6, 0xE2, 0xFF, 0xFF, 0xD3, 0x22, 0x00, 0x00, 0x00, 0x00, 0x00, 0x2B, 0xF1,
    0xFF, 0xBC, 0x3A, 0x00, 0x00, 0x00, 0x00, 0x2A, 0xB2, 0xFF, 0xED, 0x22, 0x00, 0x00, 0x00, 0x02,
    0xC8, 0xFF, 0xAA, 0x04, 0x00, 0x00, 0x00, 0x00, 0x00, 0x00, 0x01, 0xA5, 0xFF, 0xBF, 0x01, 0x00,
    0x00, 0x49, 0xFF, 0xEF, 0x14, 0x00, 0x00, 0x00, 0x00, 0x00, 0x00, 0x00, 0x00, 0x11, 0xF0, 0xFF,
    0x40, 0x00, 0x00, 0x9A, 0xFF, 0x9E, 0x00, 0x00, 0x00, 0x00, 0x00, 0x00, 0x00, 0x00, 0x00, 0x00,
    0x9B, 0xFF, 0x94, 0x00, 0x00, 0xD2, 0xFF, 0x5E, 0x00, 0x00, 0x00, 0x00, 0x00, 0x00, 0x00, 0x00,
    0x00, 0x00, 0x5F, 0xFF, 0xCF, 0x00, 0x00, 0xEA, 0xFF, 0x43, 0x00, 0x00, 0x00, 0x00, 0x00, 0x00,
    0x00, 0x00, 0x00, 0x00, 0x3F, 0xFF, 0xE7, 0x00, 0x00, 0xFB, 0xFF, 0x34, 0x00, 0x00, 0x00, 0x00,
    0x00, 0x00, 0x00, 0x00, 0x00, 0x00, 0x34, 0xFF, 0xFA, 0x00, 0x00, 0xEF, 0xFF, 0x44, 0x00, 0x00,
    0x00, 0x00, 0x00, 0x00, 0x00, 0x00, 0x00, 0x00, 0x45, 0xFF, 0xED, 0x00, 0x00, 0xD4, 0xFF, 0x5F,
    0x00, 0x00, 0x00, 0x00, 0x00, 0x00, 0x00, 0x00, 0x00, 0x00, 0x60, 0xFF, 0xD1, 0x00, 0x00, 0x9E,
    0xFF, 0xA0, 0x00, 0x00, 0x00, 0x00, 0x00, 0x00, 0x00, 0x00, 0x00, 0x00, 0xA4, 0xFF, 0x98, 0x00,
    0x00, 0x4B, 0xFF, 0xF0, 0x15, 0x00, 0x00, 0x00, 0x00, 0x00, 0x00, 0x00, 0x00, 0x17, 0xF1, 0xFF,
    0x40, 0x00, 0x00, 0x02, 0xD1, 0xFF, 0xAB, 0x04, 0x00, 0x00, 0x00, 0x00, 0x00, 0x00, 0x04, 0xAE,
    0xFF, 0xC4, 0x00, 0x00, 0x00, 0x00, 0x2E, 0xF2, 0xFF, 0xBD, 0x39, 0x00, 0x00, 0x00, 0x00, 0x37,
    0xBD, 0xFF, 0xED, 0x23, 0x00, 0x00, 0x00, 0x00, 0x00, 0x31, 0xDB, 0xFF, 0xFF, 0xE8, 0xCA, 0xC9,
    0xE7, 0xFF, 0xFF, 0xD5, 0x28, 0x00, 0x00, 0x00, 0x00, 0x00, 0x00, 0x00, 0x05, 0x60, 0xAE, 0xE1,
    0xF6, 0xF6, 0xE0, 0xAD, 0x5C, 0x03, 0x00, 0x00, 0x00, 0x00, 0x00, 0x00, 0x00, 0x00, 0x00, 0x00,
    0x00, 0x47, 0xFF, 0xFF, 0x5A, 0x00, 0x00, 0x00, 0x00, 0x00, 0x00, 0x00, 0x00, 0x00, 0x0B, 0xDC,
    0xFF, 0x7C, 0x00, 0x00, 0x00, 0x00, 0x00, 0x00, 0x00, 0x00, 0x00, 0x00, 0x9D, 0xFF, 0x79, 0x00,
    0x00, 0x00, 0x00, 0x00, 0x00, 0x00, 0x00, 0x00, 0x00, 0x20, 0xA3, 0x55, 0x00, 0x00, 0x00, 0x00,
    0x00, 0x00, 0x00, 0x00, 0x00, 0x00, 0x00, 0x00, 0x00, 0x00, 0x00, 0x00, 0x00, 0x00, 0x00, 0x00,
    0x00, 0x00, 0x00, 0x16, 0x7F, 0xD1, 0xF0, 0xF1, 0xD0, 0x7C, 0x12, 0x00, 0x00, 0x00, 0x00, 0x00,
    0x34, 0xE6, 0xFF, 0xF3, 0xC6, 0xCC, 0xF6, 0xFF, 0xE0, 0x2E, 0x00, 0x00, 0x00, 0x0F, 0xE1, 0xFF,
    0x96, 0x09, 0x00, 0x00, 0x12, 0xA8, 0xFF, 0xDB, 0x0B, 0x00, 0x00, 0x73, 0xFF, 0xD8, 0x01, 0x00,
    0x00, 0x00, 0x00, 0x04, 0xD7, 0xFF, 0x6C, 0x00, 0x00, 0xC5, 0xFF, 0x73, 0x00, 0x00, 0x00, 0x00,
    0x00, 0x00, 0x75, 0xFF, 0xC2, 0x00, 0x00, 0xE8, 0xFF, 0x4B, 0x00, 0x00, 0x00, 0x00, 0x00, 0x00,
    0x43, 0xFF, 0xE6, 0x00, 0x00, 0xFB, 0xFF, 0x35, 0x00, 0x00, 0x00, 0x00, 0x00, 0x00, 0x35, 0xFF,
    0xFA, 0x00, 0x00, 0xED, 0xFF, 0x44, 0x00, 0x00, 0x00, 0x00, 0x00, 0x00, 0x44, 0xFF, 0xED, 0x00,
    0x00, 0xC1, 0xFF, 0x74, 0x00, 0x00, 0x00, 0x00, 0x00, 0x00, 0x75, 0xFF, 0xC2, 0x00, 0x00, 0x6F,
    0xFF, 0xD5, 0x03, 0x00, 0x00, 0x00, 0x00, 0x03, 0xD5, 0xFF, 0x75, 0x00, 0x00, 0x0A, 0xDC, 0xFF,
    0xA3, 0x10, 0x00, 0x00, 0x11, 0xA6, 0xFF, 0xE4, 0x0F, 0x00, 0x00, 0x00, 0x2A, 0xE2, 0xFF, 0xF4,
    0xCA, 0xCB, 0xF5, 0xFF, 0xEA, 0x34, 0x00, 0x00, 0x00, 0x00, 0x00, 0x11, 0x83, 0xD3, 0xF6, 0xF5,
    0xD4, 0x88, 0x16, 0x00, 0x00, 0x00, 0x00, 0x00, 0x00, 0x00, 0x00, 0x00, 0x00, 0xD9, 0xFF, 0x7D,
    0x00, 0x00, 0x00, 0x00, 0x00, 0x00, 0x00, 0x00, 0x00, 0x00, 0x00, 0x00, 0x00, 0x3F, 0xFF, 0xFF,
    0xE4, 0x04, 0x00, 0x00, 0x00, 0x00, 0x00, 0x00, 0x00, 0x00, 0x00, 0x00, 0x00, 0x00, 0xA4, 0xFF,
    0xD3, 0xFF, 0x54, 0x00, 0x00, 0x00, 0x00, 0x00, 0x00, 0x00, 0x00, 0x00, 0x00, 0x00, 0x11, 0xF7,
    0xEA, 0x59, 0xFF, 0xC0, 0x00, 0x00, 0x00, 0x00, 0x00, 0x00, 0x00, 0x00, 0x00, 0x00, 0x00, 0x6E,
    0xFF, 0x9F, 0x0D, 0xF6, 0xFF, 0x2B, 0x00, 0x00, 0x00, 0x00, 0x00, 0x00, 0x00, 0x00, 0x00, 0x00,
    0xD3, 0xFF, 0x45, 0x00, 0xA7, 0xFF, 0x97, 0x00, 0x00, 0x00, 0x00, 0x00, 0x00, 0x00, 0x00, 0x00,
    0x38, 0xFF, 0xE2, 0x02, 0x00, 0x48, 0xFF, 0xF3, 0x0E, 0x00, 0x00, 0x00, 0x00, 0x00, 0x00, 0x00,
    0x00, 0x9D, 0xFF, 0x84, 0x00, 0x00, 0x03, 0xE6, 0xFF, 0x6E, 0x00, 0x00, 0x00, 0x00, 0x00, 0x00,
    0x00, 0x0D, 0xF4, 0xFF, 0x25, 0x00, 0x00, 0x00, 0x8A, 0xFF, 0xD8, 0x01, 0x00, 0x00, 0x00, 0x00,
    0x00, 0x00, 0x67, 0xFF, 0xC4, 0x00, 0x00, 0x00, 0x00, 0x2B, 0xFF, 0xFF, 0x45, 0x00, 0x00, 0x00,
    0x00, 0x00, 0x00, 0xCC, 0xFF, 0xFF, 0xFF, 0xFF, 0xFF, 0xFF, 0xFF, 0xFF, 0xFF, 0xB0, 0x00, 0x00,
    0x00, 0x00, 0x00, 0x31, 0xFF, 0xFB, 0xE4, 0xE4, 0xE4, 0xE4, 0xE4, 0xE4, 0xEC, 0xFF, 0xFC, 0x1F,
    0x00, 0x00, 0x00, 0x00, 0x96, 0xFF, 0x9D, 0x00, 0x00, 0x00, 0x00, 0x00, 0x00, 0x15, 0xF5, 0xFF,
    0x87, 0x00, 0x00, 0x00, 0x0A, 0xF0, 0xFF, 0x38, 0x00, 0x00, 0x00, 0x00, 0x00, 0x00, 0x00, 0x8C,
    0xFF, 0xEB, 0x07, 0x00, 0x00, 0x60, 0xFF, 0xD2, 0x00, 0x00, 0x00, 0x00, 0x00, 0x00, 0x00, 0x00,
    0x17, 0xF6, 0xFF, 0x5E, 0x00, 0x00, 0xC5, 0xFF, 0x6C, 0x00, 0x00, 0x00, 0x00, 0x00, 0x00, 0x00,
    0x00, 0x00, 0x8E, 0xFF, 0xCA, 0x00, 0x29, 0xFF, 0xF6, 0x10, 0x00, 0x00, 0x00, 0x00, 0x00, 0x00,
    0x00, 0x00, 0x00, 0x18, 0xFF, 0xFF, 0x36, 0x00, 0x00, 0x00, 0x00, 0x00, 0x00, 0x00, 0x00, 0x00,
    0x00, 0x00, 0x00, 0x00, 0x67, 0xFA, 0x5C, 0x00, 0x00, 0x00, 0x00, 0x00, 0x00, 0x00, 0x00, 0x00,
    0x00, 0x00, 0x00, 0x00, 0x4C, 0xFD, 0x9A, 0x00, 0x00, 0x00, 0x00, 0x00, 0x00, 0x00, 0x00, 0x00,
    0x00, 0x00, 0x00, 0x00, 0x00, 0xD7, 0xFF, 0x3E, 0x00, 0x00, 0x00, 0x00, 0x00, 0x00, 0x00, 0x00,
    0x00, 0x00, 0x00, 0x00, 0x00, 0x00, 0xF4, 0xFF, 0x6A, 0x07, 0x0C, 0x00, 0x00, 0x00, 0x00, 0x00,
    0x00, 0x00, 0x00, 0x00, 0x00, 0x00, 0x00, 0xB2, 0xFF, 0xFF, 0xFF, 0x6C, 0x00, 0x00, 0x00, 0x00,
    0x00, 0x00, 0x00, 0x00, 0x00, 0x00, 0x00, 0x00, 0x11, 0x83, 0xB1, 0xA9, 0x38, 0x00, 0x00, 0x06,
    0x5C, 0xB1, 0xE5, 0xFA, 0xF2, 0xC5, 0x5C, 0x00, 0x00, 0x00, 0x00, 0x00, 0x67, 0xFF, 0xFE, 0xD6,
    0xC3, 0xE7, 0xFF, 0xFF, 0x72, 0x00, 0x00, 0x00, 0x00, 0x0E, 0x7D, 0x1C, 0x00, 0x00, 0x04, 0x9D,
    0xFF, 0xEC, 0x01, 0x00, 0x00, 0x00, 0x00, 0x00, 0x00, 0x00, 0x00, 0x00, 0x22, 0xFF, 0xFF, 0x20,
    0x00, 0x00, 0x00, 0x00, 0x00, 0x00, 0x00, 0x00, 0x00, 0x04, 0xFF, 0xFF, 0x2F, 0x00, 0x00, 0x00,
    0x00, 0x38, 0x80, 0xA7, 0xB7, 0xBC, 0xBC, 0xFF, 0xFF, 0x30, 0x00, 0x00, 0x0C, 0xB3, 0xFF, 0xFF,
    0xFF, 0xFF, 0xFF, 0xFF, 0xFF, 0xFF, 0x30, 0x00, 0x00, 0x94, 0xFF, 0xF5, 0x6B, 0x22, 0x07, 0x00,
    0x00, 0xFF, 0xFF, 0x30, 0x00, 0x00, 0xEA, 0xFF, 0x6B, 0x00, 0x00, 0x00, 0x00, 0x0B, 0xFF, 0xFF,
    0x30, 0x00, 0x00, 0xF7, 0xFF, 0x3C, 0x00, 0x00, 0x00, 0x00, 0x50, 0xFF, 0xFF, 0x30, 0x00, 0x00,
    0xCE, 0xFF, 0x98, 0x02, 0x00, 0x00, 0x49, 0xE7, 0xFD, 0xFF, 0x30, 0x00, 0x00, 0x54, 0xFF, 0xFF,
    0xE3, 0xC4, 0xE4, 0xFF, 0xA3, 0x83, 0xFF, 0x30, 0x00, 0x00, 0x00, 0x4F, 0xC5, 0xF5, 0xF8, 0xD5,
    0x68, 0x03, 0x24, 0xFF, 0x32, 0x00, 0x00, 0x00, 0x00, 0x00, 0x00, 0x00, 0x00, 0x00, 0x04, 0xB5,
    0xD3, 0x06, 0x00, 0x00, 0x00, 0x00, 0x00, 0x00, 0x00, 0x00, 0x00, 0x8C, 0xFF, 0x4D, 0x00, 0x00,
    0x00, 0x00, 0x00, 0x00, 0x00, 0x00, 0x00, 0x11, 0xFB, 0xFF, 0x0A, 0x00, 0x00, 0x00, 0x00, 0x00,
    0x00, 0x00, 0x00, 0x00, 0x25, 0xFF, 0xFF, 0x38, 0x0F, 0x00, 0x00, 0x00, 0x00, 0x00, 0x00, 0x00,
    0x00, 0x05, 0xE3, 0xFF, 0xFF, 0xCC, 0x00, 0x00, 0x00, 0x00, 0x00, 0x00, 0x00, 0x00, 0x00, 0x29,
    0x9B, 0xB4, 0x75, 0x00, 0x00, 0x00, 0x00, 0x00, 0x00, 0x00, 0x00, 0x00, 0x00, 0x32, 0x80, 0x80,
    0x29, 0x00, 0x00, 0x00, 0x00, 0x00, 0x00, 0x00, 0x00, 0x00, 0x00, 0x09, 0xD8, 0xFF, 0xAF, 0x03,
    0x00, 0x00, 0x00, 0x00, 0x00, 0x00, 0x00, 0x00, 0x00, 0x00, 0x9A, 0xFF, 0xA5, 0x04, 0x00, 0x00,
    0x00, 0x00, 0x00, 0x00, 0x00, 0x00, 0x00, 0x00, 0x5B, 0xFD, 0x80, 0x01, 0x00, 0x00, 0x00, 0x00,
    0x00, 0x00, 0x00, 0x00, 0x00, 0x00, 0x00, 0x00, 0x00, 0x00, 0x00, 0x00, 0x00, 0x00, 0x00, 0x00,
    0x00, 0x00, 0x00, 0x00, 0x00, 0x00, 0x00, 0x00, 0x00, 0x00, 0x00, 0x00, 0x00, 0x00, 0x00, 0x00,
    0x00, 0x00, 0x00, 0x3B, 0x93, 0xD3, 0xED, 0xF9, 0xE3, 0xCA, 0x9E, 0x53, 0x04, 0x00, 0x00, 0x00,
    0x12, 0xB3, 0xFF, 0xFF, 0xF3, 0xCD, 0xC1, 0xD5, 0xFC, 0xFF, 0xDC, 0x04, 0x00, 0x00, 0x12, 0xD9,
    0xFF, 0xDC, 0x52, 0x05, 0x00, 0x00, 0x00, 0x0F, 0x61, 0x49, 0x00, 0x00, 0x00, 0xAE, 0xFF, 0xD1,
    0x13, 0x00, 0x00, 0x00, 0x00, 0x00, 0x00, 0x00, 0x00, 0x00, 0x00, 0x33, 0xFF, 0xFD, 0x2A, 0x00,
    0x00, 0x00, 0x00, 0x00, 0x00, 0x00, 0x00, 0x00, 0x00, 0x00, 0x91, 0xFF, 0xB1, 0x00, 0x00, 0x00,
    0x00, 0x00, 0x00, 0x00, 0x00, 0x00, 0x00, 0x00, 0x00, 0xCF, 0xFF, 0x69, 0x00, 0x00, 0x00, 0x00,
    0x00, 0x00, 0x00, 0x00, 0x00, 0x00, 0x00, 0x00, 0xED, 0xFF, 0x42, 0x00, 0x00, 0x00, 0x00, 0x00,
    0x00, 0x00, 0x00, 0x00, 0x00, 0x00, 0x00, 0xFA, 0xFF, 0x35, 0x00, 0x00, 0x00, 0x00, 0x00, 0x00,
    0x00, 0x00, 0x00, 0x00, 0x00, 0x00, 0xE8, 0xFF, 0x46, 0x00, 0x00, 0x00, 0x00, 0x00, 0x00, 0x00,
    0x00, 0x00, 0x00, 0x00, 0x00, 0xD0, 0xFF, 0x65, 0x00, 0x00, 0x00, 0x00, 0x00, 0x00, 0x00, 0x00,
    0x00, 0x00, 0x00, 0x00, 0x97, 0xFF, 0xAD, 0x00, 0x00, 0x00, 0x00, 0x00, 0x00, 0x00, 0x00, 0x00,
    0x00, 0x00, 0x00, 0x45, 0xFF, 0xF8, 0x25, 0x00, 0x00, 0x00, 0x00, 0x00, 0x00, 0x00, 0x00, 0x00,
    0x00, 0x00, 0x02, 0xC6, 0xFF, 0xC6, 0x0F, 0x00, 0x00, 0x00, 0x00, 0x00, 0x00, 0x00, 0x00, 0x00,
    0x00, 0x00, 0x28, 0xF1, 0xFF, 0xD6, 0x50, 0x03, 0x00, 0x00, 0x00, 0x00, 0x26, 0x2A, 0x00, 0x00,
    0x00, 0x00, 0x29, 0xDA, 0xFF, 0xFF, 0xF1, 0xD1, 0xC2, 0xD4, 0xED, 0xFF, 0x80, 0x00, 0x00, 0x00,
    0x00, 0x00, 0x08, 0x65, 0xB5, 0xE5, 0xFA, 0xFC, 0xF1, 0xD3, 0x9A, 0x35, 0x00, 0x00, 0x00, 0x00,
    0x00, 0x00, 0x00, 0x07, 0xDE, 0xFF, 0xA1, 0x00, 0x00, 0x00, 0x00, 0x00, 0x00, 0x00, 0x81, 0xFF,
    0xC2, 0x09, 0x00, 0x00, 0x00, 0x00, 0x00, 0x00, 0x35, 0xFA, 0xC4, 0x0D, 0x00, 0x00, 0x00, 0x00,
    0x00, 0x00, 0x00, 0x7A, 0x8C, 0x09, 0x00, 0x00, 0x00, 0x00, 0x00, 0x00, 0x00, 0x00, 0x00, 0x00,
    0x00, 0x00, 0x00, 0x00, 0x00, 0x00, 0x00, 0x1B, 0x89, 0xD6, 0xF4, 0xF0, 0xD5, 0x9B, 0x0F, 0x00,
    0x00, 0x3D, 0xEC, 0xFF, 0xF0, 0xC8, 0xD2, 0xF6, 0xE2, 0x02, 0x00, 0x14, 0xE7, 0xFF, 0x92, 0x0A,
    0x00, 0x00, 0x09, 0x28, 0x00, 0x00, 0x76, 0xFF, 0xCA, 0x00, 0x00, 0x00, 0x00, 0x00, 0x00, 0x00,
    0x00, 0xC7, 0xFF, 0x6D, 0x00, 0x00, 0x00, 0x00, 0x00, 0x00, 0x00, 0x00, 0xE7, 0xFF, 0x41, 0x00,
    0x00, 0x00, 0x00, 0x00, 0x00, 0x00, 0x00, 0xFA, 0xFF, 0x34, 0x00, 0x00, 0x00, 0x00, 0x00, 0x00,
    0x00, 0x00, 0xEA, 0xFF, 0x41, 0x00, 0x00, 0x00, 0x00, 0x00, 0x00, 0x00, 0x00, 0xCE, 0xFF, 0x6D,
    0x00, 0x00, 0x00, 0x00, 0x00, 0x00, 0x00, 0x00, 0x84, 0xFF, 0xC8, 0x00, 0x00, 0x00, 0x00, 0x00,
    0x00, 0x00, 0x00, 0x1F, 0xF1, 0xFF, 0x8D, 0x08, 0x00, 0x00, 0x03, 0x48, 0x00, 0x00, 0x00, 0x4F,
    0xF5, 0xFF, 0xEE, 0xC5, 0xD1, 0xF0, 0xFF, 0x00, 0x00, 0x00, 0x00, 0x27, 0x97, 0xDC, 0xF8, 0xF7,
    0xD4, 0x85, 0x00, 0x00, 0x00, 0xFF, 0xFF, 0xFF, 0xFF, 0xFF, 0xFF, 0xFF, 0xFF, 0xFF, 0x80, 0x00,
    0x00, 0x00, 0xFF, 0xFF, 0xC8, 0xBC, 0xBC, 0xBC, 0xBC, 0xBC, 0xBC, 0x5E, 0x00, 0x00, 0x00, 0xFF,
    0xFF, 0x30, 0x00, 0x00, 0x00, 0x00, 0x00, 0x00, 0x00, 0x00, 0x00, 0x00, 0xFF, 0xFF, 0x30, 0x00,
    0x00, 0x00, 0x00, 0x00, 0x00, 0x00, 0x00, 0x00, 0x00, 0xFF, 0xFF, 0x30, 0x00, 0x00, 0x00, 0x00,
    0x00, 0x00, 0x00, 0x00, 0x00, 0x00, 0xFF, 0xFF, 0x30, 0x00, 0x00, 0x00, 0x00, 0x00, 0x00, 0x00,
    0x00, 0x00, 0x00, 0xFF, 0xFF, 0x30, 0x00, 0x00, 0x00, 0x00, 0x00, 0x00, 0x00, 0x00, 0x00, 0x00,
    0xFF, 0xFF, 0xC8, 0xBC, 0xBC, 0xBC, 0xBC, 0xBC, 0xBC, 0x00, 0x00, 0x00, 0x00, 0xFF, 0xFF, 0xFF,
    0xFF, 0xFF, 0xFF, 0xFF, 0xFF, 0xFF, 0x00, 0x00, 0x00, 0x00, 0xFF, 0xFF, 0x30, 0x00, 0x00, 0x00,
    0x00, 0x00, 0x00, 0x00, 0x00, 0x00, 0x00, 0xFF, 0xFF, 0x30, 0x00, 0x00, 0x00, 0x00, 0x00, 0x00,
    0x00, 0x00, 0x00, 0x00, 0xFF, 0xFF, 0x30, 0x00, 0x00, 0x00, 0x00, 0x00, 0x00, 0x00, 0x00, 0x00,
    0x00, 0xFF, 0xFF, 0x30, 0x00, 0x00, 0x00, 0x00, 0x00, 0x00, 0x00, 0x00, 0x00, 0x00, 0xFF, 0xFF,
    0x30, 0x00, 0x00, 0x00, 0x00, 0x00, 0x00, 0x00, 0x00, 0x00, 0x00, 0xFF, 0xFF, 0x30, 0x00, 0x00,
    0x00, 0x00, 0x00, 0x00, 0x00, 0x00, 0x00, 0x00, 0xFF, 0xFF, 0xC8, 0xBC, 0xBC, 0xBC, 0xBC, 0xBC,
    0xBC, 0x5E, 0x00, 0x00, 0x00, 0xFF, 0xFF, 0xFF, 0xFF, 0xFF, 0xFF, 0xFF, 0xFF, 0xFF, 0x80, 0x00,
    0x00, 0x00, 0x00, 0x00, 0x00, 0x00, 0x00, 0x00, 0x8D, 0xF7, 0x40, 0x00, 0x00, 0x00, 0x00, 0x00,
    0x00, 0x00, 0x00, 0x00, 0x77, 0xFF, 0x6E, 0x00, 0x00, 0x00, 0x00, 0x00, 0x00, 0x00, 0x00, 0x00,
    0x0E, 0xF7, 0xFF, 0x0F, 0x00, 0x00, 0x00, 0x00, 0x00, 0x00, 0x00, 0x00, 0x00, 0x24, 0xFF, 0xFF,
    0x3E, 0x08, 0x0B, 0x00, 0x00, 0x00, 0x00, 0x00, 0x00, 0x00, 0x03, 0xDC, 0xFF, 0xFF, 0xFF, 0x5C,
    0x00, 0x00, 0x00, 0x00, 0x00, 0x00, 0x00, 0x00, 0x1E, 0x8E, 0xB3, 0xA6, 0x2F, 0x00, 0x00, 0x00,
    0x00, 0x1A, 0x8B, 0xD9, 0xF6, 0xE8, 0xB6, 0x48, 0x00, 0x00, 0x00, 0x00, 0x00, 0x33, 0xE8, 0xFF,
    0xEC, 0xC6, 0xD7, 0xFF, 0xFF, 0x80, 0x00, 0x00, 0x00, 0x0B, 0xDF, 0xFF, 0x78, 0x03, 0x00, 0x00,
    0x3E, 0xF1, 0xFE, 0x40, 0x00, 0x00, 0x6F, 0xFF, 0xAA, 0x00, 0x00, 0x00, 0x00, 0x00, 0x7A, 0xFF,
    0xAC, 0x00, 0x00, 0xC0, 0xFF, 0x54, 0x00, 0x00, 0x00, 0x00, 0x00, 0x3C, 0xFF, 0xE4, 0x00, 0x00,
    0xE6, 0xFF, 0xFF, 0xFF, 0xFF, 0xFF, 0xFF, 0xFF, 0xFF, 0xFF, 0xFC, 0x00, 0x00, 0xF9, 0xFF, 0xC9,
    0xBC, 0xBC, 0xBC, 0xBC, 0xBC, 0xBC, 0xBC, 0xBC, 0x00, 0x00, 0xE9, 0xFF, 0x3D, 0x00, 0x00, 0x00,
    0x00, 0x00, 0x00, 0x00, 0x00, 0x00, 0x00, 0xC6, 0xFF, 0x6D, 0x00, 0x00, 0x00, 0x00, 0x00, 0x00,
    0x00, 0x00, 0x00, 0x00, 0x72, 0xFF, 0xD4, 0x05, 0x00, 0x00, 0x00, 0x00, 0x00, 0x00, 0x00, 0x00,
    0x00, 0x10, 0xE0, 0xFF, 0xAF, 0x17, 0x00, 0x00, 0x00, 0x08, 0x53, 0x3D, 0x00, 0x00, 0x00, 0x31,
    0xE1, 0xFF, 0xFB, 0xCE, 0xBF, 0xD0, 0xF7, 0xFF, 0x6C, 0x00, 0x00, 0x00, 0x00, 0x10, 0x79, 0xCB,
    0xED, 0xFC, 0xFB, 0xFF, 0xFF, 0x2B, 0x00, 0x00, 0x00, 0x00, 0x00, 0x00, 0x00, 0x00, 0x0C, 0xCF,
    0xE1, 0x1B, 0x00, 0x00, 0x00, 0x00, 0x00, 0x00, 0x00, 0x00, 0x00, 0x9F, 0xFF, 0x5D, 0x00, 0x00,
    0x00, 0x00, 0x00, 0x00, 0x00, 0x00, 0x00, 0x00, 0xF4, 0xFF, 0x48, 0x00, 0x00, 0x00, 0x00, 0x00,
    0x00, 0x00, 0x00, 0x00, 0x00, 0xDA, 0xFF, 0xEF, 0xC4, 0x35, 0x00, 0x00, 0x00, 0x00, 0x00, 0x00,
    0x00, 0x00, 0x3C, 0xCF, 0xF7, 0xE8, 0x31, 0x00, 0x00, 0x00, 0x00, 0xFF, 0xFF, 0x30, 0x00, 0x00,
    0x00, 0x00, 0x00, 0x00, 0x00, 0x00, 0x00, 0x00, 0xFF, 0xFF, 0x30, 0x00, 0x00, 0x00, 0x00, 0x00,
    0x00, 0x00, 0x00, 0x00, 0x00, 0xFF, 0xFF, 0x30, 0x00, 0x00, 0x00, 0x00, 0x00, 0x00, 0x00, 0x00,
    0x00, 0x00, 0xFF, 0xFF, 0x30, 0x00, 0x00, 0x00, 0x00, 0x00, 0x00, 0x00, 0x00, 0x00, 0x00, 0xFF,
    0xFF, 0x30, 0x00, 0x00, 0x00, 0x00, 0x00, 0x00, 0x00, 0x00, 0x00, 0x00, 0xFF, 0xFF, 0x30, 0x00,
    0x00, 0x00, 0x00, 0x00, 0x00, 0x00, 0x00, 0x00, 0x00, 0xFF, 0xFF, 0x30, 0x07, 0x7C, 0xAA, 0x00,
    0x00, 0x00, 0x00, 0x00, 0x00, 0x00, 0xFF, 0xFF, 0x76, 0xDB, 0xFF, 0xDF, 0x12, 0x00, 0x00, 0x00,
    0x00, 0x00, 0x00, 0xFF, 0xFF, 0xFF, 0xF6, 0x80, 0x09, 0x00, 0x00, 0x00, 0x00, 0x00, 0x0C, 0x88,
    0xFF, 0xFF, 0xB1, 0x1F, 0x00, 0x00, 0x00, 0x00, 0x00, 0x00, 0x00, 0xC8, 0xFF, 0xFF, 0xFF, 0x30,
    0x00, 0x00, 0x00, 0x00, 0x00, 0x00, 0x00, 0x00, 0x4E, 0x68, 0xFF, 0xFF, 0x30, 0x00, 0x00, 0x00,
    0x00, 0x00, 0x00, 0x00, 0x00, 0x00, 0x00, 0xFF, 0xFF, 0x30, 0x00, 0x00, 0x00, 0x00, 0x00, 0x00,
    0x00, 0x00, 0x00, 0x00, 0xFF, 0xFF, 0x30, 0x00, 0x00, 0x00, 0x00, 0x00, 0x00, 0x00, 0x00, 0x00,
    0x00, 0xFF, 0xFF, 0x30, 0x00, 0x00, 0x00, 0x00, 0x00, 0x00, 0x00, 0x00, 0x00, 0x00, 0xFF, 0xFF,
    0xEC, 0xE8, 0xE8, 0xE8, 0xE8, 0xE8, 0xE8, 0x74, 0x00, 0x00, 0x00, 0xFF, 0xFF, 0xFF, 0xFF, 0xFF,
    0xFF, 0xFF, 0xFF, 0xFF, 0x80, 0x00, 0x00, 0x00, 0xFF, 0xFF, 0x30, 0x00, 0x00, 0x00, 0x00, 0x00,
    0xFF, 0xFF, 0x30, 0x00, 0x00, 0x00, 0x00, 0x00, 0xFF, 0xFF, 0x30, 0x00, 0x00, 0x00, 0x00, 0x00,
    0xFF, 0xFF, 0x30, 0x00, 0x00, 0x00, 0x00, 0x00, 0xFF, 0xFF, 0x30, 0x00, 0x00, 0x00, 0x00, 0x00,
    0xFF, 0xFF, 0x30, 0x00, 0x00, 0x00, 0x00, 0x00, 0xFF, 0xFF, 0x30, 0x03, 0x00, 0x00, 0x00, 0x00,
    0xFF, 0xFF, 0x76, 0xDB, 0x23, 0x00, 0x00, 0x00, 0xFF, 0xFF, 0xFF, 0xEE, 0x46, 0x00, 0x01, 0x66,
    0xFF, 0xFF, 0xB4, 0x19, 0x00, 0x02, 0xBE, 0xFF, 0xFF, 0xFF, 0x30, 0x00, 0x00, 0x00, 0x89, 0x90,
    0xFF, 0xFF, 0x30, 0x00, 0x00, 0x00, 0x00, 0x00, 0xFF, 0xFF, 0x30, 0x00, 0x00, 0x00, 0x00, 0x00,
    0xFF, 0xFF, 0x30, 0x00, 0x00, 0x00, 0x00, 0x00, 0xFF, 0xFF, 0x30, 0x00, 0x00, 0x00, 0x00, 0x00,
    0xFF, 0xFF, 0x30, 0x00, 0x00, 0x00, 0x00, 0x00, 0xFF, 0xFF, 0x30, 0x00, 0x00, 0x00, 0x00, 0x00,
    0xFF, 0xFF, 0x30, 0x00, 0x00, 0x00, 0x00, 0x00, 0x00, 0x00, 0x00, 0x00, 0x00, 0x00, 0x0F, 0x7F,
    0x80, 0x3E, 0x00, 0x00, 0x00, 0x00, 0x00, 0x00, 0x00, 0x00, 0x00, 0x00, 0x00, 0x00, 0x00, 0x00,
    0x86, 0xFF, 0xE4, 0x15, 0x00, 0x00, 0x00, 0x00, 0x00, 0x00, 0x00, 0x00, 0x00, 0x00, 0x00, 0x00,
    0x00, 0x26, 0xF8, 0xF1, 0x2F, 0x00, 0x00, 0x00, 0x00, 0x00, 0x00, 0x00, 0x00, 0x00, 0x00, 0x00,
    0x00, 0x00, 0x02, 0xC3, 0xF4, 0x3E, 0x00, 0x00, 0x00, 0x00, 0x00, 0x00, 0x00, 0x00, 0x00, 0x00,
    0x00, 0x00, 0x00, 0x00, 0x1C, 0x80, 0x33, 0x00, 0x00, 0x00, 0x00, 0x00, 0x00, 0x00, 0x00, 0x00,
    0x00, 0x00, 0x00, 0x00, 0x00, 0x00, 0x00, 0x00, 0x00, 0x00, 0x00, 0x00, 0x00, 0x00, 0x00, 0x00,
    0x00, 0x00, 0x00, 0xFF, 0xFF, 0xF4, 0x20, 0x00, 0x00, 0x00, 0x00, 0x00, 0x00, 0x00, 0x30, 0xFF,
    0xFF, 0x00, 0x00, 0x00, 0x00, 0xFF, 0xFF, 0xFF, 0xB7, 0x00, 0x00, 0x00, 0x00, 0x00, 0x00, 0x00,
    0x30, 0xFF, 0xFF, 0x00, 0x00, 0x00, 0x00, 0xFF, 0xFF, 0xFE, 0xFF, 0x5B, 0x00, 0x00, 0x00, 0x00,
    0x00, 0x00, 0x30, 0xFF, 0xFF, 0x00, 0x00, 0x00, 0x00, 0xFF, 0xFF, 0x9B, 0xFF, 0xEA, 0x13, 0x00,
    0x00, 0x00, 0x00, 0x00, 0x30, 0xFF, 0xFF, 0x00, 0x00, 0x00, 0x00, 0xFF, 0xFF, 0x32, 0xCA, 0xFF,
    0xA1, 0x00, 0x00, 0x00, 0x00, 0x00, 0x30, 0xFF, 0xFF, 0x00, 0x00, 0x00, 0x00, 0xFF, 0xFF, 0x30,
    0x2D, 0xFA, 0xFF, 0x45, 0x00, 0x00, 0x00, 0x00, 0x30, 0xFF, 0xFF, 0x00, 0x00, 0x00, 0x00, 0xFF,
    0xFF, 0x30, 0x00, 0x84, 0xFF, 0xDD, 0x0A, 0x00, 0x00, 0x00, 0x30, 0xFF, 0xFF, 0x00, 0x00, 0x00,
    0x00, 0xFF, 0xFF, 0x30, 0x00, 0x07, 0xD7, 0xFF, 0x8A, 0x00, 0x00, 0x00, 0x30, 0xFF, 0xFF, 0x00,
    0x00, 0x00, 0x00, 0xFF, 0xFF, 0x30, 0x00, 0x00, 0x3C, 0xFE, 0xFC, 0x31, 0x00, 0x00, 0x30, 0xFF,
    0xFF, 0x00, 0x00, 0x00, 0x00, 0xFF, 0xFF, 0x30, 0x00, 0x00, 0x00, 0x96, 0xFF, 0xCD, 0x03, 0x00,
    0x30, 0xFF, 0xFF, 0x00, 0x00, 0x00, 0x00, 0xFF, 0xFF, 0x30, 0x00, 0x00, 0x00, 0x0E, 0xE3, 0xFF,
    0x73, 0x00, 0x30, 0xFF, 0xFF, 0x00, 0x00, 0x00, 0x00, 0xFF, 0xFF, 0x30, 0x00, 0x00, 0x00, 0x00,
    0x4D, 0xFF, 0xF5, 0x21, 0x30, 0xFF, 0xFF, 0x00, 0x00, 0x00, 0x00, 0xFF, 0xFF, 0x30, 0x00, 0x00,
    0x00, 0x00, 0x00, 0xA9, 0xFF, 0xBA, 0x30, 0xFF, 0xFF, 0x00, 0x00, 0x00, 0x00, 0xFF, 0xFF, 0x30,
    0x00, 0x00, 0x00, 0x00, 0x00, 0x16, 0xED, 0xFF, 0x8C, 0xFF, 0xFF, 0x00, 0x00, 0x00, 0x00, 0xFF,
    0xFF, 0x30, 0x00, 0x00, 0x00, 0x00, 0x00, 0x00, 0x60, 0xFF, 0xFD, 0xFF, 0xFF, 0x00, 0x00, 0x00,
    0x00, 0xFF, 0xFF, 0x30, 0x00, 0x00, 0x00, 0x00, 0x00, 0x00, 0x00, 0xBA, 0xFF, 0xFF, 0xFF, 0x00,
    0x00, 0x00, 0x00, 0xFF, 0xFF, 0x30, 0x00, 0x00, 0x00, 0x00, 0x00, 0x00, 0x00, 0x21, 0xF5, 0xFF,
    0xFF, 0x00, 0x00, 0x00, 0x00, 0x00, 0x00, 0x00, 0x00, 0x00, 0x04, 0xD6, 0xFF, 0xBF, 0x00, 0x00,
    0x00, 0x00, 0x00, 0x00, 0x00, 0x00, 0x00, 0x00, 0x00, 0x7A, 0xFF, 0xD3, 0x12, 0x00, 0x00, 0x00,
    0x00, 0x00, 0x00, 0x00, 0x00, 0x00, 0x00, 0x32, 0xF9, 0xCF, 0x15, 0x00, 0x00, 0x00, 0x00, 0x00,
    0x00, 0x00, 0x00, 0x00, 0x00, 0x00, 0x7A, 0x90, 0x0C, 0x00, 0x00, 0x00, 0x00, 0x00, 0x00, 0x00,
    0x00, 0x00, 0x00, 0x00, 0x00, 0x00, 0x00, 0x00, 0x00, 0x00, 0x00, 0x00, 0x00, 0x00, 0x00, 0x00,
    0xFF, 0xD9, 0x00, 0x37, 0xAB, 0xE3, 0xFA, 0xE4, 0xA3, 0x27, 0x00, 0x00, 0x00, 0x00, 0x00, 0xFF,
    0xFC, 0x63, 0xFC, 0xEC, 0xC5, 0xD2, 0xF9, 0xFF, 0xF2, 0x2A, 0x00, 0x00, 0x00, 0x00, 0xFF, 0xFF,
    0xFF, 0x74, 0x03, 0x00, 0x00, 0x24, 0xDF, 0xFF, 0xA7, 0x00, 0x00, 0x00, 0x00, 0xFF, 0xFF, 0xB5,
    0x00, 0x00, 0x00, 0x00, 0x00, 0x67, 0xFF, 0xE5, 0x00, 0x00, 0x00, 0x00, 0xFF, 0xFF, 0x61, 0x00,
    0x00, 0x00, 0x00, 0x00, 0x3B, 0xFF, 0xFB, 0x00, 0x00, 0x00, 0x00, 0xFF, 0xFF, 0x3B, 0x00, 0x00,
    0x00, 0x00, 0x00, 0x30, 0xFF, 0xFF, 0x00, 0x00, 0x00, 0x00, 0xFF, 0xFF, 0x30, 0x00, 0x00, 0x00,
    0x00, 0x00, 0x30, 0xFF, 0xFF, 0x00, 0x00, 0x00, 0x00, 0xFF, 0xFF, 0x30, 0x00, 0x00, 0x00, 0x00,
    0x00, 0x30, 0xFF, 0xFF, 0x00, 0x00, 0x00, 0x00, 0xFF, 0xFF, 0x30, 0x00, 0x00, 0x00, 0x00, 0x00,
    0x30, 0xFF, 0xFF, 0x00, 0x00, 0x00, 0x00, 0xFF, 0xFF, 0x30, 0x00, 0x00, 0x00, 0x00, 0x00, 0x30,
    0xFF, 0xFF, 0x00, 0x00, 0x00, 0x00, 0xFF, 0xFF, 0x30, 0x00, 0x00, 0x00, 0x00, 0x00, 0x30, 0xFF,
    0xFF, 0x00, 0x00, 0x00, 0x00, 0xFF, 0xFF, 0x30, 0x00, 0x00, 0x00, 0x00, 0x00, 0x30, 0xFF, 0xFF,
    0x00, 0x00, 0x00, 0x00, 0xFF, 0xFF, 0x30, 0x00, 0x00, 0x00, 0x00, 0x00, 0x30, 0xFF, 0xFF, 0x00,
    0x00, 0x00, 0x00, 0x00, 0x00, 0x00, 0x00, 0x00, 0x41, 0x80, 0x80, 0x21, 0x00, 0x00, 0x00, 0x00,
    0x00, 0x00, 0x00, 0x00, 0x18, 0xEB, 0xFF, 0x9E, 0x00, 0x00, 0x00, 0x00, 0x00, 0x00, 0x00, 0x00,
    0x03, 0xBD, 0xFF, 0x93, 0x01, 0x00, 0x00, 0x00, 0x00, 0x00, 0x00, 0x00, 0x00, 0x87, 0xF8, 0x6A,
    0x00, 0x00, 0x00, 0x00, 0x00, 0x00, 0x00, 0x00, 0x00, 0x00, 0x00, 0x00, 0x00, 0x00, 0x00, 0x00,
    0x00, 0x00, 0x00, 0x00, 0x00, 0x00, 0x00, 0x00, 0x00, 0x00, 0x00, 0x00, 0x00, 0x00, 0x00, 0x00,
    0x00, 0x01, 0x5A, 0xB3, 0xE6, 0xFA, 0xF6, 0xE0, 0xB4, 0x6E, 0x1E, 0x00, 0x00, 0x0A, 0xBC, 0xFF,
    0xFE, 0xD7, 0xC0, 0xCA, 0xEF, 0xFF, 0xFF, 0x58, 0x00, 0x00, 0x8D, 0xFF, 0xD9, 0x27, 0x00, 0x00,
    0x00, 0x00, 0x32, 0x7D, 0x07, 0x00, 0x00, 0xE4, 0xFF, 0x50, 0x00, 0x00, 0x00, 0x00, 0x00, 0x00,
    0x00, 0x00, 0x00, 0x00, 0xF9, 0xFF, 0x3B, 0x00, 0x00, 0x00, 0x00, 0x00, 0x00, 0x00, 0x00, 0x00,
    0x00, 0xD5, 0xFF, 0x94, 0x00, 0x00, 0x00, 0x00, 0x00, 0x00, 0x00, 0x00, 0x00, 0x00, 0x6E, 0xFF,
    0xFF, 0xA0, 0x20, 0x00, 0x00, 0x00, 0x00, 0x00, 0x00, 0x00, 0x00, 0x01, 0x96, 0xFF, 0xFF, 0xFD,
    0xB9, 0x58, 0x07, 0x00, 0x00, 0x00, 0x00, 0x00, 0x00, 0x00, 0x42, 0xBC, 0xFE, 0xFF, 0xFF, 0xEB,
    0x76, 0x05, 0x00, 0x00, 0x00, 0x00, 0x00, 0x00, 0x00, 0x22, 0x7E, 0xE1, 0xFF, 0xFF, 0xC9, 0x0D,
    0x00, 0x00, 0x00, 0x00, 0x00, 0x00, 0x00, 0x00, 0x04, 0x6B, 0xF9, 0xFF, 0x94, 0x00, 0x00, 0x00,
    0x00, 0x00, 0x00, 0x00, 0x00, 0x00, 0x00, 0x75, 0xFF, 0xE6, 0x00, 0x00, 0x00, 0x00, 0x00, 0x00,
    0x00, 0x00, 0x00, 0x00, 0x38, 0xFF, 0xF5, 0x00, 0x00, 0x00, 0x00, 0x00, 0x00, 0x00, 0x00, 0x00,
    0x00, 0x63, 0xFF, 0xD1, 0x00, 0x00, 0x88, 0x36, 0x03, 0x00, 0x00, 0x00, 0x00, 0x48, 0xEB, 0xFF,
    0x65, 0x00, 0x00, 0xFF, 0xFF, 0xF7, 0xD3, 0xC1, 0xC5, 0xE9, 0xFF, 0xFE, 0x8E, 0x00, 0x00, 0x00,
    0x6A, 0xB2, 0xDB, 0xF2, 0xFC, 0xF2, 0xD8, 0x99, 0x35, 0x00, 0x00, 0x00, 0x00, 0x00, 0x00, 0x00,
    0x00, 0x00, 0xC7, 0xFF, 0xC5, 0x00, 0x00, 0x00, 0x00, 0x00, 0x00, 0x00, 0x5E, 0xFF, 0xD9, 0x16,
    0x00, 0x00, 0x00, 0x00, 0x00, 0x00, 0x18, 0xEB, 0xD9, 0x1B, 0x00, 0x00, 0x00, 0x00, 0x00, 0x00,
    0x00, 0x5C, 0x97, 0x13, 0x00, 0x00, 0x00, 0x00, 0x00, 0x00, 0x00, 0x00, 0x00, 0x00, 0x00, 0x00,
    0x00, 0x00, 0x00, 0x00, 0x00, 0x33, 0xA1, 0xDA, 0xF6, 0xEC, 0xD1, 0x9A, 0x41, 0x00, 0x00, 0x5A,
    0xFD, 0xFF, 0xE6, 0xC3, 0xD6, 0xF7, 0xFF, 0x9A, 0x00, 0x00, 0xDE, 0xFF, 0x89, 0x02, 0x00, 0x00,
    0x07, 0x4F, 0x1F, 0x00, 0x00, 0xF7, 0xFF, 0x41, 0x00, 0x00, 0x00, 0x00, 0x00, 0x00, 0x00, 0x00,
    0xBF, 0xFF, 0xD1, 0x32, 0x00, 0x00, 0x00, 0x00, 0x00, 0x00, 0x00, 0x23, 0xD9, 0xFF, 0xFF, 0xC0,
    0x59, 0x06, 0x00, 0x00, 0x00, 0x00, 0x00, 0x08, 0x6D, 0xDA, 0xFF, 0xFF, 0xE7, 0x69, 0x01, 0x00,
    0x00, 0x00, 0x00, 0x00, 0x01, 0x43, 0xB5, 0xFF, 0xFF, 0x8F, 0x00, 0x00, 0x00, 0x00, 0x00, 0x00,
    0x00, 0x00, 0x6A, 0xFF, 0xFC, 0x11, 0x00, 0x00, 0x00, 0x00, 0x00, 0x00, 0x00, 0x0D, 0xFF, 0xFF,
    0x25, 0x00, 0x85, 0x27, 0x00, 0x00, 0x00, 0x03, 0x7D, 0xFF, 0xEF, 0x06, 0x00, 0xFF, 0xFF, 0xE6,
    0xC4, 0xC7, 0xE9, 0xFF, 0xFD, 0x5F, 0x00, 0x00, 0x5A, 0xB3, 0xE6, 0xFA, 0xF7, 0xE0, 0xA4, 0x36,
    0x00, 0x00, 0x00, 0x00, 0x00, 0x00, 0x00, 0x00, 0x00, 0x49, 0x80, 0x7B, 0x01, 0x00, 0x00, 0x00,
    0x00, 0x00, 0x00, 0x00, 0x00, 0x00, 0x0D, 0xEA, 0xFF, 0x79, 0x00, 0x00, 0x00, 0x00, 0x00, 0x00,
    0x00, 0x00, 0x00, 0x00, 0x8E, 0xFF, 0xA7, 0x00, 0x00, 0x00, 0x00, 0x00, 0x00, 0x00, 0x00, 0x00,
    0x00, 0x34, 0xFB, 0xB8, 0x06, 0x00, 0x00, 0x00, 0x00, 0x00, 0x00, 0x00, 0x00, 0x00, 0x00, 0x50,
    0x75, 0x06, 0x00, 0x00, 0x00, 0x00, 0x00, 0x00, 0x00, 0x00, 0x00, 0x00, 0x00, 0x00, 0x00, 0x00,
    0x00, 0x00, 0x00, 0x00, 0x00, 0x00, 0x00, 0xFF, 0xFF, 0xFF, 0xFF, 0xFF, 0xFF, 0xFF, 0xFF, 0xFF,
    0xFF, 0xFF, 0x00, 0x00, 0x00, 0xBC, 0xBC, 0xBC, 0xBC, 0xBC, 0xBC, 0xBC, 0xBC, 0xE5, 0xFF, 0xE9,
    0x00, 0x00, 0x00, 0x00, 0x00, 0x00, 0x00, 0x00, 0x00, 0x00, 0x13, 0xEC, 0xFF, 0x58, 0x00, 0x00,
    0x00, 0x00, 0x00, 0x00, 0x00, 0x00, 0x00, 0x00, 0x9E, 0xFF, 0xB6, 0x00, 0x00, 0x00, 0x00, 0x00,
    0x00, 0x00, 0x00, 0x00, 0x00, 0x3C, 0xFE, 0xF4, 0x1F, 0x00, 0x00, 0x00, 0x00, 0x00, 0x00, 0x00,
    0x00, 0x00, 0x04, 0xD3, 0xFF, 0x71, 0x00, 0x00, 0x00, 0x00, 0x00, 0x00, 0x00, 0x00, 0x00, 0x00,
    0x75, 0xFF, 0xCB, 0x03, 0x00, 0x00, 0x00, 0x00, 0x00, 0x00, 0x00, 0x00, 0x00, 0x1D, 0xF4, 0xFB,
    0x30, 0x00, 0x00, 0x00, 0x00, 0x00, 0x00, 0x00, 0x00, 0x00, 0x00, 0xAF, 0xFF, 0x8A, 0x00, 0x00,
    0x00, 0x00, 0x00, 0x00, 0x00, 0x00, 0x00, 0x00, 0x4C, 0xFF, 0xDD, 0x0A, 0x00, 0x00, 0x00, 0x00,
    0x00, 0x00, 0x00, 0x00, 0x00, 0x09, 0xDF, 0xFF, 0x45, 0x00, 0x00, 0x00, 0x00, 0x00, 0x00, 0x00,
    0x00, 0x00, 0x00, 0x87, 0xFF, 0xA3, 0x00, 0x00, 0x00, 0x00, 0x00, 0x00, 0x00, 0x00, 0x00, 0x00,
    0x29, 0xFA, 0xEC, 0x14, 0x00, 0x00, 0x00, 0x00, 0x00, 0x00, 0x00, 0x00, 0x00, 0x00, 0xC0, 0xFF,
    0x5E, 0x00, 0x00, 0x00, 0x00, 0x00, 0x00, 0x00, 0x00, 0x00, 0x00, 0x5E, 0xFF, 0xBB, 0x00, 0x00,
    0x00, 0x00, 0x00, 0x00, 0x00, 0x00, 0x00, 0x00, 0x00, 0xE9, 0xFF, 0xD2, 0xBC, 0xBC, 0xBC, 0xBC,
    0xBC, 0xBC, 0xBC, 0xBC, 0xBC, 0x00, 0x00, 0xFF, 0xFF, 0xFF, 0xFF, 0xFF, 0xFF, 0xFF, 0xFF, 0xFF,
    0xFF, 0xFF, 0xFF, 0x00, 0x00, 0x00, 0x00, 0x00, 0x00, 0x0A, 0xDF, 0xFF, 0xBD, 0x00, 0x00, 0x00,
    0x00, 0x00, 0x00, 0x00, 0x97, 0xFF, 0xC1, 0x0D, 0x00, 0x00, 0x00, 0x00, 0x00, 0x00, 0x59, 0xFF,
    0xAD, 0x08, 0x00, 0x00, 0x00, 0x00, 0x00, 0x00, 0x00, 0x6A, 0x5F, 0x01, 0x00, 0x00, 0x00, 0x00,
    0x00, 0x00, 0x00, 0x00, 0x00, 0x00, 0x00, 0x00, 0x00, 0x00, 0x00, 0x00, 0xFF, 0xFF, 0xFF, 0xFF,
    0xFF, 0xFF, 0xFF, 0xFF, 0xFF, 0x00, 0x00, 0xBC, 0xBC, 0xBC, 0xBC, 0xBC, 0xBC, 0xDB, 0xFF, 0xF6,
    0x00, 0x00, 0x00, 0x00, 0x00, 0x00, 0x00, 0x0A, 0xDA, 0xFF, 0x68, 0x00, 0x00, 0x00, 0x00, 0x00,
    0x00, 0x00, 0x92, 0xFF, 0xAE, 0x00, 0x00, 0x00, 0x00, 0x00, 0x00, 0x00, 0x41, 0xFE, 0xE3, 0x12,
    0x00, 0x00, 0x00, 0x00, 0x00, 0x00, 0x0D, 0xDF, 0xFC, 0x3E, 0x00, 0x00, 0x00, 0x00, 0x00, 0x00,
    0x00, 0x9B, 0xFF, 0x81, 0x00, 0x00, 0x00, 0x00, 0x00, 0x00, 0x00, 0x48, 0xFF, 0xC3, 0x03, 0x00,
    0x00, 0x00, 0x00, 0x00, 0x00, 0x10, 0xE4, 0xEF, 0x1E, 0x00, 0x00, 0x00, 0x00, 0x00, 0x00, 0x00,
    0xA3, 0xFF, 0x54, 0x00, 0x00, 0x00, 0x00, 0x00, 0x00, 0x00, 0x4F, 0xFF, 0x9A, 0x00, 0x00, 0x00,
    0x00, 0x00, 0x00, 0x00, 0x00, 0xE9, 0xFF, 0xC5, 0xBC, 0xBC, 0xBC, 0xBC, 0xBC, 0xBC, 0x00, 0x00,
    0xFF, 0xFF, 0xFF, 0xFF, 0xFF, 0xFF, 0xFF, 0xFF, 0xFF, 0x00, 0x00, 0x00, 0x00, 0x00, 0x00, 0x00,
    0x8C, 0xAE, 0x04, 0x00, 0x00, 0x00, 0x00, 0x00, 0x00, 0x00, 0x00, 0x00, 0x00, 0x00, 0xF8, 0xFF,
    0x27, 0x00, 0x00, 0x00, 0x00, 0x00, 0x00, 0x00, 0x00, 0x00, 0x00, 0x00, 0xB0, 0xD5, 0x08, 0x00,
    0x00, 0x00, 0x00, 0x00, 0x00, 0x00, 0x00, 0x00, 0x00, 0x00, 0x00, 0x00, 0x00, 0x00, 0x00, 0x00,
    0x00, 0x00, 0x00, 0x00, 0x00, 0x00, 0x00, 0x00, 0x00, 0x00, 0x00, 0x00, 0x00, 0x00, 0x00, 0x00,
    0x00, 0xFF, 0xFF, 0xFF, 0xFF, 0xFF, 0xFF, 0xFF, 0xFF, 0xFF, 0xFF, 0xFF, 0x00, 0x00, 0x00, 0xBC,
    0xBC, 0xBC, 0xBC, 0xBC, 0xBC, 0xBC, 0xBC, 0xD5, 0xFF, 0xE9, 0x00, 0x00, 0x00, 0x00, 0x00, 0x00,
    0x00, 0x00, 0x00, 0x00, 0x01, 0xC5, 0xFF, 0x5E, 0x00, 0x00, 0x00, 0x00, 0x00, 0x00, 0x00, 0x00,
    0x00, 0x00, 0x69, 0xFF, 0xC0, 0x00, 0x00, 0x00, 0x00, 0x00, 0x00, 0x00, 0x00, 0x00, 0x00, 0x19,
    0xF0, 0xFA, 0x2A, 0x00, 0x00, 0x00, 0x00, 0x00, 0x00, 0x00, 0x00, 0x00, 0x00, 0xAC, 0xFF, 0x88,
    0x00, 0x00, 0x00, 0x00, 0x00, 0x00, 0x00, 0x00, 0x00, 0x00, 0x4D, 0xFF, 0xE1, 0x0A, 0x00, 0x00,
    0x00, 0x00, 0x00, 0x00, 0x00, 0x00, 0x00, 0x0C, 0xE2, 0xFF, 0x4F, 0x00, 0x00, 0x00, 0x00, 0x00,
    0x00, 0x00, 0x00, 0x00, 0x00, 0x91, 0xFF, 0xB2, 0x00, 0x00, 0x00, 0x00, 0x00, 0x00, 0x00, 0x00,
    0x00, 0x00, 0x34, 0xFD, 0xF6, 0x20, 0x00, 0x00, 0x00, 0x00, 0x00, 0x00, 0x00, 0x00, 0x00, 0x04,
    0xCF, 0xFF, 0x79, 0x00, 0x00, 0x00, 0x00, 0x00, 0x00, 0x00, 0x00, 0x00, 0x00, 0x75, 0xFF, 0xD7,
    0x06, 0x00, 0x00, 0x00, 0x00, 0x00, 0x00, 0x00, 0x00, 0x00, 0x21, 0xF5, 0xFF, 0x41, 0x00, 0x00,
    0x00, 0x00, 0x00, 0x00, 0x00, 0x00, 0x00, 0x00, 0xB7, 0xFF, 0xA4, 0x00, 0x00, 0x00, 0x00, 0x00,
    0x00, 0x00, 0x00, 0x00, 0x00, 0x5A, 0xFF, 0xF0, 0x17, 0x00, 0x00, 0x00, 0x00, 0x00, 0x00, 0x00,
    0x00, 0x00, 0x00, 0xE9, 0xFF, 0xE7, 0xBC, 0xBC, 0xBC, 0xBC, 0xBC, 0xBC, 0xBC, 0xBC, 0xBC, 0x00,
    0x00, 0xFF, 0xFF, 0xFF, 0xFF, 0xFF, 0xFF, 0xFF, 0xFF, 0xFF, 0xFF, 0xFF, 0xFF, 0x00, 0x00, 0x00,
    0x00, 0x00, 0x09, 0xD6, 0xAB, 0x00, 0x00, 0x00, 0x00, 0x00, 0x00, 0x00, 0x00, 0x28, 0xFF, 0xF6,
    0x00, 0x00, 0x00, 0x00, 0x00, 0x00, 0x00, 0x00, 0x04, 0xAF, 0x86, 0x00, 0x00, 0x00, 0x00, 0x00,
    0x00, 0x00, 0x00, 0x00, 0x00, 0x00, 0x00, 0x00, 0x00, 0x00, 0x00, 0x00, 0x00, 0x00, 0x00, 0x00,
    0x00, 0x00, 0x00, 0x00, 0x00, 0x00, 0xFF, 0xFF, 0xFF, 0xFF, 0xFF, 0xFF, 0xFF, 0xFF, 0xFF, 0x00,
    0x00, 0xBC, 0xBC, 0xBC, 0xBC, 0xBC, 0xBC, 0xCA, 0xFF, 0xF7, 0x00, 0x00, 0x00, 0x00, 0x00, 0x00,
    0x00, 0x00, 0xA9, 0xFF, 0x72, 0x00, 0x00, 0x00, 0x00, 0x00, 0x00, 0x00, 0x5E, 0xFF, 0xC2, 0x02,
    0x00, 0x00, 0x00, 0x00, 0x00, 0x00, 0x20, 0xF1, 0xF4, 0x23, 0x00, 0x00, 0x00, 0x00, 0x00, 0x00,
    0x02, 0xC2, 0xFF, 0x69, 0x00, 0x00, 0x00, 0x00, 0x00, 0x00, 0x00, 0x7A, 0xFF, 0xBA, 0x00, 0x00,
    0x00, 0x00, 0x00, 0x00, 0x00, 0x33, 0xFA, 0xF0, 0x1D, 0x00, 0x00, 0x00, 0x00, 0x00, 0x00, 0x09,
    0xD7, 0xFF, 0x60, 0x00, 0x00, 0x00, 0x00, 0x00, 0x00, 0x00, 0x96, 0xFF, 0xB2, 0x00, 0x00, 0x00,
    0x00, 0x00, 0x00, 0x00, 0x4A, 0xFF, 0xEC, 0x18, 0x00, 0x00, 0x00, 0x00, 0x00, 0x00, 0x00, 0xE8,
    0xFF, 0xE4, 0xBC, 0xBC, 0xBC, 0xBC, 0xBC, 0xBC, 0x00, 0x00, 0xFF, 0xFF, 0xFF, 0xFF, 0xFF, 0xFF,
    0xFF, 0xFF, 0xFF, 0x00, 0x0C, 0x4E, 0x6F, 0x74, 0x6F, 0x53, 0x61, 0x6E, 0x73, 0x50, 0x6C, 0x32,
    0x34, 0x00, 0x0C, 0x4E, 0x6F, 0x74, 0x6F, 0x53, 0x61, 0x6E, 0x73, 0x50, 0x6C, 0x32, 0x34, 0x00,
    0x01,
};

